Variant_ID,AL_1,AL_2,AL_3,AL_4,AL_5,AL_6,AL_7,AL_8,AL_9,AL_10,AL_11,AL_12,AL_13,AL_14,AL_15,AL_16,AL_17,AL_18,AL_19,AL_20,AL_21,AL_22,AL_23,AL_24,AL_25,AL_26,CAT_1,AL_27,AL_28,AL_29,AL_30,AL_31,AL_32,AL_33,AL_34,AL_35,AL_36,AL_37,AL_38,AL_39,AL_40,AL_41,AL_42,AL_43,AL_44,AL_45,AL_46,AL_47,AL_48,AL_49,AL_50,AL_51,AL_52,AL_53,AL_54,AL_55,AL_56,AL_57,AL_58,AL_59,AL_60,AL_61,AL_62,AL_63,AL_64,AL_65,AL_66,AL_67,AL_68,AL_69,AL_70,AL_71,AL_72,AL_73,AL_74,AL_75,AL_76,AL_77,AL_78,AL_79,AL_80,AL_81,AL_82,AL_83,AL_84,AL_85,AL_86,AL_87,AL_88,AL_89,AL_90,AL_91,AL_92,AL_93,AL_94,AL_95,CAT_2,AL_96,AL_97,AL_98,CAT_3,CAT_4,EK_1,EK_2,EK_3,AL_99,AL_100,AL_101,AL_102,AL_103,AL_104,AL_105,AL_106,AL_107,AL_108,AL_109,AL_110,AL_111,AL_112,AL_113,AL_114,AL_115,AL_116,AL_117,AL_118,AL_119,AL_120,AL_121,AL_122,AL_123,AL_124,AL_125,AL_126,AL_127,AL_128,AL_129,AL_130,AL_131,AL_132,AL_133,AL_134,AL_135,AL_136,AL_137,AL_138,AL_139,AL_140,AL_141,AL_142,AL_143,AL_144,AL_145,AL_146,AL_147,AL_148,AL_149,AL_150,AL_151,AL_152,AL_153,AL_154,AL_155,AL_156,AL_157,AL_158,AL_159,AL_160,AL_161,AL_162,AL_163,AL_164,AL_165,AL_166,AL_167,AL_168,AL_169,AL_170,AL_171,AL_172,AL_173,AL_174,AL_175,AL_176,AL_177,AL_178,AL_179,AL_180,AL_181,AL_182,AL_183,AL_184,CAT_5,AL_186,AL_187,AL_188,AL_189,AL_190,AL_191,AL_192,AL_193,AL_194,AL_195,AL_196,AL_197,AL_198,AL_199,AL_200,AL_201,AL_202,AL_203,AL_204,AL_205,AL_206,AL_207,AL_208,AL_209,AL_210,AL_211,AL_212,AL_213,AL_214,AL_215,AL_216,AL_217,AL_218,AL_219,AL_220,AL_221,AL_222,CAT_6,AL_223,AL_224,AL_225,AL_226,AL_227,AL_228,AL_229,AL_230,AL_231,AL_232,AL_233,AL_234,AL_235,AL_236,AL_237,AL_238,AL_239,AL_240,AL_241,AL_242,AL_243,AL_244,AL_245,AL_246,AL_247,AL_248,AL_249,AL_250,AL_251,AL_252,AL_253,AL_254,AL_255,AL_256,AL_257,AL_258,AL_259,AL_260,AL_261,AL_262,AL_263,AL_264,AL_265,AL_266,AL_267,AL_268,AL_269,AL_270,AL_271,AL_272,AL_273,AL_274,AL_275,AL_276,AL_277,AL_278,AL_279,AL_280,AL_281,AL_282,AL_283,AL_284,AL_285,AL_286,AL_287,AL_288,AL_289,AL_290,AL_291,AL_292,AL_293,AL_294,AL_295,AL_296,AL_297,AL_298,AL_299,AL_300,AL_301,AL_302,AL_303,AL_304,AL_305,AL_306,AL_307,AL_308,AL_309,AL_310,AL_311,AL_312,AL_313,AL_314,AL_315,AL_316,AL_317,AL_318,AL_319,AL_320,AL_321,AL_322,AL_323,AL_324,AL_325,AL_326,AL_327,AL_328,AL_329,AL_330,AL_331,AL_332,AL_333,AL_334,EK_4,EK_5,EK_6,EK_7,EK_8,EK_9,AA_1,AA_2,Label
VAR_001953,,,,,,,1.974600005385792e-05,0.0147383913567979,0.0003766375600092,0.0006797039266916,0.0005042755979683,0.0437348583084584,0.0377717835981875,0.0004265952264664,0.0002613350547001,0.0089007179931915,0.0001079989452356,0.0024296748659434,1.3368214527778738e-07,0.0032618092617462,0.000110577394413,1.1306630776895495e-05,2.2629982291876703e-06,1.694051732706344e-11,1.2751647245704647e-11,0.0001741526741866,gnomADe_SAS,,,,,,,,,,,,,0.0,0.0279013824788394,1.0,1.0,2.4796633940405475e-11,1.0,1.0,0.0861260948919182,1.0,0.0,1.4930563964262888e-06,1.0,1.0,0.0025404457504668,1.0,0.0,0.0005808485963314,1.0,1.0,0.0020213320927334,1.0,0.0,0.0045815040869321,1.0,1.0,0.0076597547494116,1.0,0.0,0.0049577376269653,1.0,0.689531499026542,0.0020528160673749,1.0,0.0,0.0001075618484705,1.0,0.0,0.0001405955975025,1.0,0.0,0.0002269204079331,1.0,0.0,0.0773485239879568,0.0,0.0,3.02658171863651e-18,1.0,1.0,0.0010980954260694,1.0,1.0,2.711956443517181e-05,0.0,0.0,0.0260689502586101,1.0,AllofUs_AFR,0.0,7.995122763881015e-08,0.0,C/C,C/C,5.3925777633512855,5.489862255977668,3.333875441579333,1.0,1.5116119983486944e-05,1.0,1.0,0.0019300035854394,1.0,1.0,1.7028553959841123e-10,1.0,0.0,5.90039846410006e-07,1.0,0.0,2.1249311314369977e-05,1.0,1.0,1.1762312138544036e-05,1.0,0.0,0.0009361268265293,1.0,1.0,1.8387002206950865e-05,1.0,1.0,0.0005146152402684,1.0,1.0,3.115438956493133e-06,1.0,0.0,0.0005612049554211,1.0,1.0,1.4929072665456643e-05,1.0,0.0,0.0992505614672549,1.0,0.0,0.0102936481310116,1.0,1.0,0.0001018459294066,1.0,1.0,4.837500001946271e-05,1.0,0.0,0.0119218262445339,1.0,0.0,2.8238892586783355e-10,1.0,0.0,0.077729872179926,1.0,1.0,0.0932461878112324,1.0,0.0,0.0002428938268074,1.0,0.0,0.0397060669336114,1.0,1.0,7.992205826439019e-05,1.0,0.0,2.237753009445947e-05,1.0,1.0,7.49549031563271e-08,1.0,1.0,7.923683209180049e-07,1.0,1.0,0.0368976575572211,1.0,0.0,3.588241011096356e-07,1.0,,,C/C,0.022468545319726,0.0,1.051519994430348e-05,0.0,2.410948316108051e-10,1.0,1.0,1.0,0.0962048757455781,1.0,1.0,1.0,0.0,8.63972204435489e-05,1.0,0.0022570344897182,0.0,0.0001496028134269,1.0,0.0,0.0,0.0003394976084192,1.0,1.0,1.0,3.601949258812959e-05,1.0,1.0,1.0,0.0008474945840189,1.0,0.0,0.0,2.863133395239376e-06,1.0,0.0,1.0,,0.0,7.628472001302393e-06,1.0,2.7526569704615044e-07,1.0,0.0,1.0,5.517828763985784e-05,1.0,0.0,1.0,1.0,1.797597715764055e-15,1.0,0.0,0.0,0.0006197531142213,1.0,1.0,1.0,0.0068544867047873,1.0,1.0,1.0,9.09214286053514e-06,1.0,1.0,0.0,0.0944423255258926,1.0,1.0,1.0,0.0054459600207166,1.0,1.0,0.0,1.0,0.0071331463498364,0.0,2.0065043586895057e-06,1.0,0.0,1.0,0.0244632727962441,1.0,1.0,1.0,0.0,2.494716677510421e-06,1.0,0.0,1.0,6.610068807589368e-15,1.0,0.0,1.0,0.0099481769143179,1.0,0.0,1.0,0.0002258594841595,1.0,1.0,1.0,3.17795618261302e-05,1.0,1.0,1.0,2.944641637338896e-05,1.0,0.0,1.0,0.0,1.900440033415736e-05,1.0,0.0487718092340442,1.0,0.0,0.0,4.370531761533331e-09,1.0,0.0939274608544444,0.0,2.655172744870297e-07,1.0,1.0,1.0,1.0,1.08520705142162e-09,1.0,1.0,1.0,1.306426392330118e-12,1.0,0.0,0.0,4.3122228041776e-05,1.0,0.0,0.0,0.0010012896375143,1.0,0.0,1.0,0.0001733963433651,1.0,0.0,1.0,0.0040056850612863,1.0,1.0,1.0,1.0,0.9995041205399864,1.0,8.130802049243174,0.5607474733040034,7.691975324581392,S,F,1
VAR_001833,,,,,,,,,,,,,,,,9.78718040633368e-06,2.353414476170551e-05,0.0144859786773849,0.0772934161195276,0.0065616488615671,2.9469636564341328e-24,0.0191120129890697,1.1154078292042523e-23,6.925292611512446e-07,0.0020991655427353,2.336241569315199e-05,gnomADg_AFR,,,,,,,,,,,,,0.0,0.036125906798638,0.0,1.0,0.0964684139414264,1.0,0.0,0.0999999831854202,1.0,0.0,4.5395245900828386e-12,1.0,1.0,8.997669491344266e-12,0.0,0.0,0.0225212308836114,0.0,0.0,9.338637701421043e-06,0.0,0.0,0.0364315431278001,1.0,0.0,4.810040651833983e-11,1.0,0.0,2.4349675130365886e-06,1.0,0.0,2.505408976741371e-13,1.0,1.0,0.0031514952220274,1.0,,,,,,,,,,,,,,,,,,,,,,,,,,T/T,T/T,5.4281428076136935,2.6808858868728733,2.285866249297512,,,,,,,,,,,,,,,,,,,,,,,,,,,,,,,,,,,,,,,,,,,,,,,,,,,,,,,,,,,,,,,,,,,,,,,,,,,,,,,,,,,,,,,T/T,1.224772687755748e-05,,,,,,,,,,,,,,,,,,,,,,,,,,,,,,,,,,,,,,,,,,,,,,,,,,,,,,,,,,,,,,,,,,,,,,,,,,,,,,,,,,,,,,,,,,,,,,,,,,,,,,,,,,,,,,0.0,2.0887498462825657e-06,0.0,0.0974781528186497,1.0,1.0,1.0,2.2336536269922543e-14,1.0,0.0952572813250513,1.0,0.0848498746703579,1.0,0.0,1.0,1.0,0.0179129564319525,1.0,0.0,1.0,4.317849509005505e-11,1.0,0.0,1.0,1.4245988872004913e-05,1.0,0.0,1.0,5.33520499592693e-07,1.0,1.0,0.0,0.0339237417010893,1.0,1.0,1.0,2.2327747118045598e-07,1.0,1.0,1.0,0.996835921481666,0.9775898724853784,0.032241620223256,1.4862571957121111,0.6612184473394672,-1.186301333460351,N,K,0
VAR_001882,,,,,,,0.000154666051702,2.217016209215249e-13,4.349896010875064e-11,4.72233688320687e-09,3.354931614283988e-07,4.84441994860932e-06,7.315528642655137e-05,0.000965572395206,8.84564633731511e-05,2.492186221535276e-05,0.0632359952673812,5.5617709015755975e-11,0.0003580310397022,3.566739624770573e-06,2.566604368610704e-07,0.0003777589590228,0.000488144689959,0.0005231202593013,0.0001085294187127,0.0002167399557187,gnomADe_REMAINING,,,,,,,,,,,,,0.0,0.0987421319358395,1.0,0.0,0.0001106782087914,1.0,0.0,5.696599597251694e-07,1.0,1.0,0.0058409830625467,1.0,0.0,1.1478422509167827e-05,1.0,1.0,0.0002281558642965,1.0,1.0,0.0157291713620987,1.0,0.0,0.0001724503449317,1.0,1.0,0.000988477303125,1.0,0.0,0.0007674020300804,1.0,1.0,0.0049509584243631,1.0,0.0,0.0080319426225616,1.0,0.0,0.0014041718589225,1.0,0.0,2.028022271338909e-05,1.0,0.0,0.0085852408838351,1.0,1.0,2.435733286741746e-07,1.0,1.0,0.000271247178199,1.0,0.0,1.1649535312523717e-19,1.0,1.0,0.0001171494210616,1.0,AllofUs_EUR,1.0,3.379832729657744e-07,1.0,G/G,G/G,5.250459500776718,5.3933906526149125,,0.0,1.7446131047915838e-05,1.0,1.0,0.0021950418569855,1.0,0.0,0.0049026695825136,1.0,0.0,8.953764458831639e-05,1.0,0.0,0.0014078270094904,1.0,1.0,0.0001583615741638,1.0,1.0,0.001149953180576,1.0,0.0,0.0012422986626524,1.0,0.0,0.0992719021134908,1.0,0.0,4.264664344098738e-11,1.0,0.9792908640273006,4.086820291204904e-05,1.0,0.0,0.0014773382483622,1.0,1.0,0.0002382337992209,1.0,0.0,0.0025372297963505,1.0,0.0,9.418507821708368e-05,1.0,0.0,0.0002603423781474,1.0,1.0,3.3115901886540145e-05,1.0,0.0,2.53377193483156e-06,1.0,0.0,0.006448485302525,1.0,0.0,0.0121898310197283,1.0,0.0,0.0001379718220883,1.0,1.0,1.5913723365055248e-05,1.0,0.0,0.0017148767448455,1.0,0.0,2.344436037433885e-05,1.0,0.0,1.4327372002585476e-05,1.0,1.0,2.2752000052174023e-05,1.0,1.0,1.4815470181258691e-05,1.0,1.0,0.0008481031843585,1.0,0.0,0.0008770784266962,G/G,0.0002605074191532,0.0,0.0016417451879983,1.0,0.0998075274430573,1.0,0.0,1.0,2.985566662240423e-05,1.0,1.0,1.0,1.0,0.000364092560461,1.0,0.0999703396069035,0.0,0.0073220046882164,1.0,1.0,0.0,3.4945128034859264e-06,1.0,0.0,0.0,9.745372785393166e-05,1.0,0.0,0.0,8.429340222211186e-05,1.0,1.0,1.0,0.000246929383606,1.0,1.0,1.0,,0.0,2.5189998954539388e-05,0.0,0.0017248913936433,1.0,0.0,1.0,0.0001198708887574,1.0,1.0,1.0,1.0,0.0005669532608777,1.0,0.0,0.0,0.0018941751750152,1.0,1.0,1.0,0.0142529006477867,1.0,0.0,1.0,0.0026191400710271,1.0,0.0,0.0,0.0604342305583517,1.0,0.0,1.0,0.0804771411841921,1.0,1.0,1.0,0.0,2.601207000073812e-05,0.0,2.0034024361376315e-14,1.0,0.0,0.0,0.0177630172362953,1.0,1.0,1.0,0.0,0.0025429543950556,1.0,0.0,0.0,0.0001796572325693,1.0,0.0,0.0,2.393376581042327e-06,1.0,1.0,1.0,6.042429003909696e-05,1.0,1.0,1.0,7.111351868214298e-05,1.0,1.0,1.0,0.001237845920495,1.0,1.0,0.0,0.0,5.908320460119049e-05,1.0,0.0999222366531106,1.0,0.0,0.0,0.000186186669111,1.0,2.3726724299867705e-08,0.0,0.0055072949107624,1.0,1.0,1.0,0.0,1.6941393713866416e-05,1.0,1.0,1.0,0.0045984469573095,1.0,1.0,1.0,0.0042553134944541,1.0,0.0,0.0,0.0284032845574645,1.0,1.0,1.0,0.0001075308194998,1.0,1.0,1.0,6.4055095242226915e-15,1.0,0.0,1.0,0.9877651860911654,0.9815530541058104,1.0,8.853123499037247,0.618968986166559,11.896,R,T,1
VAR_001795,,,,,,,8.361125411532223e-05,0.018370822403286,2.408160364989321e-05,0.0005641155326813,4.635943762366727e-08,0.0017594188911795,0.0058946313523692,0.0003421706366136,0.0009126401588467,,,,,,,,,,,4.096464970141813e-05,gnomADe_AMR,,,,,,,,,,,,,0.0,2.1346477639280964e-11,1.0,1.0,5.024158965627186e-05,1.0,0.0,0.001302233893689,1.0,0.0,8.675367004270581e-07,1.0,1.0,0.089190811557562,0.0,1.0,5.768735892585979e-05,0.0,0.0,2.2346064338941107e-06,1.0,1.0,0.0483644417691685,1.0,0.0,0.0059898874381591,1.0,0.0,9.300916395497447e-09,0.0,1.0,3.5987677282547455e-05,1.0,1.0,2.0149366637759725e-07,1.0,1.0,0.0450421389729538,0.0,1.0,3.3223215099868246e-05,1.0,0.0,0.0046459232002523,1.0,1.0,0.0015874131864902,1.0,1.0,0.0003458445657947,1.0,0.0,0.0491609644122985,1.0,0.0,0.0002928677602641,1.0,AllofUs_EUR,1.0,0.0025213694865045,0.0,T/T,T/T,5.751470229159106,5.745409811270302,3.996147446446512,1.0,0.0003243745387196,1.0,0.0,0.0001271520205357,1.0,0.0,1.4689663981695687e-06,1.0,0.0,0.0002377092048036,1.0,0.0,8.248662695759083e-07,1.0,1.0,0.0054332246711423,1.0,0.0,0.0020555844450263,1.0,1.0,9.509174302285756e-07,1.0,0.0,0.0972188463805079,1.0,1.0,0.0488904745780173,1.0,0.0,4.718689154513968e-06,1.0,0.0,5.653226355415983e-05,1.0,1.0,0.0941858919818897,1.0,1.0,0.001689418069878,1.0,1.0,5.312077960325075e-07,1.0,0.0,0.0434508839246479,1.0,1.0,2.1546049974723288e-06,1.0,0.0,3.737348977144284e-06,1.0,0.0,0.0823447799324618,1.0,1.0,0.0003733956494185,1.0,1.0,4.457491313224515e-06,1.0,0.0,0.007941279449437,1.0,1.0,8.296671727591627e-06,1.0,0.0,9.623334813511762e-05,1.0,0.0,0.0005536492522544,1.0,0.0,0.0935961164664893,1.0,1.0,0.0293310885358965,1.0,0.0,6.783718834952023e-07,1.0,,,T/T,5.5383768921693456e-05,0.0,1.0120645565989129e-05,0.0,0.0999997708395296,1.0,0.0,0.0,0.0208790695796396,1.0,0.0,1.0,0.0,2.7004599682216324e-06,1.0,5.354079785831176e-06,0.0,0.0181027071032752,1.0,1.0,0.0,0.0686286263529485,1.0,1.0,1.0,2.3441742456575854e-12,1.0,1.0,1.0,0.0002081308556326,1.0,1.0,1.0,3.03633076960291e-08,1.0,0.0,0.0,,1.0,0.004831226302367,0.0,0.0008205605029941,1.0,0.0,0.0,0.0211494217090181,1.0,0.0,1.0,1.0,1.371237540406725e-17,1.0,1.0,1.0,1.1109904829825925e-07,1.0,1.0,0.0,3.5766824749301434e-18,1.0,0.0,1.0,0.0003961247692833,1.0,1.0,0.0,2.63589300684446e-05,1.0,0.0,0.0,0.0349522812263316,1.0,1.0,0.0,1.0,0.0018745910238588,0.0,0.0908031644381166,1.0,1.0,1.0,0.084674700626291,1.0,1.0,1.0,0.0,5.308607574498794e-12,1.0,1.0,0.0,0.0004461326167679,1.0,1.0,0.0,0.0002191735411488,1.0,1.0,1.0,0.000424755726389,1.0,0.0,0.0,2.9684042052678708e-05,1.0,0.0,1.0,4.7846583443346125e-08,1.0,1.0,0.0,0.0,5.577594419680012e-07,0.0,0.0066726097863493,1.0,0.0,0.0,0.0371335932605568,1.0,4.91260296202912e-07,0.0,0.0079471913872135,1.0,1.0,1.0,0.0,2.912162902965345e-21,1.0,0.0,0.0,9.286934455290455e-12,1.0,1.0,1.0,0.0049136544038984,1.0,1.0,1.0,6.647597476175693e-08,1.0,0.0,1.0,0.0329469056266295,1.0,1.0,1.0,0.0004134283953148,1.0,1.0,0.0,1.0,0.9779111654490372,1.0,4.898477012280497,0.6540435872375893,8.52778020105528,L,R,1
VAR_001916,,,,,,,0.0824200515993662,0.0997459937317753,6.142335454133921e-05,2.520954264548008e-07,7.91764199574764e-05,3.5186485904050223e-06,1.6191011318482265e-06,7.292580937631528e-07,4.478831162843113e-09,,,,,,,,,,,1.6191720861340451e-06,gnomADe_NFE,,,,,,,,,,,,,0.0,1.8864953884881712e-06,1.0,0.0,0.0999999965954273,1.0,0.0,0.0327167341387437,1.0,1.0,0.0024116627238525,1.0,1.0,6.659314444500265e-05,1.0,1.0,0.0001678878144594,1.0,0.0,0.0002243222265923,1.0,1.0,3.3865509805205845e-05,1.0,1.0,0.00163485099049,1.0,1.0,0.0016241389397843,1.0,0.0,4.247424873173994e-14,1.0,1.0,0.007571173960783,1.0,,,,,,,,,,,,,,,,,,,,,,,,,,T/T,T/T,5.793792070897823,5.505504858919088,3.227358933124705,0.0,0.099997695908063,1.0,1.0,2.842363624936805e-05,1.0,1.0,1.4649825430170624e-10,1.0,1.0,1.908359294474743e-05,1.0,1.0,0.0005726101288874,1.0,1.0,0.0317033772002363,1.0,1.0,5.365788490935705e-07,1.0,0.0,0.0036118229690921,1.0,0.0,0.0005932275786466,1.0,0.0,1.6336895103878005e-07,1.0,1.0,3.2677965882020387e-06,1.0,0.0,0.005246327588362,1.0,1.0,2.7191879457503137e-16,1.0,0.0,0.0025697129702394,1.0,0.0,0.0002673388221629,1.0,0.0,6.180351995613296e-06,1.0,1.0,3.577602289631601e-05,1.0,0.0,1.2456269429070614e-05,1.0,1.0,3.922471478575693e-05,1.0,0.0,0.0997136565245698,1.0,1.0,0.0772700202650366,1.0,0.0,0.0002060515360369,1.0,1.0,1.2540012841557766e-25,1.0,0.0,0.0001618187689965,1.0,0.0,0.0457963792460058,1.0,1.0,1.2521763627040356e-13,1.0,1.0,4.085258190858667e-07,1.0,0.0,1.228810301988423e-12,1.0,,,T/T,0.0395948874180531,,,,,,,,,,,,,,,,,,,,,,,,,,,,,,,,,,,,,,,,,,,,,,,,,,,,,,,,,,,,,,,,,,,,,,,,,,,,,,,,,,,,,,,,,,,,,,,,,,,,,,,,,,,,,,1.0,0.0222464242265317,0.0,5.001036253096177e-12,1.0,1.0,1.0,0.0061000648437721,1.0,2.1348559459586405e-05,0.0,1.6113515236728475e-09,1.0,1.0,1.0,1.0,0.0001071391469748,1.0,1.0,0.0,0.0004090912958829,1.0,1.0,1.0,0.0005100148996087,1.0,1.0,0.0,0.0002801047283204,1.0,1.0,1.0,0.0002551677332912,1.0,1.0,1.0,2.695741216850982e-24,1.0,0.0,1.0,1.0,1.0,1.0,7.851436020711156,0.626695436130624,5.989836725198156,L,P,1
VAR_001771,,,,,,,0.0638799080252965,1.0006083969508943e-07,0.0020196150394151,7.015475445718816e-05,4.1290264834340096e-14,1.0266191142927107e-10,5.801214810422646e-05,2.8491538589181167e-06,1.935392861652636e-05,,,,,,,,,,,0.0427140208168427,gnomADe_NFE,,,,,,,,,,,,,0.0,0.0635792937906474,1.0,0.0,5.7290913399875e-07,1.0,1.0,0.0994018562342813,1.0,1.0,2.974924327647541e-07,1.0,1.0,0.0001057323657326,1.0,1.0,0.0022569228588931,1.0,0.0,5.400863999736178e-09,1.0,1.0,1.0317089693006436e-05,1.0,1.0,2.963885058402361e-05,1.0,1.0,2.301930171753558e-08,1.0,0.0,2.263638743244914e-15,1.0,0.0,0.0001681906245582,1.0,1.0,0.0044294818574582,1.0,1.0,0.0708274564421019,1.0,1.0,2.6761281361750915e-06,1.0,0.0,0.0006047858121315,1.0,0.0,0.0641669762536696,0.0,0.0,1.4653474544739072e-10,1.0,0.0,0.0744537174159339,1.0,AllofUs_AFR,0.0,0.0190939409568601,0.0,A/A,A/A,4.18,3.966875673549149,,1.0,6.446647576032589e-07,1.0,0.0,1.380377122947289e-06,1.0,1.0,9.769687087469411e-10,1.0,0.0,1.0539001592280221e-08,1.0,1.0,0.0031603799143626,1.0,0.0,6.544800070339781e-06,1.0,0.0,0.0026249911255626,1.0,1.0,5.211279800580787e-06,1.0,0.0,0.0009406975838904,1.0,0.0,1.7117908351778917e-11,1.0,0.8894388664100548,9.006250463049144e-05,1.0,1.0,0.0011078732885857,1.0,1.0,0.0865076177371511,1.0,1.0,0.0951595975163059,1.0,0.0,0.000317769826367,1.0,1.0,0.0008817054357381,1.0,0.0,1.0575431775517985e-05,1.0,0.4965685658666589,2.1429164381749817e-05,1.0,0.0,2.4072083756248918e-08,1.0,0.0,4.2922376229643306e-06,1.0,0.0,2.176479454090029e-05,1.0,0.0,1.7176421864510779e-09,1.0,0.0,7.627411127375397e-05,1.0,1.0,0.0021460402774545,1.0,0.0,2.551520967540872e-06,1.0,0.0,9.604836295851564e-08,1.0,1.0,0.0007472784619052,1.0,0.0,0.0938734661295462,1.0,0.0,0.0024992351872244,A/A,0.0257622485559935,0.0,0.0158202601015013,0.0,0.0999510979526082,1.0,1.0,0.0,1.0634039196056709e-13,1.0,1.0,1.0,1.0,5.204836355442125e-10,1.0,0.099895531427233,0.0,0.0001551248376491,1.0,0.0,0.0,0.0082720196529592,1.0,0.0,1.0,8.42499e-05,1.0,0.0,0.0,0.0042588740917285,1.0,1.0,1.0,0.0011614090549259,1.0,0.0,0.0,,0.0,0.0023133100494943,1.0,0.001352171920153,1.0,1.0,0.0,0.0445643239149255,1.0,0.0,1.0,1.0,5.4940239232941346e-11,1.0,0.0,0.0,1.2707007755619709e-21,1.0,0.0,1.0,3.668840627204684e-12,1.0,1.0,1.0,4.384939302222394e-05,1.0,1.0,1.0,0.0481800024691558,1.0,1.0,1.0,5.19777502254655e-08,1.0,1.0,0.0,1.0,0.006602047756072,1.0,1.7488470045344178e-11,1.0,0.0,0.0,4.70475607702408e-05,1.0,1.0,1.0,0.0,3.609216413838272e-07,1.0,1.0,1.0,0.0001960968679827,1.0,0.0,1.0,0.006436920011026,1.0,1.0,0.0,6.441287965212354e-05,1.0,1.0,0.0,5.031610146601817e-05,1.0,1.0,1.0,0.0086761816081231,1.0,0.0,1.0,0.0,0.0281897941702808,1.0,0.0003464848721334,1.0,0.0,1.0,0.047887293966982,1.0,1.2348952328678388e-05,0.0,7.909318129284492e-07,1.0,0.0,1.0,0.0,0.0001032352678252,1.0,1.0,0.0,0.0223574689436455,1.0,0.0,0.0,0.0140305248121412,1.0,1.0,1.0,0.0309744785881044,1.0,0.0,0.0,4.576644201197225e-06,1.0,0.0,0.0,2.3782986678118927e-12,1.0,1.0,1.0,0.9696340069094634,0.9680967022446272,1.0,4.80938711727919,0.7099800099797887,11.351669966972484,M,V,1
VAR_001846,0.0014791548189868,0.0057050162446079,0.001260000117421,8.645747465450408e-07,0.001800000160367,3.153802671728626e-10,0.0012066386341989,0.0999335418925073,0.0489114803612696,0.0006280134189761,4.336475819448724e-15,1.6867805449188265e-05,0.0001352156571564,0.0065633635331747,2.6270845344129485e-05,0.0002389509676258,0.0981817478294395,0.0002205977968306,0.0007060500000097,0.0005268885922411,4.849853860254369e-06,2.4550242541521303e-14,0.0001974822246765,0.0004327201283809,2.794665495463479e-05,0.0021843490967662,gnomADe_MID,1.0,0.0032310266065212,0.0,0.1019670000330622,0.0,0.0012970923812535,0.0,0.0234788568585276,0.0,0.003314838688613,0.0,1.6473716050137233e-29,0.0,0.0002748059348915,1.0,0.0,0.0905762701690173,1.0,1.0,0.0851507086705896,1.0,0.0,1.5933698144493603e-06,0.0,0.0,0.0035210427032483,1.0,1.0,0.0036809958568221,1.0,1.0,0.0036025449307149,1.0,0.0,1.612677648539231e-08,1.0,1.0,0.00051049348296,1.0,1.0,0.0821864110920824,0.0,1.0,5.89962478089748e-05,1.0,0.0,0.0017147770483736,1.0,0.0,0.0009421674263625,1.0,0.0,0.0004803187698089,1.0,1.0,0.0021726875303894,1.0,1.0,0.0043267134525884,0.0,0.0,0.0001541896732839,1.0,1.0,0.0637571183264364,1.0,0.0,0.0022905038806627,1.0,AllofUs_MID,0.0,0.0201598588819631,1.0,C/C,C/C,5.297747129986632,5.173426044886852,3.5733716026282574,0.0,0.0002562301145379,1.0,0.0,0.000170285316687,1.0,0.0,0.0363607361154175,1.0,0.0,0.0029608771627004,1.0,1.0,0.0024892097077507,1.0,0.0,0.035442910429842,1.0,0.0,0.0006245379733718,1.0,1.0,0.000155025405769,1.0,0.0,0.0002490948876422,1.0,1.0,0.0600127336271182,1.0,1.0,0.001194645603599,1.0,0.0,0.0001295100163265,1.0,0.0,0.1000806306589443,1.0,0.0,0.00036108,1.0,1.0,0.0030591306782755,1.0,0.0,0.0005434143402425,1.0,1.0,0.0002654100000025,1.0,1.0,0.0332635370999745,1.0,1.0,0.0003662462102943,1.0,1.0,0.1001618390617605,1.0,1.0,0.0007750163396782,1.0,0.0,0.0001020973934754,1.0,1.0,0.0001195023839481,1.0,1.0,0.0006620055682403,1.0,0.0,0.0069603732130505,1.0,0.0,0.0899817791328525,1.0,1.0,0.0127196578503501,1.0,1.0,0.0004629663774988,1.0,1.0,0.0681980171683947,C/C,0.0428542685607109,0.0,0.0001738107651804,0.0,0.000702294653429,1.0,0.0,0.0,0.0003682917,1.0,1.0,1.0,0.0,0.0144914258341314,1.0,0.0999998609401047,0.0,6.16847704715927e-05,1.0,1.0,1.0,9.074117933201322e-05,1.0,0.0,0.0,0.000191107400153,1.0,1.0,1.0,0.0005025696119741,1.0,0.0,1.0,0.0144540582134501,1.0,0.0,1.0,,1.0,0.0040047321400456,0.0,0.0003057579024957,1.0,1.0,1.0,0.000289187400013,1.0,0.0,1.0,1.0,0.0006592140380103,1.0,1.0,0.0,0.0076472273080828,1.0,0.0,0.0,0.0004450252401512,1.0,0.0,1.0,0.0001931598001523,1.0,0.0,1.0,0.0003019725000013,1.0,1.0,0.0,0.0274199320432815,1.0,0.0,1.0,0.0,0.0771762517396849,0.0,0.0002774691032469,1.0,0.0,0.0,0.0011542481790165,1.0,1.0,1.0,1.0,0.0005800520477217,1.0,0.0,0.0,1.4475790546767208e-08,1.0,0.0,1.0,4.202715742298956e-05,1.0,1.0,0.0,0.0017954393130951,1.0,0.0,0.0,0.0017374155326005,1.0,0.0,1.0,3.4496338432435395e-08,1.0,0.0,0.0,1.0,0.0020353573769953,1.0,0.0465260075781121,1.0,0.0,1.0,6.118327962897651e-07,1.0,1.5576461484566668e-06,1.0,0.0004648761007108,1.0,0.0,1.0,0.0,0.0005697645694897,1.0,0.0,0.0,2.8777231990869334e-08,1.0,1.0,0.0,0.0003926705002594,1.0,0.0,0.0,0.0008464587690227,1.0,0.0,0.0,0.002078523,0.0,0.0,1.0,1.054546980780435e-09,1.0,0.0,1.0,1.0,1.0,1.0,7.310407046990394,0.6412001689578729,7.408556878147454,T,S,0
VAR_001790,,,,,,,9.966354212620909e-08,0.0031649591570443,2.0668191899560678e-08,0.0017438053567044,1.436859597826977e-07,0.0006016307545356,0.0017590341167238,0.0106036065873984,2.402162433597785e-07,,,,,,,,,,,2.0824131968044364e-05,gnomADe_AFR&gnomADe_AMR&gnomADe_ASJ&gnomADe_EAS&gnomADe_FIN&gnomADe_MID&gnomADe_NFE&gnomADe_REMAINING&gnomADe_SAS,,,,,,,,,,,,,0.0,1.3383833465161586e-07,1.0,0.0,0.0218796352681369,1.0,0.0,0.0994699844866586,1.0,0.0,1.0055114833763274e-06,1.0,1.0,0.0050231704549809,1.0,0.0,0.0001742130441724,1.0,1.0,0.0566814070609466,1.0,1.0,0.0013970310072371,1.0,0.0,0.0586336197835526,1.0,1.0,1.4685954366192811e-05,1.0,0.0,0.0091747179724196,1.0,0.0,2.4718049443658397e-08,1.0,,,,,,,,,,,,,,,,,,,,,,,,,,G/G,G/G,5.6979913406855385,5.628875126057854,,,,,,,,,,,,,,,,,,,,,,,,,,,,,,,,,,,,,,,,,,,,,,,,,,,,,,,,,,,,,,,,,,,,,,,,,,,,,,,,,,,,,,,,G/G,0.0009038834748841,0.0,8.250595616365696e-06,1.0,0.0132162075478054,1.0,1.0,0.0,1.0825666703544179e-07,1.0,1.0,1.0,1.0,0.0038398728368544,1.0,0.0026829261032737,0.0,9.962128380146432e-05,1.0,0.0,0.0,0.010583047241037,1.0,0.0,0.0,5.108498460298943e-05,1.0,1.0,1.0,0.0001034252002943,1.0,0.0,1.0,0.0013491267818096,1.0,0.0,1.0,,1.0,3.813556939955097e-06,1.0,3.899974346585578e-07,1.0,1.0,1.0,0.0010480379445236,1.0,0.0,1.0,0.0,6.721092807222793e-12,1.0,0.0,1.0,0.0020079000908095,1.0,0.0,1.0,0.006063935948209,1.0,0.0,0.0,0.0003998942995411,1.0,0.0,0.0,5.481905994379059e-05,1.0,0.0,0.0,0.0029308933579791,1.0,0.0,1.0,0.0,0.0006309802994744,1.0,5.752756722773187e-06,1.0,1.0,1.0,5.769792769193731e-06,1.0,1.0,1.0,0.9400810578009716,3.183436399545555e-05,1.0,1.0,1.0,1.9638538294544803e-06,1.0,0.0,1.0,4.348301719963216e-05,1.0,1.0,1.0,0.0001952417475528,1.0,1.0,,,,,1.0,1.755439087006998e-05,1.0,0.0,1.0,,,,,,,,,,,,,,,,,,,,,,,,,,,,,,,,,,,,,,,,,1.0,1.0,1.0,7.68774903650526,0.620037654793701,11.592315517887066,G,R,1
VAR_001893,0.0195991976206756,0.0307430206553437,0.0382032097306284,0.0009001479925151,0.0001553518733086,0.0822003090965065,6.368677967135684e-05,0.0749841091428767,0.0016880345931127,0.0002404395505407,0.001531493321035,2.390178241034768e-07,0.0008172114276885,1.2241291402395234e-10,0.0209313834970437,0.0011070770485693,2.175281132383478e-09,1.474393127829118e-05,4.2511581794316034e-07,1.42362912438218e-16,0.0001736100006226,6.435065640574829e-08,1.3230177220715884e-05,1.9861764645869193e-31,1.5078918739320005e-15,0.0009087559783753,EAS,0.0,0.0327161457456601,0.0,9.091519722450476e-09,0.8251784684306782,0.0002773217224919,0.0,0.0008928753475911,1.0,2.2588795255313253e-05,0.0,0.0008204208147945,1.0,2.7526622868585887e-06,1.0,0.0,1.993304070037552e-06,1.0,1.0,5.332318309797252e-06,1.0,1.0,7.67725757529574e-06,1.0,0.0,2.5862458306246925e-11,0.0,0.0,0.0048237188047507,1.0,0.0,0.0006368308832359,1.0,0.0,0.0481460587655843,1.0,0.0,0.0058088860504607,1.0,1.0,1.6408686493960462e-08,0.0,0.0,4.870011474093729e-19,1.0,0.0,0.0319888140979543,1.0,0.0,0.0748711973914564,0.0,1.0,0.0001170828784085,1.0,0.0,2.2071892460065832e-08,0.0,0.0,0.0013218668046257,0.0,0.0,1.0513003501626583e-05,1.0,1.0,1.866391076943697e-08,0.0,1.0,0.0002428256649033,1.0,AllofUs_EUR,0.0,0.0224546839514863,0.0,G/G,G/G,5.503799456810996,5.44064570104116,,0.0,8.392923598212151e-05,1.0,0.0,0.0013586390038364,1.0,0.3366398111166356,3.43296635369604e-13,1.0,1.0,0.0217135703938097,1.0,0.0,6.363900000785182e-07,1.0,1.0,0.0586736710501694,1.0,0.0,0.0002375423641978,1.0,0.0,2.178685629846223e-06,1.0,1.0,0.0650994413635614,1.0,0.0,0.0115084431374843,1.0,0.0,0.0004696814021986,1.0,1.0,0.0006894195289969,1.0,0.0,0.0996475956066094,1.0,0.0,0.0017803169335626,1.0,0.0,1.2123e-05,1.0,1.0,0.0006087780084557,1.0,1.0,4.582934856115072e-05,1.0,1.0,2.754788475647627e-05,1.0,0.0,0.0594168101224337,1.0,0.0,0.0004125262528007,1.0,1.0,1.4577909972621182e-20,1.0,0.0,0.0001932835050178,1.0,1.0,1.0584995548874964e-05,1.0,0.0,0.0302683337602309,1.0,1.0,1.9487107588814745e-06,1.0,1.0,0.0160713807337657,1.0,0.0,0.0004136027162774,1.0,1.0,0.0026353870541263,1.0,,,G/G,0.000908119142725,,,,,,,,,,,,,,,,,,,,,,,,,,,,,,,,,,,,,,,,,,,,,,,,,,,,,,,,,,,,,,,,,,,,,,,,,,,,,,,,,,,,,,,,,,,,,,,,,,,,,,,,,,,,,,1.0,3.3897410696044225e-06,0.0,0.0096841025650189,1.0,1.0,0.9848475303264864,6.106969099124015e-08,1.0,0.0996841612503604,0.0,0.0030024035932883,1.0,0.0,1.0,0.0,0.0114083432228906,1.0,1.0,1.0,2.0105512108464407e-05,1.0,1.0,0.0,6.996803936002274e-06,1.0,0.0,1.0,0.0167784929552175,1.0,0.0,1.0,2.0384446349847555e-05,1.0,1.0,1.0,0.0184280023368,1.0,1.0,1.0,0.9864819925668764,0.9777296375894204,1.0,7.066105516321962,0.6569601347584942,11.78053973521722,A,T,1
VAR_001847,,,,,,,3.920209397828028e-05,0.099289544203624,4.894402091811488e-05,0.0490585224879762,1.997902875071508e-06,0.0012535201296308,0.0060865125269944,2.59446222664835e-10,4.3462460636987895e-05,,,,,,,,,,,0.0215047812677482,gnomADe_SAS,,,,,,,,,,,,,0.0,8.419677267449308e-05,1.0,0.0,0.0081650904599602,1.0,0.0,0.0994968871867386,1.0,1.0,6.55550033825497e-05,1.0,0.0,0.0008340945115416,0.0,0.0,2.048658888483639e-07,1.0,0.0,0.074245583717196,1.0,0.0,0.0005487804878088,1.0,1.0,0.0060374069506303,1.0,1.0,0.01388285457431,1.0,1.0,3.3882688577336135e-18,1.0,0.0,6.997628581951862e-05,1.0,1.0,0.0176558472062565,1.0,0.0,2.75040293089521e-05,1.0,0.0,0.0001125900126286,1.0,1.0,0.0002490413447926,0.0,0.0,0.0009322352674604,1.0,0.0,7.213281758795563e-10,0.0,0.0,0.0001169167965565,1.0,AllofUs_AMR,0.0,5.786120047926449e-08,1.0,G/G,G/G,5.245231606968561,4.944253663222015,3.630026883142905,1.0,0.1000085848396706,1.0,1.0,0.0090184374861933,1.0,1.0,3.7286222414302142e-06,1.0,0.0,0.0009712786787243,1.0,1.0,0.0391784611148937,1.0,0.0,6.129900172397532e-06,1.0,1.0,0.000769390970675,1.0,1.0,1.148401295922108e-05,1.0,1.0,5.59910062216575e-06,1.0,0.0,1.0206000000000004e-05,1.0,1.0,2.934198980991036e-05,1.0,0.0,1.4355000000000746e-05,1.0,1.0,0.0999932222926708,1.0,0.0,0.0709705423246297,1.0,1.0,6.035336513529948e-05,1.0,1.0,0.0013372804657596,1.0,0.0,5.22129461227944e-06,1.0,1.0,1.3256512184336291e-14,1.0,0.0,0.0527071875923175,1.0,0.0,0.0001439659404299,1.0,0.0,8.848523388506787e-07,1.0,0.0,3.25188747427056e-05,1.0,1.0,6.324610661230096e-05,1.0,0.0,0.0405182645880671,1.0,0.0,0.0009583684415091,1.0,0.0,2.854936924389061e-06,1.0,1.0,8.968022506285402e-05,1.0,1.0,0.0999110325986502,1.0,1.0,0.0040765799299017,G/G,0.0005488201716245,1.0,4.116649568074551e-05,0.0,0.0998145145440721,1.0,0.0,1.0,5.261356910228375e-05,1.0,1.0,1.0,0.0,0.0005811457157555,1.0,0.0001765396204109,1.0,1.1816041795851262e-13,1.0,0.4637773935989429,0.0,0.0006757426213817,1.0,0.0,1.0,3.875666361592575e-13,1.0,1.0,1.0,0.0002331390401251,1.0,0.0,0.0,0.0004643396864912,1.0,1.0,1.0,,0.0,2.2825525358454967e-05,1.0,1.1779287775564272e-11,1.0,1.0,1.0,0.0032906148316505,1.0,0.0,1.0,1.0,0.0011305412319947,1.0,1.0,0.0,7.22406830233851e-06,1.0,1.0,1.0,6.72791712366411e-06,1.0,0.0,0.0,8.782200000000002e-06,1.0,1.0,1.0,0.0353892691469186,1.0,1.0,0.0,0.0001201100763058,1.0,1.0,1.0,0.0,2.595567628445373e-05,0.0,6.37359469345531e-05,1.0,1.0,1.0,0.0382368711271713,1.0,1.0,1.0,1.0,3.208184406932822e-09,1.0,1.0,1.0,8.53200903830822e-05,1.0,0.0,0.0,0.0120984316228998,1.0,0.0,0.0,1.1444903616382394e-05,1.0,0.0,0.0,0.000117647100001,1.0,1.0,1.0,0.0254006057237885,1.0,1.0,1.0,1.0,1.4500594059417693e-05,1.0,1.673278346939402e-05,1.0,1.0,0.0,6.288308632117885e-12,1.0,0.0012738706867698,1.0,0.0001808462517397,1.0,1.0,1.0,1.0,1.3537720485490946e-13,1.0,1.0,0.0,1.7041521706006635e-09,1.0,0.0,1.0,1.9016714909845649e-07,1.0,1.0,0.0,1.5255853671883715e-05,1.0,1.0,0.0,3.989890265905479e-05,1.0,0.0,0.0,0.0635875439835979,1.0,1.0,0.0,0.9902747632200162,1.0,0.9892779507211116,9.16361409089094,0.6684814287978534,11.407888720462408,R,Q,1
VAR_001930,,,,,,,0.0054091702311942,0.0908789976182191,0.0034882934170297,1.3013911995609334e-05,1.2673278155478301e-12,0.0059855717840012,4.044683665188263e-06,1.6281352338718652e-07,5.761859870969108e-06,,,,,,,,,,,0.0555744871006694,gnomADe_NFE,,,,,,,,,,,,,,,,,,,,,,,,,,,,,,,,,,,,,,,,,,,,,,,,,0.0,0.0933782687335237,1.0,0.0,0.0001223936186986,1.0,1.0,0.0468604346247653,0.0,0.0,1.54495159420741e-12,0.0,1.0,1.8598226764564493e-05,1.0,1.0,0.0235283258417286,0.0,0.0,2.138663343164645e-05,1.0,AllofUs_EUR,0.0,0.0194451266623309,1.0,C/C,C/C,5.993025958913307,6.114595051900349,3.6674397272365975,,,,,,,,,,,,,,,,,,,,,,,,,,,,,,,,,,,,,,,,,,,,,,,,,,,,,,,,,,,,,,,,,,,,,,,,,,,,,,,,,,,,,,,C/C,1.850455995338758e-05,1.0,0.0043415795406065,1.0,0.0084193275959204,1.0,1.0,0.0,7.516631657146463e-12,1.0,1.0,1.0,1.0,0.0129673703386314,1.0,1.0261252443579403e-07,1.0,2.30774608079968e-06,1.0,1.0,1.0,0.0045361280190409,1.0,1.0,1.0,0.0001203919757462,1.0,1.0,,,,,0.0,2.765515839656696e-06,1.0,1.0,0.0,,1.0,8.07337893383353e-13,0.0,0.0115973205392381,1.0,1.0,1.0,8.211536481497473e-05,1.0,0.0,1.0,0.0,0.0009783705658153,1.0,0.0,0.0,0.0021261164477071,1.0,0.0,1.0,1.9605313652528828e-08,1.0,0.0,1.0,1.039868076486574e-08,1.0,0.0,,,,,1.0,6.006151913428774e-06,1.0,0.0,1.0,1.0,6.785150801186504e-06,0.0,0.0999982351999548,1.0,0.0,0.0,2.6265224205188817e-08,1.0,1.0,1.0,0.0,9.475765002211206e-07,1.0,1.0,0.0,0.0056201736693051,1.0,1.0,0.0,0.0791427086122082,1.0,0.0,0.0,0.0002128887913338,1.0,1.0,0.0,1.0059176763001908e-05,1.0,0.0,0.0,6.448286336582714e-08,1.0,1.0,1.0,1.0,0.0005045795757689,0.0,0.0050263947170453,1.0,0.0,0.2156961809744897,2.469783128508465e-08,1.0,0.0296404102423,0.0,0.0038375288688875,1.0,1.0,1.0,1.0,9.954555584659648e-06,1.0,1.0,1.0,0.0294128662373198,1.0,0.0,1.0,1.5016272087186538e-08,1.0,1.0,1.0,0.0001199726885619,1.0,1.0,1.0,1.5260850112977529e-06,1.0,0.0,0.0,9.057681251417178e-05,1.0,1.0,1.0,1.0,1.0,1.0,4.552582854643481,0.5749488340755604,8.158820369139036,A,G,0
VAR_001951,,,,,,,1.847700000001294e-06,5.257403247574947e-06,0.0001801982715542,0.0030722369500257,0.0037167335641299,0.0008483915347611,0.0028399368527739,1.4962058993961592e-26,0.0003410722738497,0.0733515436350812,4.7988255847444e-08,2.3211976104688676e-05,0.0120190131881327,7.548900461295749e-08,1.292096392672128e-07,5.371022320763184e-13,0.0001225866429127,0.000442170938965,0.0055328131714657,8.306446566182045e-05,gnomADg_NFE,,,,,,,,,,,,,0.0,0.0299772350929602,1.0,0.0,0.0935662550421681,1.0,0.0,0.0017720724885359,1.0,1.0,1.0029569829588671e-10,0.0,0.0,0.0278959587703553,1.0,1.0,1.1042390013087133e-07,1.0,1.0,0.0050602300440478,0.0,1.0,1.6859069903922287e-06,1.0,0.0,2.5412015828627945e-08,1.0,0.0,6.269519173086429e-11,1.0,0.0,0.0092516336493684,1.0,1.0,0.0214978128677274,1.0,0.0,1.3707999280296694e-09,0.0,1.0,2.046591493669268e-06,1.0,1.0,9.249727056846244e-14,1.0,1.0,5.73689462350251e-06,1.0,0.0,3.807022454666066e-06,1.0,0.0,0.0093376803215769,1.0,0.0,3.982774312725626e-06,1.0,AllofUs_EUR,0.0,9.128905575066492e-05,1.0,T/T,T/T,5.733796200383121,5.5368714266364645,,1.0,0.0070812044916357,1.0,1.0,3.55090966401259e-05,1.0,0.0,0.0372251292857524,1.0,0.0,7.876620955414324e-10,1.0,0.0,0.0008345147868033,1.0,1.0,2.0204343289663343e-05,1.0,0.0,0.0009665168863259,1.0,1.0,7.019172304023803e-05,1.0,1.0,0.0042850357325888,1.0,0.0,0.0018244862316418,1.0,1.0,0.0063837957929684,1.0,1.0,2.1450974918878903e-06,1.0,0.0,4.494564968926997e-12,1.0,1.0,0.0006668037702668,1.0,1.0,2.8196369495258175e-07,1.0,1.0,0.0001768237470737,1.0,1.0,0.0005953245455196,1.0,0.0,1.3954874723390138e-05,1.0,1.0,0.0006716983309185,1.0,1.0,0.0001328741827854,1.0,1.0,2.762968377772508e-05,1.0,1.0,2.0655741481792286e-14,1.0,1.0,4.493366615529008e-08,1.0,0.5574950908018833,0.0012473364895586,1.0,0.0,3.5105855715603202e-12,1.0,0.0,1.3341656831899668e-05,1.0,1.0,2.1751490022632626e-07,1.0,0.0,0.0456591245919606,1.0,0.0,0.0007332259146311,T/T,0.0531876669579376,1.0,4.057342612933418e-19,1.0,0.0999999881696375,1.0,0.0,1.0,1.4048259149828624e-09,1.0,0.0,1.0,0.0,7.360647971280705e-07,1.0,0.0792913374976181,1.0,1.4635643355767007e-11,1.0,1.0,0.0,0.0709914636504628,1.0,0.0,0.0,1.7126289550639852e-09,1.0,1.0,,,,,1.0,0.004200968910001,1.0,0.0,0.0,,0.0,1.6551968902794697e-05,1.0,0.0337110834903815,1.0,1.0,0.0,1.2071989416434002e-09,1.0,0.0,1.0,1.0,3.6788402301849884e-16,1.0,1.0,0.0,0.0618288053468219,1.0,1.0,0.0,7.756889815271538e-08,1.0,1.0,0.0,7.013008598778708e-05,1.0,1.0,0.0,0.0360622876596151,1.0,1.0,1.0,2.1203034716453063e-10,1.0,0.0,0.0,1.0,8.659008001758967e-06,1.0,6.8968615952246865e-09,1.0,0.0,0.0,0.001031989257165,1.0,1.0,1.0,0.0,7.123251137807048e-15,1.0,0.0,0.0,2.1243047440594326e-05,1.0,1.0,1.0,7.307712269655941e-11,1.0,0.0,0.0,8.342283954798272e-05,1.0,0.0,0.0,9.154253979993348e-05,1.0,0.0,0.0,0.0461731449819791,1.0,0.0,0.0,0.0,0.0229677969321259,1.0,1.0754056856447956e-05,1.0,1.0,0.0,0.0104526285000408,1.0,0.0999999923779316,0.0,0.0339289819985296,1.0,1.0,1.0,0.0,0.0018340567169272,1.0,1.0,0.0,1.552976106701474e-05,1.0,1.0,1.0,3.708562547596785e-06,1.0,1.0,0.0,4.615300030962003e-06,1.0,1.0,0.0,0.0210250073388854,1.0,1.0,0.0,4.441482138548244e-06,1.0,0.0,1.0,0.998607241353768,1.0,1.0,8.129508145919058,0.6286011973421634,7.365152620845808,M,K,1
VAR_001838,,,,,,,4.825565422044046e-05,0.0907071513728065,0.01881976077036,2.3694556807144453e-05,1.3221510230468056e-05,7.134664326010715e-06,0.0008174298893613,1.6426100494587777e-06,5.117200506481229e-17,0.0855160579579201,0.0875042622145952,1.0381712834094725e-07,0.0052588299604871,3.881715774633439e-07,0.0015953994777158,0.0065011828003071,1.3240465665029649e-05,6.812363395655708e-06,0.0122810013153085,0.0053744575280152,gnomADg_NFE,,,,,,,,,,,,,0.0,1.8609243644308269e-07,1.0,1.0,2.470804006907531e-12,1.0,0.0,7.008707824792617e-09,1.0,0.0,0.0191534182342865,1.0,0.0,1.1776755176789577e-07,1.0,1.0,0.0001580151070788,1.0,1.0,0.0407673370971477,1.0,0.0,0.000205847860692,1.0,0.0,0.0011283639602379,1.0,1.0,0.0028268099242965,1.0,1.0,9.560465681221612e-05,1.0,0.0,9.75070106503249e-15,1.0,0.0,4.0472654444347035e-07,1.0,0.0,1.8342024140808237e-06,1.0,1.0,0.0020478599500897,1.0,1.0,1.2250207288036732e-10,1.0,1.0,3.5046018053187677e-06,1.0,1.0,5.162148421685415e-16,0.0,0.0,0.0005882897325681,1.0,AllofUs_EUR,1.0,0.000534512549473,0.0,G/G,G/G,5.41519727612953,4.359982757151749,3.9148550687794503,1.0,0.0508536247765175,1.0,0.0,0.0004711975091463,1.0,0.0,0.0913925014310541,1.0,0.0,2.255322293805657e-06,1.0,1.0,4.169915502789415e-05,1.0,0.0,0.0055252638163593,1.0,1.0,3.955576644081717e-14,1.0,0.0,0.0082309394654582,1.0,0.0,0.0993532712953206,1.0,0.0,1.2717407562615789e-06,1.0,0.0,0.0095866558073387,1.0,1.0,1.6389015823290248e-06,1.0,1.0,0.000467990416179,1.0,0.0,1.189097245431102e-05,1.0,0.0,0.0005180016300789,1.0,1.0,5.000572963378236e-05,1.0,1.0,0.0001319400793059,1.0,1.0,9.804597869091176e-05,1.0,0.0,0.0192148736972721,1.0,0.0,9.33461982082554e-05,1.0,1.0,2.200502752197035e-12,1.0,1.0,0.0004950227861801,1.0,0.0,4.1131796748116825e-06,1.0,1.0,0.0034606513529878,1.0,1.0,0.0007403937623983,1.0,1.0,5.3615608661967177e-17,1.0,0.0,4.085983886604551e-05,1.0,0.0,0.0785244071818104,1.0,,,G/G,0.00013194,,,,,,,,,,,,,,,,,,,,,,,,,,,,,,,,,,,,,,,,,,,,,,,,,,,,,,,,,,,,,,,,,,,,,,,,,,,,,,,,,,,,,,,,,,,,,,,,,,,,,,,,,,,,,,1.0,0.0006807328408292,0.0,4.027173428780863e-08,1.0,1.0,1.0,4.2266095949191846e-09,1.0,0.0999852736926179,0.0,0.0079098351717829,1.0,0.0,1.0,0.0,0.0004002422806736,1.0,0.0,1.0,5.718109115662564e-05,1.0,1.0,0.0,2.393092543889922e-08,1.0,1.0,0.0,0.0157253567145006,1.0,0.0,1.0,0.0271775957238017,1.0,1.0,0.0,6.600028836488275e-09,1.0,0.0,1.0,1.0,0.6059332760674586,0.9629774936650174,7.666633199300337,0.6808474830852792,9.987865765454307,R,L,1
VAR_001901,,,,,,,,,,,,,,,,,,,,,,,,,,,,,,,,,,,,,,,,,,,,,,,,,,,,,,,,,,,,,,,,,,,,,,,,,,,,,,,,,,,,,,,,,,,,,,,,,,,,,T/T,T/T,5.655634028522021,4.029028565151379,3.3158090496146566,0.0,1.2671995220905008e-07,1.0,1.0,1.4799465082117637e-06,1.0,0.0,0.0189608500690826,1.0,0.0,2.6047111866057536e-08,1.0,0.0,5.497061195101268e-05,1.0,0.0,0.0008018042208152,1.0,1.0,1.1465333960449596e-15,1.0,0.0,0.0007882583473848,1.0,1.0,2.13837730929868e-06,1.0,1.0,0.0676695824138722,1.0,0.0,2.1053578502868216e-08,1.0,1.0,0.0004571617459677,1.0,1.0,0.0996125222694906,1.0,0.0,8.337041694459364e-11,1.0,1.0,0.012713228392744,1.0,0.0,2.0246288036999875e-08,1.0,0.0,1.8377385931679004e-08,1.0,0.0,1.9278113642761755e-16,1.0,1.0,5.954113640699699e-07,1.0,0.0,9.262616622684173e-09,1.0,1.0,1.8926207404653622e-10,1.0,0.0,2.078287141802332e-05,1.0,1.0,9.261100482741393e-05,1.0,0.0,0.017862196095698,1.0,1.0,6.064352186550604e-06,1.0,1.0,0.0014040417886577,1.0,0.0,1.0795348727170782e-08,1.0,0.0,0.053985367145656,1.0,,,T/T,0.0069187070423067,,,,,,,,,,,,,,,,,,,,,,,,,,,,,,,,,,,,,,,,,,,,,,,,,,,,,,,,,,,,,,,,,,,,,,,,,,,,,,,,,,,,,,,,,,,,,,,,,,,,,,,,,,,,,,1.0,0.0136920256048216,0.0,0.0049458159553676,1.0,1.0,0.0096314647547325,4.87786079795616e-10,1.0,0.0008275985731713,0.0,3.116711697185139e-11,1.0,0.0,1.0,1.0,1.101463295840496e-05,1.0,0.0,1.0,6.000847548571841e-05,1.0,1.0,1.0,0.0058128911592189,1.0,1.0,0.0,7.996128678759712e-05,1.0,0.0,1.0,0.000303060289123,1.0,1.0,1.0,1.9684705810034918e-17,1.0,1.0,0.0,0.97249326732086,0.9801679700814137,0.3392937030774617,5.465031527559985,0.7016319156670111,1.1602948154052792,V,A,0
VAR_001848,,,,,,,0.0022428566680636,0.0007611476198683,0.0001007100007276,2.763864952230375e-10,0.0004468363918344,9.87266930572018e-07,0.0343044273387714,0.0001375063672073,0.0004945110104595,0.0001038555223875,0.0929509516927938,0.0071737905211803,0.0018643116706134,0.0004988251258504,0.0011320438226916,0.000706335742152,0.00014385394734,0.0003187342748356,0.000249155056681,0.0036144525030504,gnomADe_MID,,,,,,,,,,,,,1.0,1.7022086808925547e-06,1.0,0.0,2.5531237594348223e-06,1.0,1.0,1.135988486367576e-05,1.0,1.0,0.0007797992442234,1.0,0.0,0.0009789753723621,1.0,0.0,0.0016779882699353,1.0,0.0,0.0003533454404299,1.0,0.0,0.0003643516838633,1.0,0.0,0.0041075262269672,1.0,0.0,0.0010895883777239,1.0,0.0,0.0006854531607007,1.0,1.0,0.0001221192384769,1.0,1.0,0.0707874140249795,1.0,1.0,0.0009563196778966,1.0,1.0,0.0028416741669822,1.0,1.0,0.0409554144614002,1.0,0.0,0.0001332023973935,1.0,1.0,0.0001804710310559,1.0,1.0,0.0030055557696327,1.0,AllofUs_SAS,0.0,0.0348489205912581,1.0,C/C,C/C,5.619952919125885,4.725211927774634,4.095523766529215,1.0,0.0028207627025654,1.0,1.0,0.0006679696822673,1.0,0.0,1.2222041301799934e-05,1.0,0.0,0.0002438579114242,1.0,1.0,5.8054084417342505e-05,1.0,1.0,9.594000000395322e-05,1.0,0.0,4.056976108657926e-05,1.0,1.0,0.0115801272790934,1.0,1.0,0.0570836050404869,1.0,0.0,0.0003686739596825,1.0,1.0,0.0002202499996881,1.0,0.0,5.052828168677824e-05,1.0,1.0,0.0453809835362871,1.0,0.0,0.0895501841617867,1.0,0.0,0.0001998017534439,1.0,1.0,0.0002431478044173,1.0,0.0,0.0004575600472932,1.0,1.0,0.0007154151496681,1.0,1.0,0.0282437247232918,1.0,1.0,2.532210179352361e-05,1.0,1.0,0.0001124116478512,1.0,1.0,0.084898349501016,1.0,0.0,0.0003076251750417,1.0,0.0,0.0007537204458598,1.0,0.0,8.452229998110605e-05,1.0,1.0,2.293427063734168e-05,1.0,1.0,0.0002748026315573,1.0,0.0,0.0102155598566627,1.0,1.0,0.0004469317055168,C/C,0.0019534692742969,0.0,0.031798168724686,1.0,0.0001053884831895,1.0,0.0,1.0,0.0479044884770818,1.0,0.0,1.0,1.0,8.571823191104056e-07,1.0,1.2908276574127917e-18,0.0,0.0001949226806063,1.0,1.0,0.0,1.7979736437345376e-05,1.0,0.0,0.0,0.0004667234541187,1.0,0.0,0.0,0.0003454247511889,1.0,0.0,0.0,0.0010509889638911,1.0,0.0,0.0,,0.0,0.0002317597775899,0.0,1.1282141219563745e-08,1.0,1.0,0.0,0.023193023279356,1.0,0.0,1.0,0.0,0.0003524928042467,1.0,1.0,1.0,0.0200374551734515,1.0,0.0,0.0,0.0248503936670269,1.0,1.0,1.0,0.0001953758495729,1.0,1.0,0.0,0.000326271890144,1.0,0.0,1.0,0.0003283483603588,1.0,0.0,1.0,1.0,0.0001712007417503,1.0,9.291167306438641e-08,1.0,0.0,0.0,0.0056232065676671,1.0,0.0,1.0,0.0,1.336330683719936e-08,1.0,0.0,0.3822346046319366,1.1536305838348492e-05,1.0,1.0,1.0,1.1010666118956424e-05,1.0,1.0,0.0,0.0099698809845672,1.0,0.0,0.0,0.0003236612825607,1.0,0.0,0.0,0.0826006938975035,1.0,0.0,1.0,0.0,0.0001039488347213,0.0,0.0704209928227141,1.0,0.0,0.0,4.342337582025123e-05,1.0,1.7650695540347224e-09,0.0,0.0001050669,1.0,0.0,1.0,0.0,1.1460322500606209e-07,1.0,1.0,0.0,0.0001492112511306,1.0,1.0,0.0,5.095898371267445e-05,1.0,0.0,1.0,0.069569435922845,1.0,1.0,0.0,0.0801328013039862,1.0,1.0,1.0,0.0004862569799926,1.0,1.0,0.0,0.9717982716417763,1.0,1.0,4.1935294222559705,0.5792388130504337,5.365326176536329,T,M,0
VAR_001782,,,,,,,,,,,,,,,,,,,,,,,,,,,,,,,,,,,,,,,,,,,,,,,,,,,,,,,,,,,,,,,,,,,,,,,,,,,,,,,,,,,,,,,,,,,,,,,,,,,,,T/T,T/T,5.66856817807293,5.67364259261037,,,,,,,,,,,,,,,,,,,,,,,,,,,,,,,,,,,,,,,,,,,,,,,,,,,,,,,,,,,,,,,,,,,,,,,,,,,,,,,,,,,,,,,,T/T,,,,,,,,,,,,,,,,,,,,,,,,,,,,,,,,,,,,,,,,,,,,,,,,,,,,,,,,,,,,,,,,,,,,,,,,,,,,,,,,,,,,,,,,,,,,,,,,,,,,,,,,,,,,,,,,,,,,,,,,,,,,,,,,,,,,,,,,,,,,,,,,,,,,,,,0.9821491734221434,1.0,1.0,5.952335085538501,0.623614451064136,8.941602712820853,W,G,1
VAR_001879,,,,,,,4.6004871036829777e-05,2.8840285965761873e-09,2.020208855751991e-05,0.0077465832760501,0.0002870848222068,8.357128958124595e-06,1.9017344253663436e-08,0.0002784351714566,9.461796749422448e-11,5.927473906405359e-06,0.0999073326733715,0.0038997160582306,1.703470482692322e-05,0.0019409542377107,0.0005677303868783,0.0027270115405663,0.0001241282779922,6.430418447074953e-07,0.0010975321582149,4.247064393214849e-05,gnomADe_AMR,,,,,,,,,,,,,1.0,0.0111304185359444,1.0,0.0,0.0974689782586533,1.0,1.0,0.098749325848732,1.0,0.0,5.920648064130479e-06,1.0,0.0,0.0644537356662876,1.0,1.0,1.3244623499952786e-05,1.0,0.0,0.0001338028072335,1.0,1.0,1.373103759832803e-06,1.0,0.0,9.388469884192795e-05,0.0,0.0,0.0009074940251534,0.0,1.0,2.4488305085168608e-05,0.0,0.0,0.0340621253962653,1.0,1.0,0.0275835110710619,1.0,0.0,1.8342000732637645e-06,1.0,1.0,1.1259008340564217e-05,1.0,0.0,0.005614321072159,0.0,1.0,2.05166502336055e-05,0.0,1.0,0.0613386345644318,1.0,0.0,0.06535390247193,1.0,AllofUs_AMR,1.0,0.0004779328547479,0.0,T/T,T/T,5.261995495611431,5.0574907623027805,3.3405867925157344,1.0,4.359402165243536e-06,1.0,1.0,0.0010628816146136,1.0,0.0,3.6600674416068413e-09,1.0,1.0,0.0001193874287767,1.0,1.0,0.0006658408987099,1.0,1.0,8.540570683771469e-06,1.0,0.0,3.5127e-05,1.0,0.0,0.0001011489933482,1.0,1.0,8.659703025846088e-05,1.0,1.0,0.0191792878049734,1.0,1.0,2.9953464728557706e-07,1.0,0.0,8.034145794063806e-05,1.0,1.0,1.0980159099482109e-07,1.0,1.0,0.0079419651893804,1.0,0.0,8.735409277116395e-07,1.0,1.0,0.0080321127056815,1.0,0.0,0.0080241969665477,1.0,0.0,1.873004668070797e-11,1.0,1.0,0.0383258420892569,1.0,0.0,0.0002356559936531,1.0,1.0,1.754153598104674e-05,1.0,0.0,0.0549765118879837,1.0,0.0,0.0011606686331217,1.0,1.0,3.749400041223166e-06,1.0,1.0,8.30172293051768e-05,1.0,1.0,0.0467629540217853,1.0,1.0,5.963592270437084e-05,1.0,1.0,1.0008000000000015e-06,1.0,0.0,0.0005790043048807,T/T,0.0097725832624525,1.0,0.0027115182187947,1.0,0.0097009316395547,1.0,0.0,0.0,8.170355012966623e-05,1.0,0.0,1.0,0.0,0.0006515597393097,1.0,4.959653638689687e-05,0.0,0.0001360706449279,1.0,1.0,0.0,0.0430216007586471,1.0,1.0,1.0,0.013288200352846,1.0,0.0,1.0,0.0277630552727383,1.0,0.0,1.0,3.855145567923706e-11,1.0,0.0,1.0,,0.0,0.0456261138978856,1.0,0.0998100808909674,1.0,0.0,0.0,0.0025618680741627,1.0,1.0,1.0,0.0,0.01407763046374,1.0,1.0,1.0,9.76357094487602e-11,1.0,1.0,1.0,1.1718508642294228e-05,1.0,1.0,1.0,0.0016295783438833,1.0,1.0,1.0,0.0037547829035815,1.0,1.0,1.0,0.0014013186946543,1.0,0.0,1.0,0.0,0.0077807179085218,0.0,0.0985148373231408,1.0,0.0,0.0,2.965403300567445e-05,1.0,0.0,1.0,0.0,0.006614359168526,1.0,0.0064692064971285,0.0,0.0008143139406281,1.0,1.0,0.0,0.0002037655140842,1.0,1.0,0.0,0.0132016322438668,1.0,1.0,0.0,0.0020763936790614,1.0,1.0,1.0,3.1071513034261628e-12,1.0,0.0,0.0,1.0,0.0015316628593265,0.0,0.0049012287850472,1.0,1.0,0.0,0.0008861902539845,1.0,0.0999999999999999,0.0,1.5043590573909684e-05,1.0,1.0,1.0,1.0,0.0099781305008969,1.0,1.0,1.0,3.3288238551664166e-06,1.0,1.0,1.0,0.0122077960630272,1.0,0.0,1.0,0.000227925755633,1.0,1.0,1.0,0.0031652614977298,1.0,1.0,1.0,0.016286071829486,1.0,1.0,0.0,0.9686405468126348,1.0,1.0,6.692500252228119,0.6397132478501961,7.84180665119617,L,S,1
VAR_001886,,,,,,,0.0009472181736121,0.0974970145113453,0.0330270683875225,0.0162879926347239,0.0001081709198485,2.459124744277691e-05,0.0104841520832185,1.5084179613112894e-05,1.0613915157015993e-05,5.963896568475031e-06,4.94092767760384e-16,0.0110574786497731,5.266070363850734e-05,0.0005295642793401,3.5563289040372026e-12,0.0136008651414528,0.0341845928979773,0.019822218263554,1.0679542465889298e-05,0.022787747118616,gnomADe_REMAINING,,,,,,,,,,,,,1.0,7.526158371934968e-05,1.0,1.0,0.0955555313542242,1.0,0.0,0.0962372798545099,1.0,1.0,2.1136610840113207e-05,1.0,0.0,0.0005759197462209,1.0,0.0,1.7440954320512226e-07,0.0,1.0,2.8324366907370564e-06,0.0,1.0,9.533337815646274e-05,1.0,0.0,1.886415016265322e-34,1.0,0.0,1.791337079208154e-08,1.0,1.0,1.5016477776059664e-14,1.0,0.0,8.080051641841311e-06,1.0,0.0,0.0030835469520901,0.0,0.0,0.0191863192930449,1.0,1.0,2.1756580908446665e-07,0.0,1.0,0.0174469361818798,0.0,1.0,7.016685352487831e-06,1.0,0.0,0.0001486180250249,0.0,1.0,7.009200000000012e-06,1.0,AllofUs_EUR,1.0,6.382004584389105e-10,0.0,T/T,T/T,4.804660746362689,4.775587007189824,,0.0,0.0981928416983912,1.0,1.0,0.0236124195976485,1.0,0.0,0.0216047549381889,1.0,1.0,0.0091785001010187,1.0,0.0,9.406799107568195e-06,1.0,1.0,9.60948675583941e-05,1.0,0.0,0.0034609305499979,1.0,1.0,0.0012605070177709,1.0,0.0,2.4297091414607045e-08,1.0,1.0,0.0255942594677345,1.0,0.0,0.0001521056774663,1.0,0.0,0.0004435790031937,1.0,0.0,0.0993554893351289,1.0,1.0,0.0259625561069128,1.0,0.0,3.355217024597972e-06,1.0,0.0,0.0002793521108887,1.0,0.0,6.672655404248227e-06,1.0,0.0,4.407112974940285e-07,1.0,1.0,7.234199809438803e-05,1.0,1.0,6.645640378689311e-17,1.0,0.0,0.0220117000689361,1.0,0.0,2.0555840941450063e-05,1.0,0.0,7.731906670192556e-07,1.0,0.0,0.0021053400070343,1.0,1.0,1.5279545732572565e-06,1.0,0.0,0.0912172855944502,1.0,0.0,1.713276408330509e-06,1.0,1.0,0.0001035275588626,1.0,1.0,2.310680235430839e-05,T/T,5.3144675353386894e-05,1.0,1.2143614375631036e-05,1.0,0.0121397373765273,1.0,0.0,0.0,0.0013603825595024,1.0,0.0,1.0,0.6764534783042995,4.58669725087801e-07,1.0,0.0976312845931812,1.0,0.008358465635921,1.0,0.0005857133833254,1.0,0.0022039688736358,1.0,0.0,1.0,2.175817150030288e-05,1.0,1.0,1.0,0.0353877441291957,1.0,1.0,0.0,3.430634184497239e-08,1.0,1.0,1.0,,0.0,0.0088247072902385,0.0,0.0999552403028851,1.0,0.0,1.0,6.66111535149976e-08,1.0,0.0,1.0,0.0,0.0053672791781223,1.0,1.0,0.0,4.2493384929666325e-07,1.0,0.0,0.0,0.0335897091461677,1.0,1.0,1.0,0.0089513377875682,1.0,0.0,0.0,0.0995074120917121,1.0,0.0,1.0,0.0055683466333755,1.0,0.0,0.0,0.0,6.65228959590515e-05,1.0,4.2679478647133934e-05,1.0,0.0,0.0,5.462626731638696e-13,1.0,0.0,1.0,0.0,1.0729841412320594e-06,1.0,0.0,0.0,0.0057045222041436,1.0,0.0,0.0,6.842678251338542e-25,1.0,0.0,1.0,0.001953387668482,1.0,1.0,1.0,2.015856407712536e-05,1.0,0.0,1.0,0.0007399093280899,1.0,1.0,0.0,0.0,5.679334151459256e-06,0.0,1.2685611892081804e-08,1.0,0.0,0.5530770010518015,5.965561511943751e-05,1.0,4.53685185979393e-11,0.0,1.3385789537699927e-14,1.0,1.0,1.0,0.0,0.0008185138758713,1.0,1.0,0.0,2.3084405060109108e-08,1.0,1.0,0.0,0.0002808628665909,1.0,1.0,1.0,6.91018200629607e-06,1.0,1.0,1.0,7.526601667643314e-06,1.0,0.0,0.0,0.0036949510946897,1.0,0.0,1.0,1.0,0.9760382325760892,0.9862213369468072,7.414666986298354,0.6808341514195164,8.099661561837715,Y,N,1
VAR_001815,,,,,,,0.0275091685757534,0.0004181410854266,0.0198407238741022,0.0080020947264323,2.3880953113951813e-07,0.0104114927357203,1.5611959666636345e-08,4.66121613125347e-05,0.0280987396524396,7.401016262571097e-05,0.0001929048019151,1.4560684174345352e-13,0.000117900011734,1.6817682137362577e-06,7.822760756593973e-05,1.5894656307519868e-17,0.0002214920072155,1.539231337944619e-07,1.7464981671882642e-10,0.0003956817310945,gnomADe_AFR,,,,,,,,,,,,,0.0,0.0003105590062112,1.0,1.0,0.026689110428693,1.0,1.0,0.078821935247839,1.0,1.0,5.9136001262958624e-08,0.0,0.0,8.329632400616022e-14,0.0,1.0,2.466545768296941e-07,1.0,0.0,0.0003592269320193,1.0,0.0,0.0006354548640726,1.0,0.0,0.0012883374942131,1.0,0.0,4.283898314400485e-05,1.0,1.0,0.007618663430973,1.0,1.0,5.722887637944424e-05,0.0,1.0,0.0002919600004061,1.0,1.0,0.0026270510471315,1.0,1.0,0.0362675687513757,1.0,1.0,1.256807827109192e-06,1.0,0.0,0.0006479750939393,0.0,1.0,0.0371957061501474,1.0,0.0,0.0002919600333908,1.0,AllofUs_AFR,0.0,9.313659920674683e-08,0.0,T/T,T/T,5.530908468426295,5.731055734831288,,0.0,0.0855420499249062,1.0,0.0,0.0004646012206205,1.0,1.0,2.593584869561531e-09,1.0,1.0,0.0024184562081806,1.0,1.0,3.72895972602735e-06,1.0,1.0,1.6400245537534095e-06,1.0,1.0,6.3397543725198775e-09,1.0,0.0,0.0042492116134114,1.0,0.0,0.082719519868484,1.0,0.0,0.0693040377800353,1.0,0.0,0.0044296381727676,1.0,1.0,1.6874799414966187e-06,1.0,1.0,0.0030762944091052,1.0,0.0,7.125254193103945e-06,1.0,1.0,0.0257848895044765,1.0,0.0,2.7711035015890148e-06,1.0,1.0,9.1157474225185e-08,1.0,1.0,0.0003379408370028,1.0,1.0,0.0038143778901812,1.0,0.0,0.0004073818539868,1.0,0.0,0.0028948663547275,1.0,0.0,0.0030582232899514,1.0,0.0,0.0002775001059534,1.0,1.0,0.0015657340080043,1.0,0.0,1.7343000021438536e-05,1.0,1.0,0.0015944025678944,1.0,1.0,0.0724653219240548,1.0,1.0,0.0016657360465121,1.0,1.0,0.0947038630550957,T/T,0.0216902419314328,1.0,0.0881701586987205,0.0,0.0003776225131879,1.0,1.0,1.0,0.0679173687495703,1.0,0.0,1.0,1.0,0.0074193334650079,1.0,0.0003154451335252,0.0,0.0086345268493833,1.0,1.0,0.0,2.4233422664515097e-13,1.0,0.0,1.0,3.905813539827062e-08,1.0,0.0,1.0,0.0053525689844128,1.0,1.0,1.0,0.0027271414207104,1.0,1.0,1.0,,1.0,1.1704363970905132e-05,1.0,0.0049791770823828,1.0,0.0,0.0,0.0620613503702672,1.0,1.0,1.0,0.0,0.003064105146258,1.0,1.0,1.0,0.0062592940660935,1.0,0.0,0.0,0.0007167321494783,1.0,0.0,1.0,0.0157652711096271,1.0,1.0,1.0,0.000181647,1.0,1.0,1.0,4.27738600679707e-05,1.0,0.0,0.0,0.0,0.0509431613456925,0.0,0.0001669554000005,1.0,1.0,0.0,2.940048845518265e-06,1.0,1.0,1.0,1.0,0.0338291175350284,1.0,0.0,1.0,0.0085645691586889,1.0,0.0,0.258829370146216,1.3904699424134906e-07,1.0,1.0,0.0,0.000358359208776,1.0,0.0,0.0,0.000166955400293,1.0,1.0,1.0,0.0011953863551702,1.0,0.0,0.0,1.0,2.076865949533369e-05,1.0,0.0002710334975241,1.0,1.0,0.6468365135502023,3.253449561025964e-05,1.0,0.0002397334380748,1.0,4.544890772936809e-05,1.0,0.0,1.0,1.0,8.707489054377234e-05,1.0,0.0,0.0,0.0039082601366853,1.0,1.0,1.0,1.862823049576477e-12,1.0,0.0,1.0,5.449108365212635e-06,1.0,0.0,0.0,0.0024760467402207,1.0,1.0,1.0,0.0045511245125143,1.0,0.0,0.0,0.9797688122886344,0.9991511061728088,1.0,5.142091180154897,0.6151930567481065,7.6988141181632015,F,V,1
VAR_001785,0.004860000000005,0.1086072733105792,0.0725661131629318,2.020002051028668e-07,0.0009000000708898,0.0003493712666332,0.0026725516474264,0.0112771106944843,0.0442171294746244,3.445200051838456e-05,0.00011349,1.686411451259022e-05,0.0007589308633931,0.001327507436449,0.021569657686744,0.0038025339577612,0.0622346084100961,9.19323914970906e-09,0.0498359541397989,1.3007456943085967e-19,0.0012164785433024,0.0001275532239921,0.0109725256533385,0.0047007122782401,0.0009325594725712,0.0762038615135632,AFR,1.0,0.0048780590516696,1.0,0.0170235975736869,1.0,0.0012968299711824,0.0,1.8205165335501188e-11,0.0,0.0011987187004448,0.5321807748196615,5.135876996175241e-09,1.0,0.0111030298446657,1.0,1.0,0.010961277686771,1.0,1.0,0.0434845809853323,1.0,1.0,0.0004894344651361,1.0,1.0,0.0066815534253814,1.0,0.0,0.0035605948940647,1.0,1.0,0.0072109363260587,1.0,0.0,0.0087196884373004,1.0,0.0,0.0015635593222135,1.0,1.0,0.0010839218754881,1.0,1.0,0.0391579437508605,1.0,1.0,0.0015836141274391,1.0,1.0,0.0122271061232804,1.0,0.0,0.0199790584056019,1.0,0.0,0.0038089272087015,1.0,1.0,0.0019063432637017,1.0,1.0,0.0004336487887377,1.0,1.0,0.0036099000013618,1.0,1.0,0.0211097364577481,1.0,AllofUs_AFR,1.0,0.0003869100000009,1.0,./.,./.,5.636405792811775,4.593995558647981,3.6797711348905096,1.0,0.0119070049453104,1.0,1.0,0.0372678495850782,1.0,0.0,0.0279213722998369,1.0,0.0,0.0020932480543117,1.0,0.0,0.0002482883354723,1.0,1.0,0.0004624365102852,1.0,1.0,0.0007581824708894,1.0,1.0,0.0004345203027087,1.0,1.0,0.0206416669947633,1.0,1.0,0.0008828504586778,1.0,1.0,0.0001685056587299,1.0,1.0,0.0001968510516325,1.0,1.0,0.0128753764065853,1.0,1.0,0.0012474002643848,1.0,1.0,0.0006702300013889,1.0,1.0,0.0144190257641354,1.0,0.0,0.0015675901548347,1.0,1.0,0.0017498438615158,1.0,1.0,0.0012493504193574,1.0,1.0,0.1105982272299857,1.0,1.0,0.0003092432882312,1.0,1.0,0.0665388037719599,1.0,0.0,0.0006975097629336,1.0,1.0,0.0004449450010758,1.0,1.0,0.0034103917812808,1.0,1.0,0.0104666241910218,1.0,1.0,0.0034973161539823,1.0,1.0,0.0591950587345087,1.0,1.0,0.0049302958357441,./.,0.0671687622777722,0.0,0.0015679367097215,1.0,0.1085255619104627,1.0,1.0,0.0,0.0056423554246321,1.0,0.0,1.0,0.0,0.0068205276273576,1.0,1.0645833085513417e-11,1.0,0.0008134651448723,1.0,1.0,0.0,2.402364237720016e-07,1.0,0.0,0.0,0.0003165216460527,1.0,0.0,1.0,0.0129396615516883,1.0,0.0,1.0,0.0009752499210749,1.0,1.0,0.0,,1.0,0.0572457852237385,1.0,0.0771270678761247,1.0,1.0,0.0,0.001387491050452,1.0,0.0,1.0,1.0,1.6108159218488277e-05,1.0,0.0,1.0,0.0193026999087277,1.0,1.0,1.0,0.0029577284128883,1.0,0.0,0.0,0.0072601888114804,1.0,1.0,1.0,0.0263781984809514,1.0,0.0,0.0,0.0135710868971828,1.0,1.0,0.0,0.0,0.0015243858995057,1.0,0.1113589368807718,1.0,0.0,1.0,0.0011947389088332,1.0,0.0,1.0,0.1085623481538356,0.0062722747129375,1.0,1.0,1.0,0.0002012526005292,1.0,0.0,0.0,0.0002770778808622,1.0,0.0,1.0,0.018044329298551,1.0,0.0,1.0,0.0142387133937451,1.0,0.0,1.0,0.0011063747827075,1.0,0.0,0.0,1.0,0.0008467303366875,1.0,0.0112797,1.0,0.0,1.0,4.2700907099776654e-09,1.0,3.2186128860801596e-09,1.0,0.0328246308618793,1.0,1.0,1.0,1.0,0.0056574338771168,1.0,0.0,0.0,0.0006753286105092,1.0,0.0,0.0,0.0425166803493689,1.0,0.0,0.0,0.0002166466246365,1.0,0.0,1.0,0.0115989299610351,1.0,1.0,1.0,0.0006925632109337,1.0,0.0,0.0,1.0,1.0,1.0,0.6392118233811634,0.5470263002892353,3.288145222966957,R,W,0
VAR_001964,0.0069929727357775,0.1007156051269536,0.0088003676397696,0.0032329561703296,0.0635849386904131,0.037878525090535,0.0072476585191089,0.000973680706188,0.0088065165500837,0.0065151001467881,7.941148390337432e-05,0.0259369138442748,0.0576462256462647,0.0116085510807536,0.0026005729658243,0.0470741183155709,0.101295828079866,0.0188998539208505,0.0351643147182161,0.0064881000034345,0.00432371729172,0.0033930326395539,0.0081674133349778,0.0034119351649511,0.0041013000125338,0.0167760008455879,gnomADg_AMI,1.0,0.0054971922792663,1.0,0.0006808147192484,0.0,0.0001493219760074,0.0,0.0396493733506105,1.0,0.0071570581358644,1.0,6.057062925366334e-10,1.0,0.0986408807416163,1.0,1.0,0.0018842847061364,1.0,1.0,0.0999999998677664,1.0,0.0,0.0001567626335041,1.0,1.0,0.0002508614831848,1.0,1.0,0.0080767221771728,1.0,0.0,0.0779608666355275,1.0,0.0,0.002585372025444,1.0,1.0,0.004681404421341,1.0,1.0,0.0004182156135964,1.0,1.0,0.0047258354967575,1.0,1.0,0.0063978374967288,1.0,1.0,0.0015264000204242,1.0,1.0,0.01602269900701,1.0,0.0,0.0023409072166882,1.0,0.0,9.420235853999348e-06,1.0,1.0,0.0080785716182266,1.0,0.0,0.0036155763585616,1.0,1.0,0.0080787791190496,1.0,AllofUs_EUR,1.0,0.0027819775487263,1.0,T/T,T/T,5.902704769805573,4.518205205770187,3.787743162260081,1.0,0.0012990430179151,1.0,1.0,0.0067545,1.0,1.0,0.02130300621534,1.0,1.0,0.0074038523343522,1.0,1.0,0.0326532051861439,1.0,1.0,0.0071746217763658,1.0,1.0,0.0090343686828957,1.0,1.0,0.0081351008808481,1.0,0.0,0.1009946450095259,1.0,1.0,0.0297114160721439,1.0,1.0,0.0159134865995372,1.0,1.0,0.0088542000002484,1.0,0.0,0.1002629203760947,1.0,1.0,0.0243229964971353,1.0,1.0,0.0022429492309694,1.0,1.0,0.0086598,1.0,1.0,0.0498138514609662,1.0,1.0,0.0028638005481856,1.0,0.0,0.0013212000595156,1.0,0.0,0.0017356156546463,1.0,1.0,0.0059024243627085,1.0,1.0,0.002214,1.0,1.0,0.0045015311573678,1.0,1.0,0.0004640864573694,1.0,1.0,0.0025983000000001,1.0,1.0,0.0016399499900004,1.0,1.0,0.0029927506909549,1.0,1.0,0.0801433625102187,1.0,1.0,0.0047346108436748,T/T,0.0213030000004755,1.0,0.0044225285400861,0.0,0.101515986816708,1.0,0.0,0.0,0.002424735067078,1.0,0.0,1.0,1.0,0.0079026342710182,1.0,0.0977321807029905,1.0,5.147816941377862e-26,1.0,1.0,1.0,0.0213042430890533,1.0,1.0,1.0,0.0067164894878537,1.0,0.0,1.0,0.0067057253447808,1.0,0.0,1.0,0.0021613797644487,1.0,1.0,1.0,,1.0,0.0076236423650569,0.0,0.0041820600985739,1.0,1.0,1.0,0.0046971084497045,1.0,1.0,1.0,1.0,0.0090375374899618,1.0,0.0,1.0,1.0975593872493608e-11,1.0,0.0,1.0,0.0043087146457348,1.0,0.0,1.0,0.0068668201786412,1.0,0.0,1.0,0.0658626696134911,1.0,0.0,1.0,0.0208196146764081,1.0,1.0,1.0,1.0,0.0541413562881208,1.0,0.0981998390926252,1.0,0.0,0.0,0.0448422282009383,1.0,0.0,1.0,1.0,0.0078286050963084,1.0,0.0,0.0,4.4988315952633566e-09,1.0,1.0,0.0,0.0038466721374035,1.0,0.0,1.0,0.0072023706945425,1.0,1.0,1.0,0.0072022952993313,1.0,0.0,1.0,0.0051765021792661,1.0,0.5344185984271073,0.0,1.0,0.0078033826139896,1.0,0.0869851005751732,1.0,0.0,1.0,0.0167957792917515,1.0,0.9999999199809644,1.0,0.0175906922724229,1.0,1.0,1.0,1.0,0.0129249543098395,1.0,1.0,1.0,0.0004687768308334,1.0,1.0,1.0,0.0034892307141828,1.0,0.0,1.0,0.0087608732071519,1.0,1.0,0.0,0.0167763600008427,0.0,0.0,1.0,0.002530422,1.0,1.0,1.0,1.0,0.982296787745962,1.0,1.8970384419949085,0.6599851182370658,2.3555480420746964,S,R,0
VAR_001913,0.0005400049536756,4.68628222961492e-07,0.001260000000002,8.700915665604276e-08,0.0092036409434103,0.0020484327441376,0.0005276741280128,0.0006237828374559,0.0002215800242933,0.016265568391846,0.0006756887039173,7.251017252525727e-12,0.0010954226675262,0.0010796864218125,0.0706046472745219,0.0005969700002901,0.0029598753844249,5.167220100168928e-05,0.0003104453487945,0.0164328750411091,4.9755840475114353e-08,3.197664399983827e-07,0.0001464755292916,0.0010005052284725,0.0005592613307736,0.0162625874401569,gnomADe_ASJ,1.0,0.0018382991720876,0.0,0.0943523229271827,0.0,0.0017835912872689,0.5573447848872577,0.0005503248168183,1.0,0.0004542562828187,1.0,0.0018623133534993,1.0,0.0006353796989289,1.0,1.0,0.000628657670464,1.0,1.0,0.000827239045774,1.0,1.0,0.0011154528111355,1.0,0.0,0.0512779025532402,1.0,1.0,0.002381682349954,1.0,0.0,0.0051393087566781,1.0,1.0,0.0004140701069697,1.0,0.0,0.0013081858764381,1.0,1.0,5.406169999063405e-09,1.0,1.0,0.0010930776588009,1.0,1.0,0.0010464369163366,1.0,0.0,0.0082184728570454,1.0,1.0,0.0009361925976669,1.0,1.0,0.0509365644108558,1.0,0.0,0.0001030752258191,1.0,1.0,0.0012303,1.0,1.0,0.0026894536331192,1.0,1.0,0.0029980689719014,1.0,AllofUs_OTH,1.0,0.0055743634235457,0.0,C/C,C/C,5.820624973453222,2.4644871201032763,1.8418483615798065,1.0,0.1005590641343892,1.0,0.0,0.0005238901632276,1.0,0.0,8.867725388410859e-05,1.0,1.0,0.0131615281877986,1.0,1.0,0.0002046879689255,1.0,1.0,0.0159316464416689,1.0,0.0,0.0352303330362384,1.0,1.0,0.0005361300004904,1.0,0.4541704745153128,0.0005933700000016,1.0,0.0,0.0002175300014407,1.0,0.0,0.0001319400000059,1.0,1.0,0.0033756768864243,1.0,1.0,0.1006165923931416,1.0,1.0,0.0001215900000727,1.0,0.0,0.0002704770352895,1.0,0.0,0.0004223046615411,1.0,1.0,0.00051417,1.0,1.0,0.0191420375946512,1.0,1.0,0.0001250001094243,1.0,1.0,0.0005361332892945,1.0,0.0,0.0008729492998181,1.0,0.0,0.0006639449122757,1.0,0.0,0.0004504373096301,1.0,1.0,0.0108740957275351,1.0,0.0,0.0003070816217436,1.0,0.0,0.0292157458466574,1.0,1.0,0.0083613450195357,1.0,1.0,0.0959072182236476,1.0,1.0,0.0007140430046061,C/C,0.0168254967838979,1.0,0.0006176096293089,1.0,0.1007538998419514,1.0,1.0,1.0,0.00026325,1.0,1.0,1.0,1.0,0.0128024281518522,1.0,0.0825195112358975,1.0,0.0001994791172879,1.0,0.0,1.0,8.643126012145737e-06,1.0,1.0,1.0,0.0002946541295604,1.0,0.0,0.0,0.0405325123538586,1.0,1.0,1.0,0.0008033620592639,1.0,1.0,1.0,,1.0,0.0009756134914882,0.0,0.1007071870967699,1.0,1.0,1.0,0.0171280328687253,1.0,1.0,1.0,1.0,0.0154941340562154,1.0,0.6400542135616272,1.0,0.0125938914502977,1.0,0.0,0.0,0.0030569644309179,1.0,1.0,1.0,0.000359501312997,1.0,1.0,0.0,0.00072493289607,1.0,0.0,1.0,0.0005012603224629,1.0,0.0,1.0,0.0,0.001208213508442,0.0,0.0008343408507323,1.0,1.0,1.0,0.0010655021022402,1.0,0.0,1.0,1.0,0.0137637345459787,1.0,0.0,0.0,0.0006037684437697,1.0,0.0,0.0,3.8587177596827773e-16,1.0,1.0,0.0,0.0003015279,1.0,1.0,0.0,0.0007326403366863,1.0,1.0,1.0,0.0011937679686897,1.0,0.0,1.0,0.0,0.000541770772087,0.0,0.0005791649083235,1.0,0.0,0.4372526216628914,1.748001451764181e-05,1.0,1.705541451995716e-07,0.0,0.0042213086092992,1.0,0.0,1.0,1.0,0.0162368143771453,1.0,0.6786587066946423,1.0,0.0003209009323462,1.0,1.0,1.0,0.0007737772204881,1.0,1.0,1.0,0.0001779534587189,1.0,0.0,1.0,0.016235370000736,0.0,0.0,0.0,0.0004348017,1.0,0.0,0.0,0.0234963077838398,0.4766949536128935,0.0,0.4318018533112017,0.5290379107063812,-0.0620656886190396,S,L,0
VAR_001804,0.005686263533748,0.0455916528177406,0.0384496688126493,0.0027005077730889,0.0007444629148832,1.8517728282191203e-06,0.00026172,0.092697229844245,2.251262170233982e-12,3.173857729761806e-06,0.0036964460024618,2.5348409181323663e-05,0.0030790833012559,0.0005752785009531,0.0022683461023478,0.0001876826148475,0.0005687522581575,0.0012981473779023,0.0005444588546222,1.8168278477871981e-09,0.001044000092388,4.88155020244468e-07,0.0002514600081687,1.0092062966739869e-10,0.000117543977228,0.0027003174725855,EAS,0.0,0.0005391487479432,0.0,0.0968902376208378,1.0,0.069543841198794,1.0,0.0080690978349107,0.0,3.799410826111561e-05,1.0,0.0104869378042833,0.0,0.0001876309716858,1.0,0.0,0.0042731436563403,1.0,1.0,4.151047227836412e-05,1.0,1.0,0.0002087378957364,1.0,1.0,7.36012724326592e-07,1.0,0.0,0.0001508469987712,1.0,0.0,0.0194849798664025,1.0,1.0,0.000919675033286,1.0,1.0,0.0003179764840805,1.0,1.0,8.615032005290103e-05,1.0,0.0,0.000313085322402,1.0,0.0,0.0002846918806987,1.0,1.0,0.0315632932904026,1.0,1.0,0.0184041612677268,1.0,1.0,0.0003248987864552,1.0,1.0,0.0011013165360482,1.0,0.0,0.0002523600055748,1.0,0.0,0.0002502451393551,1.0,1.0,0.0010925405517952,1.0,AllofUs_EAS,0.0,0.0027778595350698,1.0,C/C,C/C,5.79270374742208,5.569436825789025,4.244372567553949,1.0,0.0101550562484201,1.0,1.0,0.0002399799141704,1.0,1.0,1.5261031325421051e-09,1.0,1.0,0.0093087383975817,1.0,0.0,0.0012955353396022,1.0,0.0,0.0016539779532467,1.0,1.0,0.0573124916909069,1.0,0.0,0.000292484583571,1.0,1.0,0.0766074334217602,1.0,1.0,0.0015089514031087,1.0,0.0,0.0110080995002397,1.0,1.0,0.0002656804174915,1.0,1.0,4.746944649755311e-05,1.0,0.0,3.164028357799281e-06,1.0,1.0,0.0373779649897489,1.0,0.0,0.0005901238892272,1.0,1.0,0.0521817600212831,1.0,1.0,0.019718231821756,1.0,1.0,3.157213738332801e-06,1.0,1.0,0.0327955516419894,1.0,1.0,0.0002257188023605,1.0,0.0,4.858022581514539e-07,1.0,1.0,1.0273275311094062e-05,1.0,0.0,0.0005563016114425,1.0,0.0,0.0207435414807701,1.0,0.0,4.55159383074087e-05,1.0,0.0,3.74707955739445e-05,1.0,1.0,0.0025639954535781,1.0,0.0,0.000163209780001,C/C,0.022235032911996,1.0,0.000148226400367,0.0,0.0829291246065756,1.0,1.0,1.0,0.0278800628915833,1.0,1.0,1.0,0.0,5.593412839602391e-07,1.0,0.099999999999989,1.0,0.0104533418023842,1.0,1.0,1.0,0.0079418088317486,1.0,0.0,0.0,0.0015468277321189,1.0,1.0,1.0,0.0347347203986064,1.0,1.0,1.0,8.187056024222197e-15,1.0,1.0,0.0,,0.0,0.0001186551312439,1.0,5.402445072656509e-05,1.0,0.0,0.0,2.8574328880747086e-11,1.0,1.0,1.0,0.6266325402901579,0.0020620280948536,1.0,1.0,0.0,0.0019017748759747,1.0,1.0,1.0,0.0002143922503177,1.0,0.0,0.0,0.0002307527767702,1.0,0.0,1.0,0.000279461850346,1.0,1.0,0.0,0.0100698575974031,1.0,1.0,0.0,0.0,0.0001386252000001,1.0,1.2620252413753198e-05,1.0,0.0,0.0,0.0006659733788081,1.0,1.0,1.0,0.0,0.00029525996169,1.0,1.0,1.0,0.0008625322736575,1.0,1.0,0.0,0.0049448243104209,1.0,0.0,0.0,0.0077942593201561,1.0,0.0,1.0,0.1002148632364026,1.0,0.0,1.0,0.0006343564830257,1.0,0.0,0.0,0.0,0.0014865892137481,1.0,8.397541829615968e-05,1.0,0.0,0.1981024921274355,0.0008111049686799,1.0,2.064501639640685e-11,0.0,0.0002077626270634,1.0,1.0,1.0,0.0,0.0053775866244429,1.0,1.0,0.0,0.0002006424,1.0,1.0,1.0,1.4062500000000737e-05,1.0,0.0,0.0,0.0151634393675101,1.0,1.0,1.0,0.0066316384278477,1.0,0.0,0.0,0.0011625980446791,1.0,0.0,1.0,0.9914467770511322,0.9401645304914876,0.9730999387053136,5.577281660669188,0.5895126155764888,7.34053809640203,P,S,0
VAR_001850,,,,,,,,,,,,,,,,,,,,,,,,,,,,,,,,,,,,,,,,,,,,,,,,,,,,,,,,,,,,,,,,,,,,,,,,,,,,,,,,,,,,,,,,,,,,,,,,,,,,,./.,./.,5.55528610257896,5.771718658221016,,0.0,8.793001799056035e-06,1.0,1.0,5.919405080935927e-05,1.0,1.0,0.0005058277205081,1.0,0.0,2.0089938698414024e-09,1.0,1.0,9.088866565685809e-08,1.0,0.0,3.227316311646884e-12,1.0,1.0,2.6374642519034887e-06,1.0,0.0,0.0001717242693583,1.0,1.0,0.0008216251475321,1.0,1.0,0.0093213509475591,1.0,0.0,3.2840764991134794e-05,1.0,1.0,3.78716458605095e-11,1.0,1.0,6.252666195758307e-07,1.0,1.0,0.0103409655922492,1.0,0.0,4.496400002778139e-05,1.0,1.0,0.0228502280408202,1.0,0.0,1.030560411311886e-08,1.0,0.0,4.010639902822617e-16,1.0,1.0,0.0397561927363039,1.0,1.0,1.732814217900897e-07,1.0,0.0,8.305429331545675e-06,1.0,1.0,0.0231559877412937,1.0,1.0,2.2149556808314267e-05,1.0,0.0,0.008497107981878,1.0,1.0,0.0001904499515358,1.0,1.0,8.794277789759156e-05,1.0,0.6302734766177358,0.0321413507314651,1.0,0.0,0.099517447577517,1.0,,,./.,8.79390005578669e-05,,,,,,,,,,,,,,,,,,,,,,,,,,,,,,,,,,,,,,,,,,,,,,,,,,,,,,,,,,,,,,,,,,,,,,,,,,,,,,,,,,,,,,,,,,,,,,,,,,,,,,,,,,,,,,0.0,0.0041309552268119,1.0,2.5380841180648005e-07,1.0,0.0,1.0,0.0047269731382438,1.0,0.0999999997124166,0.0,1.1255623940908084e-12,1.0,0.0,1.0,1.0,0.0001258785113293,1.0,1.0,0.0,1.143961694561562e-10,1.0,1.0,0.0,0.0173854375236787,1.0,1.0,1.0,2.903437234422385e-11,1.0,0.0,0.0,1.255538686111481e-05,1.0,1.0,1.0,1.799256271052474e-09,1.0,0.0,1.0,1.0,0.9935397052502788,0.9814756757851916,8.645701011334223,0.6294783021346196,11.886136438634423,A,T,0
VAR_001823,0.0079434190848559,0.0467721887308844,0.0723446379765399,0.0062100086986582,0.0063797968832257,0.0219268537175404,0.00173407333976,0.0930352821680666,2.8017594001460845e-05,0.0002481598402797,0.0100737591887209,0.0306270000087577,0.0002897100000004,0.0021015918606158,0.0082745994182462,0.0030456000000415,7.683675124634628e-05,0.0008148543333132,0.0498166097886557,2.5624264660421127e-11,0.0664816154268997,0.03548219212863,0.0628385838784933,0.0030253991979391,0.0014949690598616,0.032679,gnomADg_FIN,1.0,0.0097895603098394,0.0,0.0970681109355465,0.0,0.0469099550959604,1.0,0.0062499999999999,1.0,0.0062783111288379,1.0,0.0016317689981676,1.0,0.0005954486116943,1.0,1.0,0.030838693792663,1.0,0.0,0.0999757273280899,1.0,1.0,0.0108898939050299,1.0,1.0,0.0086724276512876,1.0,1.0,0.0265215134690083,1.0,1.0,0.0002946463288277,1.0,0.0,1.0266254173859672e-11,1.0,1.0,0.0080955350533772,1.0,1.0,0.0081777545995055,1.0,0.0,0.0002431118314424,1.0,1.0,0.0011757349881666,1.0,0.0,0.0645127903149043,1.0,1.0,0.0007927291308953,1.0,1.0,4.1895140224045874e-05,1.0,1.0,0.0617159706635913,1.0,1.0,0.000467030030461,1.0,0.0,0.0006617700005964,1.0,0.0,0.025804410428319,1.0,AllofUs_EAS,0.0,0.0003899272949776,1.0,A/A,A/A,5.460674690859554,5.8000230918481,2.893676172003298,1.0,4.912868288563546e-05,1.0,0.0,0.0002266204874739,1.0,1.0,2.5541391246135583e-06,1.0,0.0,0.003906861192526,1.0,0.0,0.0001379536773074,1.0,1.0,0.00029187,1.0,1.0,0.0020876980199418,1.0,0.0,0.0002086492949026,1.0,0.0,3.578936138454658e-05,1.0,1.0,0.0020259336505121,1.0,1.0,0.0177925194012371,1.0,0.0,0.0001395927660603,1.0,0.0,1.5415984711856205e-05,1.0,0.0,8.992116282477614e-06,1.0,0.0,0.0009765571692402,1.0,1.0,0.0396482794122836,1.0,0.0,0.0002189700061242,1.0,0.0,0.000810374314134,1.0,0.0,0.0037712466840675,1.0,1.0,0.0953452012161334,1.0,1.0,0.0014139591640354,1.0,0.0,0.0004453383992847,1.0,0.0,0.0005929244516771,1.0,1.0,0.0138190861818045,1.0,1.0,0.0813531397738426,1.0,1.0,0.0999868632674429,1.0,1.0,0.0076893362087722,1.0,1.0,0.0275186146478671,1.0,1.0,0.0005406417976828,A/A,0.0318524142770747,1.0,0.0156639764804792,1.0,0.0010226211712404,1.0,1.0,1.0,7.141210737461399e-06,1.0,0.0,1.0,1.0,0.0002148424482397,1.0,0.0895769225013969,1.0,0.0092553114571961,1.0,0.0,1.0,0.0318501102321211,1.0,1.0,1.0,0.0079323531651198,1.0,0.0,1.0,0.0092931237856273,1.0,0.0,0.0,0.0013394068134322,1.0,0.0,1.0,,1.0,0.0976219483218012,1.0,0.0242845733797993,1.0,0.0,1.0,2.1927452792694143e-08,1.0,0.0,1.0,1.0,9.445207806060777e-05,1.0,1.0,1.0,0.0395898494729523,1.0,0.0,1.0,0.0313315200005748,1.0,1.0,0.0,0.0010235478567144,1.0,0.0,1.0,0.0094639540184531,1.0,1.0,0.0,0.0220854184157025,1.0,1.0,0.0,1.0,0.0351481170243244,0.0,0.0063065381637284,1.0,0.0,1.0,5.3934256830164664e-08,1.0,1.0,1.0,0.0,0.0001476846065774,1.0,1.0,1.0,0.0116149957072795,1.0,1.0,1.0,0.0458507672025696,1.0,0.0,1.0,0.0007939341003968,1.0,1.0,1.0,0.0100640707084741,1.0,0.0,1.0,0.0007351020027218,1.0,1.0,0.0,1.0,0.0019228079252175,0.0,3.599475763866741e-05,1.0,1.0,0.6077749174484693,0.003024043136243,1.0,0.0999999999848515,0.0,3.823299460258728e-05,1.0,1.0,1.0,0.0,0.0002132212049964,1.0,1.0,1.0,0.009908095205999,1.0,0.0,1.0,0.0556352421959622,1.0,0.0,1.0,0.0052078988940766,1.0,1.0,1.0,0.0326193649055551,1.0,1.0,1.0,0.0005534676321005,1.0,1.0,1.0,0.9823785764502778,0.974246013813499,1.0,8.576024591673944,0.756,11.653775228180937,E,G,0
VAR_001819,,,,,,,6.269557413280672e-07,7.872087671304268e-06,0.0904598684491121,0.0017505944552517,0.0002011953242157,0.0116814916658947,4.513978677555644e-05,2.711413885128489e-08,4.0804025457884855e-05,5.91666239641074e-06,3.495745993203387e-06,8.889758830548915e-06,5.905566603538545e-05,5.5821202422728414e-08,4.754422060748216e-06,2.391975822855944e-07,1.494019195439286e-05,1.1493478137118422e-08,0.0538346040826194,0.0395437356836237,gnomADg_AMR,,,,,,,,,,,,,0.0,9.351980210235192e-13,1.0,1.0,0.0999096470976148,1.0,0.0,0.0738949034656239,1.0,0.0,9.371951183269712e-09,1.0,1.0,0.0084751650201536,1.0,0.0,0.0278319958437947,1.0,1.0,1.586456899232749e-05,1.0,0.0,3.8972984004717977e-07,1.0,1.0,0.0087117154146009,1.0,0.0,1.3680830963273428e-05,0.0,0.0,0.0627841198702106,1.0,0.0,0.0026761579333941,1.0,0.0,3.2181590861939544e-05,0.0,1.0,1.8342000576886296e-06,1.0,0.0,2.717289407439084e-07,0.0,1.0,0.0022644819437833,0.0,1.0,0.0018640543905313,1.0,1.0,0.0003751113473494,0.0,1.0,0.0001850651761037,1.0,AllofUs_EUR,0.0,4.602122649271834e-09,1.0,C/C,C/C,5.570445155523204,5.584033438046849,,1.0,0.0819911102320347,1.0,1.0,0.0006088387118553,1.0,1.0,2.759228111428518e-05,1.0,0.0,0.0001669993906299,1.0,0.0,0.0366888612449661,1.0,1.0,2.073442011711176e-06,1.0,1.0,3.786612424102575e-05,1.0,1.0,5.44320273740154e-07,1.0,0.0,2.7779924206021745e-12,1.0,1.0,0.0459592077182949,1.0,0.3067220345285742,0.0209552062745449,1.0,0.0,0.0143511890144405,1.0,0.0,0.0955203155302114,1.0,0.0,0.0176963745743445,1.0,1.0,0.0002884826309467,1.0,1.0,1.344131040431657e-09,1.0,1.0,0.0001023969984316,1.0,1.0,3.4631321875298334e-07,1.0,0.0,0.0011357368523953,1.0,1.0,1.2560472017106951e-05,1.0,1.0,0.0008102531781538,1.0,0.0,2.315646942218181e-05,1.0,0.0,2.922309816706241e-06,1.0,1.0,2.19913917160876e-06,1.0,0.0,0.0014003260980943,1.0,0.0,0.0002967019082595,1.0,1.0,6.1799360062679685e-06,1.0,1.0,0.099811604889963,1.0,,,C/C,3.5220598703252934e-05,,,,,,,,,,,,,,,,,,,,,,,,,,,,,,,,,,,,,,,,,,,,,,,,,,,,,,,,,,,,,,,,,,,,,,,,,,,,,,,,,,,,,,,,,,,,,,,,,,,,,,,,,,,,,,0.0,3.1084314292486145e-06,1.0,0.0947200496831481,1.0,1.0,0.3252942682929638,3.036740451522208e-05,1.0,0.0001041512524198,0.0,1.5004531919875163e-05,1.0,0.0,1.0,0.0,0.0008559652789017,1.0,0.594071227692388,1.0,4.770532155833295e-05,1.0,0.0,0.0,6.0335205368158774e-12,1.0,1.0,1.0,1.5265013318078604e-05,1.0,0.0,1.0,1.5004530000035522e-05,0.0,1.0,1.0,0.0034539216798364,1.0,1.0,1.0,0.9989725830231996,0.9952504724734684,1.0,7.133872084556063,0.6090086689263695,7.473888029678853,H,Y,1
VAR_001806,0.0012600037685721,0.0996211664874853,0.0002530240687969,0.0164858238740435,0.0018046970797217,0.004590000817706,0.00139653442766,0.1002150999889903,0.0034678505776004,0.0004978317415421,0.0021861121137221,0.0018656591040227,0.0011784999243587,0.0014760808697465,0.0109265033690243,0.0029595320127707,0.100092383900848,2.5104298880396358e-06,0.0006288690865159,7.596243327292495e-06,0.0011749688298591,0.0001694700880415,0.0014487942521624,0.0153062438518311,0.0194687056678174,0.0133439562159423,gnomADe_MID,1.0,0.0012823931902809,1.0,9.72504828089894e-06,1.0,5.562092481095478e-05,0.099965216147566,0.0041830266127432,1.0,0.0017892646230473,0.4069758117268689,0.0711049132020875,1.0,0.0002855354790354,1.0,0.0,0.0002448781744733,1.0,0.0,0.0998428305718625,1.0,1.0,0.0056360304267379,1.0,1.0,7.483085085960605e-07,1.0,1.0,0.0014496059870638,1.0,1.0,0.0023953190954619,1.0,0.0,0.0623313066202791,1.0,0.0,0.0021111582284813,1.0,1.0,0.0005774947826579,1.0,1.0,0.0074020580235122,1.0,0.0,0.0167535427558284,1.0,1.0,0.0003786669619332,1.0,1.0,0.0012870006075343,1.0,1.0,0.0018751597701547,1.0,0.0,3.8891585161095686e-08,0.0,1.0,0.001524600007626,1.0,0.0,0.0016440804309217,1.0,1.0,0.0068706000000123,1.0,AllofUs_MID,1.0,0.0067716402918288,1.0,T/T,T/T,5.744806570626215,5.858949428225442,3.7878947454414695,0.0,0.0673299120353898,1.0,1.0,0.0317650152150855,1.0,1.0,7.246015490205738e-09,1.0,0.0,0.0003205559422502,1.0,1.0,0.0014908721209064,1.0,0.0,0.0014844309015785,1.0,0.0,0.0083974061672757,1.0,1.0,0.0218887827855824,1.0,1.0,0.0006782258205301,1.0,1.0,0.0316192320954123,1.0,0.0,0.0008971200127845,1.0,1.0,0.0019101506915503,1.0,0.0,0.0016572212021845,1.0,1.0,0.0130325715823156,1.0,1.0,0.0577816807507029,1.0,1.0,0.0010863001140927,1.0,1.0,0.009908229365879,1.0,1.0,0.0047466,1.0,1.0,0.0008196016093357,1.0,1.0,0.0060478501837788,1.0,1.0,0.0025096985778391,1.0,1.0,0.0064179000001989,1.0,1.0,0.0119284448292485,1.0,0.0,0.0179547301207111,1.0,0.0,0.0023598636056848,1.0,1.0,0.0016405474020613,1.0,0.0,0.0055516292001143,1.0,0.0,0.0003817053177915,1.0,0.0,0.001069806531824,T/T,0.0084643715077133,0.0,0.0148432984439678,0.0,0.0981606809907781,1.0,0.0,1.0,0.001423548,1.0,0.0,1.0,0.9185449018584614,9.552232374860917e-13,1.0,0.0004776638300283,1.0,1.5045303401535982e-13,1.0,1.0,1.0,0.0006462789231332,1.0,1.0,0.0,0.0012008448831553,1.0,1.0,1.0,0.0073262354928204,1.0,0.0,1.0,0.0066911158471524,1.0,0.0,1.0,,1.0,0.0025292385551812,1.0,0.0188606024405878,1.0,0.0,1.0,0.0013468320000024,1.0,0.0,1.0,0.0,9.541056732208059e-11,1.0,0.692993358568052,1.0,3.4018037088938946e-10,1.0,1.0,1.0,8.804682893170028e-05,1.0,1.0,1.0,0.0012394939490592,1.0,1.0,1.0,0.0062647789218699,1.0,1.0,1.0,0.0069775195532615,1.0,0.0,0.0,0.0,0.0092947913995195,1.0,0.0001665538471204,1.0,1.0,0.0,0.0013642650000224,1.0,1.0,1.0,0.0,2.807058128473388e-05,1.0,1.0,1.0,8.665887341974567e-17,1.0,0.9463964793915366,1.0,0.0013607941514982,1.0,1.0,0.0,0.0015197080124671,1.0,1.0,1.0,0.0067639232373114,1.0,0.0,0.0,0.0355811660310611,1.0,0.0,1.0,0.0,0.0016447453360612,1.0,0.0999591713071462,1.0,1.0,0.0908746994928512,0.0044270836863179,1.0,2.8797544303810844e-08,0.0,0.001084572915403,1.0,1.0,1.0,0.0,0.0021884082220851,1.0,1.0,0.0,8.413486313499217e-05,1.0,1.0,1.0,0.0312264590037014,1.0,1.0,0.0,0.0011928334683271,1.0,0.0,1.0,0.0112507610320106,1.0,1.0,1.0,0.0061867636888159,1.0,0.0,1.0,0.9772559355409716,1.0,0.9685181292232242,7.643962650701743,0.6602910242530462,8.225763731435789,I,T,0
VAR_001885,0.0246784008051729,0.0943035743198117,0.0014282307638764,8.526356906309212e-09,0.0001102008858778,4.0759194210938354e-05,0.0673519971194157,0.0044516860926652,0.0004295865974519,0.0020614767139029,0.0050752070781807,0.0545470803854422,0.0075252023104697,0.0003924001368082,0.0042050701064613,0.0003474132159518,0.0318947953325331,4.256768923143101e-10,0.0004122902017601,0.0004817078398885,0.0009596619683562,8.651340352495715e-10,0.0001989000023068,0.0012771,0.0112345934616154,0.0160275633510686,gnomADg_MID,0.0,0.0002447188389483,1.0,0.0587593209703239,0.1841691539343404,0.0012968489039638,1.0,0.0034385568680357,1.0,4.113608005967509e-07,1.0,0.0009028850231694,1.0,9.129577853898824e-05,1.0,0.0,9.431064520610498e-05,1.0,1.0,0.0997724238727865,1.0,1.0,0.0070324620469247,1.0,1.0,4.1328295767727996e-07,1.0,0.0,0.0002235033646801,1.0,0.0,0.0010210505012353,1.0,0.0,1.5538151769405854e-11,1.0,1.0,0.0003027043500904,1.0,0.0,0.0005541173711633,1.0,0.0,4.0557604832643626e-15,1.0,1.0,0.0045421155218464,1.0,1.0,0.0002419200002244,1.0,1.0,0.0189115922645075,1.0,1.0,0.0007365738894406,1.0,1.0,9.4595876934083e-05,0.0,1.0,0.0002155989142567,1.0,0.0,0.0024504373902303,1.0,0.0,0.001144847506417,1.0,AllofUs_MID,0.0,7.676090673887803e-25,0.0,G/G,G/G,4.83485911431328,3.682658784008888,,0.0,0.0001984500197017,1.0,0.0,0.0001637100001034,1.0,0.0,0.0056288377613737,1.0,1.0,6.643847390107465e-05,1.0,0.0,0.0001364400141502,1.0,1.0,0.0001291795262619,1.0,0.0,0.0001548707014579,1.0,0.0,0.0763459873598593,1.0,1.0,0.0399782444236693,1.0,1.0,0.0025032683259337,1.0,0.0,7.476519159905999e-05,1.0,1.0,0.0018036719551657,1.0,1.0,0.0384781449181175,1.0,1.0,0.0011828101742156,1.0,1.0,8.2602e-06,1.0,0.0,0.0001621762933329,1.0,1.0,0.023936686053504,1.0,0.0,0.0192713437134906,1.0,0.0,0.0002789102077433,1.0,1.0,0.0004109899521928,1.0,1.0,0.0082040104513025,1.0,1.0,0.0199864442526501,1.0,0.0,0.0004161299850373,1.0,0.0,0.0142556030664837,1.0,0.0,0.0132352098915773,1.0,1.0,0.0006555892840762,1.0,1.0,0.0004069309578213,1.0,1.0,0.0001696906024114,1.0,0.0,0.0011789807193817,G/G,0.0013930255949142,1.0,0.0002327538547648,1.0,0.0812281701909918,1.0,0.0,1.0,0.0079036828899361,1.0,0.0,1.0,1.0,1.9033630679799758e-11,1.0,1.6966697365032682e-11,1.0,0.0209628362881557,1.0,1.0,1.0,0.0741745112727884,1.0,1.0,1.0,0.0127217030776286,1.0,1.0,1.0,0.0766940119452382,1.0,0.9016766161394576,0.0,0.0078652900504397,1.0,0.0,1.0,,0.0,0.0002533133234627,0.0,0.010990478100717,1.0,1.0,1.0,0.0010372404416385,1.0,1.0,1.0,0.0,4.1071427886247764e-12,1.0,0.0,0.0,0.0002991476936911,1.0,1.0,0.0,1.340655869009667e-07,1.0,0.0,1.0,0.0155230575740818,1.0,0.0,1.0,0.0002377931092397,1.0,1.0,0.0,0.0005096631358895,1.0,1.0,1.0,1.0,0.0012452788561355,0.0,3.414157353268965e-07,1.0,1.0,1.0,0.0004075991583256,1.0,0.0,1.0,1.0,8.717293797338929e-05,1.0,0.0,0.0,0.0047605278446501,1.0,0.0,0.0,0.0772380447448319,1.0,1.0,1.0,0.0112949741892383,1.0,0.0,0.0,0.0341373725277816,1.0,1.0,0.0,8.561171018183763e-05,1.0,0.0,1.0,1.0,0.000151606459453,1.0,0.0881509315867484,1.0,0.0,1.0,0.0131252509476915,1.0,0.0526736517932934,1.0,0.0003834065736234,1.0,1.0,1.0,0.0,1.026949583876862e-08,1.0,1.0,1.0,0.0007322730581145,1.0,1.0,0.0,7.088163036591246e-05,1.0,0.0,0.0,0.0298012189155224,1.0,0.0,1.0,0.087717705541137,0.0,1.0,1.0,0.0036721286782467,1.0,0.0,1.0,1.0,0.9984386819708578,1.0,7.469149708767341,0.681078510845615,6.135908197940666,V,I,0
VAR_001772,,,,,,,0.0019686033183684,0.0998897548777867,0.0027845105537588,1.3846775890460362e-08,0.0153968334407821,0.0006148737146928,0.0001983600000168,0.000163980717258,1.043100041801689e-05,0.0001675833688782,0.0060404380879521,0.00247000491971,0.0001954782652086,1.18972606369911e-09,0.0290017733126705,2.281172263334332e-05,0.0003043800034189,0.0010120856163228,0.0001254330456585,0.0030728222519121,gnomADg_MID,,,,,,,,,,,,,1.0,6.24586474061502e-05,1.0,0.0,0.0116804965328503,1.0,1.0,0.0999668623449332,1.0,0.0,3.481504052971514e-07,1.0,0.0,0.0015868817230565,1.0,1.0,0.000339908697643,1.0,1.0,0.0020324314171272,1.0,0.0,0.0009932779496889,1.0,1.0,0.000173547330992,1.0,1.0,3.9579849101417645e-09,1.0,0.0,0.0010647430030077,1.0,0.0,0.0003173247086221,1.0,1.0,0.0002805633542523,1.0,1.0,0.0001962016859089,1.0,1.0,0.0002814670903574,1.0,0.0,3.704241979226349e-07,1.0,1.0,0.0002067300058466,1.0,0.0,0.0195288806207597,1.0,1.0,0.0011448,0.0,AllofUs_MID,0.0,2.953281932355876e-06,0.0,./.,./.,4.205813024356058,2.1648563478476044,1.6359096183378408,0.0,0.036842719146101,1.0,1.0,0.0002721321480928,1.0,0.0,0.0022007731263048,1.0,1.0,0.0004535837422243,1.0,0.0,0.0002289600168451,1.0,1.0,0.0002443384590836,1.0,1.0,0.0029131130131205,1.0,1.0,0.0013719318321354,1.0,0.0,0.0002282109738982,1.0,1.0,0.00010193310234,1.0,0.0,7.020914551730965e-05,1.0,1.0,0.0002434084203691,1.0,1.0,3.713400000330897e-05,1.0,0.0,0.0001213967701185,1.0,1.0,1.3737593453997343e-05,1.0,1.0,0.00022824,1.0,0.0,0.0001576800001966,1.0,0.0,0.0026366959003048,1.0,1.0,0.000853207202771,1.0,1.0,6.911100000474948e-05,1.0,1.0,0.0001286193598127,1.0,1.0,3.902474134702825e-05,1.0,1.0,4.241701079952895e-05,1.0,1.0,2.0707145583229405e-05,1.0,1.0,0.0001832400000127,1.0,0.0,0.0521711878498924,1.0,0.0,0.0001886411031476,1.0,0.0,0.000225937674949,1.0,1.0,0.0009042444265979,./.,0.0352021931923154,0.0,0.0002174870337451,0.0,5.672397374120142e-08,1.0,0.0,1.0,1.1302448932479278e-05,1.0,0.0,1.0,0.0,0.0138143926821076,1.0,0.0995920218583991,1.0,2.39203885502568e-12,1.0,1.0,0.0,0.023826772255572,1.0,0.0,1.0,0.002758370055638,1.0,1.0,1.0,0.0003579464903387,1.0,1.0,0.0,0.0468257591550276,1.0,1.0,1.0,,0.0,0.000125574568195,1.0,3.0366151477401065e-07,1.0,1.0,1.0,5.388443865985413e-05,1.0,0.0,1.0,0.0,0.0074544767315792,1.0,0.0,0.0,1.9324923741093526e-10,1.0,1.0,0.0,1.666292265408602e-05,1.0,1.0,1.0,0.0075733055736567,1.0,1.0,1.0,0.0881861299405949,1.0,1.0,1.0,5.726666496267351e-09,1.0,1.0,0.0,1.0,0.0028095039512201,0.0,2.3510720765824416e-06,1.0,0.0,1.0,0.0193466928990935,1.0,0.996756941487146,1.0,1.0,2.1079801307299327e-16,1.0,1.0,1.0,0.0004122673764659,1.0,0.0,1.0,0.0518097662751954,1.0,1.0,0.0,0.0003323810114165,1.0,0.0,1.0,0.0095432654937783,1.0,0.0,1.0,7.9095841782903e-08,1.0,1.0,0.0,0.0,0.0001923849437208,1.0,0.0686053598197987,1.0,1.0,0.0,0.0032467709488098,1.0,0.0999999539019552,1.0,6.015235758279125e-05,1.0,0.0,1.0,0.0,1.6783336012540412e-05,1.0,0.0,1.0,0.0010097460931124,1.0,0.0,0.0,0.0435467827234751,1.0,1.0,0.0,0.0010183929903855,1.0,1.0,1.0,0.1009625487030939,1.0,1.0,0.0,9.882943832119071e-06,1.0,1.0,0.0,1.0,0.9829432617348324,1.0,1.080764773267178,0.6242371555465732,1.2501021166944932,V,I,0
VAR_001858,0.0005400000123393,0.0998573083161823,1.0898439273284418e-19,6.744036434782055e-12,0.0009045203196311,0.0096359067352326,8.937567619970404e-05,0.0014427658578779,0.0001354313442636,9.539030209079776e-09,1.5123384089018088e-05,1.3488462566202417e-07,0.0140974440673559,1.526584198866596e-05,0.0014553125553091,0.0001232002922556,0.0001383601484843,0.0743607544894806,2.7352872234712017e-13,1.2867998880760078e-07,0.0493981030400474,5.0724397520193735e-06,7.399569249075657e-10,0.0386597864345046,0.0022509653026144,0.0027900129770373,SAS,0.0,0.0014643771912774,0.0,6.329871823444032e-05,0.0,0.0470464910419519,0.0,3.850112521339819e-05,1.0,8.3156666904046e-06,1.0,0.0028157953070236,1.0,6.306764067219305e-11,1.0,0.0,0.0388412965634989,1.0,1.0,0.0059493266186161,1.0,0.0,5.387403372105722e-06,1.0,1.0,6.592703103936131e-23,1.0,1.0,0.0122341866123348,1.0,1.0,0.0907537203328998,1.0,1.0,0.0038030656844068,1.0,1.0,4.6389714104632244e-14,1.0,1.0,0.0043162491792486,1.0,0.0,4.357269348658016e-05,1.0,0.0,2.093159103465113e-07,1.0,0.0,0.0001773838377742,0.0,1.0,0.0520673315332969,1.0,0.0,0.0001630721999638,1.0,0.0,5.611432880945056e-07,1.0,0.0,0.0102563724405587,0.0,0.0,1.215520398493556e-07,0.0,1.0,0.0019377012358943,0.0,AllofUs_SAS,0.0,0.0025838951800001,1.0,./.,./.,4.822997355739287,4.718450477431121,2.5735384990800174,1.0,0.10000336871723,1.0,1.0,5.757786169869034e-05,1.0,0.0,1.5685142815452495e-08,1.0,0.0,3.597315476760276e-07,1.0,0.0,0.0007237802277043,1.0,0.0,0.0066528040018248,1.0,0.0,0.032621042393965,1.0,0.0,0.0037365103613574,1.0,0.0,0.0007039665309129,1.0,1.0,0.0009871690872988,1.0,1.0,0.00041329759342,1.0,0.0,4.416400680042469e-05,1.0,1.0,0.0976742214118237,1.0,0.0,0.0925797301165616,1.0,1.0,0.0595445935178725,1.0,1.0,5.373193357709248e-05,1.0,0.0,0.0003335146601433,1.0,1.0,2.2407225448873838e-05,1.0,1.0,1.8997382636714768e-07,1.0,0.0,0.1000034577303246,1.0,1.0,4.564800000000002e-06,1.0,1.0,0.0020509454401642,1.0,1.0,0.0010818000004189,1.0,1.0,0.0588579539005974,1.0,0.0,0.0012297894431093,1.0,1.0,0.0863503336915773,1.0,0.0,2.2518000022544267e-06,1.0,0.0,0.0015941866728482,1.0,1.0,0.0045393407793578,./.,0.0027782110506161,0.0,0.0484813707018315,1.0,0.0974147729602978,1.0,0.0,1.0,1.3585941383807497e-15,1.0,1.0,1.0,0.0,0.0128639404219694,1.0,0.0999447813305888,0.0,0.0782720785950423,1.0,1.0,1.0,4.2834135285369726e-08,1.0,1.0,1.0,6.3252769283032336e-18,1.0,1.0,1.0,0.001227276,1.0,0.0,0.0,0.0024068829285127,1.0,1.0,0.0,decoy&segdup,0.0,0.0084728183403933,1.0,0.0008150179178037,1.0,1.0,1.0,7.450694347466448e-10,1.0,1.0,1.0,1.0,3.435735958370843e-11,1.0,1.0,1.0,2.156586052244082e-07,1.0,0.0,0.0,1.5562821779340022e-10,1.0,1.0,0.0,1.9380203720420133e-13,1.0,0.0,0.0,0.0073728654333121,1.0,1.0,1.0,0.0388200920135436,1.0,1.0,0.0,0.0,0.0466754200137417,1.0,0.0707028100790032,1.0,0.0,0.0,2.548464624037436e-07,1.0,0.0,1.0,0.0,1.1673143135836632e-05,1.0,0.0,1.0,0.0569783032382029,1.0,1.0,0.0,1.549835963789047e-11,1.0,1.0,1.0,3.146807365818645e-08,1.0,0.0,1.0,0.001439037022585,1.0,1.0,0.0,0.0047738210279124,1.0,0.0,0.0,0.0,0.0011221190738373,0.0,2.497863072879059e-05,1.0,1.0,0.0,3.9529277097242754e-22,1.0,0.0999816145519209,1.0,5.965327924623207e-07,1.0,1.0,1.0,0.0,1.029356083050774e-12,1.0,1.0,1.0,5.9968342300221985e-09,1.0,1.0,1.0,0.0002025385382298,1.0,1.0,1.0,7.903543348554068e-09,1.0,1.0,1.0,0.0161124863790437,1.0,1.0,1.0,0.0014950148730533,1.0,0.0,0.0,0.9867016461987504,0.8273429639488532,1.0,7.361041401889468,0.6418799749430247,7.672400053507341,V,A,1
VAR_001977,,,,,,,0.0013310478754894,0.0902806799471591,0.0001966088137447,0.0199742805797408,0.0060419505845589,1.8930594085488625e-17,8.056655376819687e-05,0.0003539793902197,1.215192379790608e-09,,,,,,,,,,,4.0824e-06,gnomADe_NFE,,,,,,,,,,,,,,,,,,,,,,,,,,,,,,,,,,,,,,,,,,,,,,,,,,,,,,,,,,,,,,,,,,,,,,,,,,T/T,T/T,5.102785438186024,5.602336916114945,,1.0,0.0003794369926009,1.0,1.0,3.833402361647913e-06,1.0,1.0,0.0053595475015956,1.0,1.0,5.086901397450751e-07,1.0,1.0,5.804269112091653e-06,1.0,1.0,1.1313162726754607e-05,1.0,0.0,2.1713916492128192e-13,1.0,1.0,4.9959000004546685e-06,1.0,0.0,1.6197138696721995e-07,1.0,1.0,1.690141020693774e-10,1.0,1.0,0.0044091741221893,1.0,0.0,2.0547567377273072e-05,1.0,1.0,0.000371029652505,1.0,0.0,6.350680804369524e-06,1.0,0.0,2.551650514106656e-09,1.0,1.0,0.0069886337739638,1.0,0.0,0.0089380825129906,1.0,0.0,2.9946224059397807e-16,1.0,1.0,0.0005177912034817,1.0,0.0,0.0999996840458418,1.0,0.0,1.2573000000000123e-05,1.0,0.0,2.8068443705118668e-11,1.0,0.0,0.0149674580346315,1.0,1.0,7.960364285816334e-16,1.0,0.0,0.000166665813872,1.0,0.0,0.0998606758703764,1.0,0.0,2.2779000012008225e-07,1.0,0.0,4.2877536047779785e-08,1.0,,,T/T,0.0056236733829373,,,,,,,,,,,,,,,,,,,,,,,,,,,,,,,,,,,,,,,,,,,,,,,,,,,,,,,,,,,,,,,,,,,,,,,,,,,,,,,,,,,,,,,,,,,,,,,,,,,,,,,,,,,,,,0.0,0.0005727894081979,0.0,0.0371700336213147,1.0,0.0,1.0,1.1973984121247154e-05,1.0,0.076147221041516,0.0,3.497617158227323e-05,1.0,0.0,1.0,1.0,7.488639753223675e-06,1.0,1.0,0.0,0.0408736797343602,1.0,1.0,0.0,0.0002868990329517,1.0,1.0,0.0,4.067337149098667e-06,1.0,0.0,1.0,3.844872019110848e-06,1.0,1.0,1.0,4.9904110067464273e-11,1.0,1.0,0.0,1.0,1.0,0.9620165887135784,3.009531380832572,0.6603731643028612,5.0095718764758175,D,E,0
VAR_001945,,,,,,,2.4584581279420855e-05,0.0008430387692993,0.0066050191644133,2.4793150121101257e-06,0.0223379438116052,0.0001839262565835,0.0016437402356866,0.0012358989691844,2.0119492101209327e-10,0.0736439985501334,5.3827659854779095e-19,0.0113476294150473,0.0008779029627418,9.690919202677586e-13,6.9629074420591526e-12,0.0003669376906336,0.0033724016381825,7.76760267696721e-06,2.698188289628172e-05,2.663890741550023e-05,gnomADe_REMAINING,,,,,,,,,,,,,1.0,2.3384083417963134e-17,1.0,0.0,0.0967208185414275,1.0,0.0,3.821872580415696e-05,1.0,0.0,0.0003653543292399,1.0,0.4784266843477351,8.480856204604493e-11,1.0,0.0,8.397721621550778e-06,1.0,0.0,6.151933516820367e-07,1.0,0.0,5.824780644891121e-05,1.0,0.0,0.0001841276139658,1.0,0.0,0.0032271412755517,1.0,1.0,1.3067912244840376e-31,1.0,0.0,0.0002466627139728,1.0,0.0,0.0002917427331285,1.0,0.0,0.0892353735411526,1.0,0.0,0.0002087416998244,1.0,1.0,8.907292197056223e-08,0.0,0.0,2.1847265779236685e-05,1.0,0.0,6.561758334581292e-09,1.0,1.0,0.0075835772111663,1.0,AllofUs_EUR,1.0,7.948697445109779e-13,1.0,T/T,T/T,5.632504380331452,5.625860882981218,3.174761032397138,0.0,0.0010148567938351,1.0,0.0,5.4747e-06,1.0,1.0,0.0056203053313698,1.0,0.0,0.0385491416106509,1.0,1.0,0.0003028258179353,1.0,1.0,2.676428022226e-05,1.0,1.0,2.1810389069798722e-09,1.0,0.0,0.0056668709133087,1.0,0.0,1.9314990834488943e-08,1.0,0.0,0.0059729383266586,1.0,0.0,4.801053291733504e-07,1.0,0.0,0.002731004606296,1.0,1.0,0.0999770110408147,1.0,1.0,1.2787993710043574e-10,1.0,1.0,0.0373595298999832,1.0,0.0,9.831715577554552e-06,1.0,1.0,0.0001571401912104,1.0,1.0,0.0273404517291641,1.0,1.0,0.0020053555695519,1.0,1.0,8.697375758491691e-12,1.0,1.0,5.297211706838097e-05,1.0,1.0,1.4973479603497538e-14,1.0,1.0,0.0074591359322405,1.0,1.0,6.63777483547237e-05,1.0,0.0,2.825459007635547e-05,1.0,0.0,7.854077633675945e-07,1.0,1.0,3.660019001103976e-05,1.0,0.0,2.3982195584810255e-05,1.0,0.0,6.800858104081989e-06,T/T,0.0001900430359972,0.0,8.234064000000018e-06,0.0,7.136999716455402e-06,1.0,0.0,0.0,0.0205955568847338,1.0,1.0,1.0,1.0,3.5558962646788225e-06,1.0,0.0006172690875269,0.0,9.587089653348012e-05,1.0,1.0,1.0,0.0001362344852755,1.0,0.0,1.0,2.2498502574100263e-05,1.0,0.0,0.0,2.1066781150656005e-05,1.0,0.0,0.0,6.0283815804593e-08,1.0,0.0,0.0,,1.0,0.0010893316997644,0.0,0.0001407721962989,1.0,1.0,1.0,0.0003243494801973,1.0,0.0,1.0,0.0,5.0902916471937756e-08,1.0,0.0,1.0,1.2974746735335722e-08,1.0,0.0,0.0,2.742411112998572e-06,1.0,1.0,1.0,3.3713497603842754e-05,1.0,0.0,0.0,0.000143563992565,1.0,1.0,0.0,0.0016414349352782,1.0,1.0,1.0,0.0,1.043995859694882e-05,0.0,0.0114357471019953,1.0,1.0,1.0,0.0375189126056036,1.0,1.0,1.0,1.0,1.0118691097428204e-05,1.0,0.0,1.0,5.910944828556009e-13,1.0,0.0,1.0,0.0680742804321791,1.0,0.0,1.0,0.0233121862627919,1.0,0.0,1.0,0.0126233048279917,1.0,1.0,1.0,1.2298063905383171e-14,1.0,0.0,0.0,0.0,8.505277368697367e-06,1.0,1.1269067835900543e-08,1.0,1.0,0.0,4.961198505787493e-06,1.0,1.0048839631537431e-09,1.0,0.0059518626919198,1.0,0.0,1.0,0.0,0.0047942539131565,1.0,0.0,1.0,0.0044045122620752,1.0,1.0,0.0,9.90635090828144e-06,1.0,0.0,0.0,0.002068491991008,1.0,1.0,1.0,0.0017131554431216,1.0,1.0,1.0,4.5769060240348375e-19,1.0,1.0,0.0,0.994185109858318,0.9940004775091508,0.9980432628050834,8.153326144691341,0.6138749129079272,7.798526306777113,L,P,1
VAR_001934,,,,,,,0.0056233933919453,0.0005500974049953,6.04350126814803e-05,1.3456706291912386e-10,7.593733901700986e-08,2.080724780635871e-06,0.0118465102817352,0.0118093125141621,2.9177460848616723e-09,0.0128817281436851,0.0004658443866676,2.331970560164231e-26,0.0001766700772863,1.136430658626482e-06,0.0002974181736794,2.333464251795048e-09,0.0057701867858193,1.3578950195286715e-05,2.338343937689175e-07,0.0043531350807297,gnomADg_NFE,,,,,,,,,,,,,0.0,0.0119711040504018,1.0,0.0,6.50806591460555e-05,1.0,0.2725761714248297,0.0826999770533195,1.0,0.0,1.1180701371373114e-05,1.0,0.0,9.87313408728973e-19,1.0,1.0,0.0013258091360237,1.0,1.0,0.0029064189783394,1.0,1.0,1.0286084494817965e-05,1.0,1.0,0.0043548362346225,1.0,0.0,1.9685005885686765e-07,1.0,0.0,0.0072132759900816,1.0,1.0,0.0005775236654113,1.0,1.0,0.098662347144058,1.0,1.0,0.0003778205403223,1.0,0.0,0.0003025148558589,1.0,0.0,8.371800530754906e-05,1.0,1.0,0.0005433580358109,1.0,0.0,0.0003610800197399,1.0,1.0,0.0005433889656303,1.0,AllofUs_EUR,0.0,1.5713822680092766e-07,1.0,T/T,T/T,6.16,5.920897708919692,3.67522397857169,1.0,0.0001327510417231,1.0,1.0,0.0298914618712573,1.0,1.0,9.081593604138732e-06,1.0,0.0,0.0001076253798992,1.0,0.0,0.0016807766275789,1.0,1.0,0.0066220721273903,1.0,1.0,3.41213152827548e-05,1.0,1.0,0.000559722011471,1.0,0.0,0.016919216141299,1.0,0.0,0.0008566680848397,1.0,0.037801505428781,0.0134526438148512,1.0,0.0,0.0006351302792733,1.0,1.0,0.1000306657854055,1.0,0.0,5.101245747772944e-05,1.0,0.0,5.43602023944753e-06,1.0,0.0,0.00062451,1.0,1.0,0.000242020279199,1.0,0.0,0.0478506349377039,1.0,0.0,0.0365492495922838,1.0,0.0,0.1001173396180592,1.0,1.0,0.000143460000065,1.0,0.0,0.0313202216633874,1.0,1.0,2.2122000000000277e-05,1.0,1.0,0.000452213914979,1.0,0.0,0.0001942200207022,1.0,0.0,0.0002524960853832,1.0,1.0,0.0001979511783293,1.0,1.0,0.1001253737837367,1.0,1.0,0.0002992605532405,T/T,0.0058581531894839,1.0,0.0001865006111524,0.0,0.0999673904949532,1.0,1.0,0.0,7.058075762904014e-05,1.0,1.0,1.0,0.0,0.0004181789180476,1.0,0.0886453466236559,0.0,1.278120207104892e-17,1.0,1.0,0.0,4.034751325210154e-06,1.0,0.0,1.0,0.0004427532844873,1.0,1.0,0.0,0.0004423486308959,1.0,1.0,1.0,0.0776900377419535,1.0,1.0,1.0,,0.0,0.0002156950428261,0.0,6.041453319399489e-05,1.0,1.0,1.0,5.268708e-05,1.0,0.0,1.0,0.0,0.0005507795290163,1.0,0.0,1.0,2.881604776055887e-12,1.0,1.0,0.0,4.55759582834299e-07,1.0,0.0,1.0,0.000557210023067,1.0,0.6391308662069847,1.0,0.0645985603220812,1.0,1.0,0.2815775691620089,6.672149717676351e-06,1.0,1.0,1.0,0.0,0.0002381202268803,0.0,5.55281275819261e-05,1.0,0.0,1.0,0.0012301644161607,1.0,0.0,1.0,1.0,0.0461455387316527,1.0,0.0,1.0,5.389806049412497e-13,1.0,0.0,1.0,0.0177126963315842,1.0,0.0,1.0,0.0004934346736648,1.0,0.0,0.0,0.000526351606318,1.0,0.0,0.0,2.5621611628970064e-14,1.0,0.0,1.0,1.0,0.0005883440698905,0.0,0.0625590154651654,1.0,1.0,0.0,0.0041549096462312,1.0,0.1,1.0,0.0046124359268725,1.0,1.0,1.0,1.0,8.890205324306998e-08,1.0,1.0,0.0,0.0006372531097507,1.0,1.0,0.0,1.4292131707392808e-11,1.0,0.0,1.0,0.0063848034204149,1.0,0.0,1.0,0.000614057596389,1.0,1.0,0.0,3.2660618267604385e-13,1.0,0.0,0.0,0.9910018585027288,0.6394968386000348,0.9580799600288415,7.426630130249476,0.6969638857312382,7.589198677330624,I,T,0
VAR_001956,,,,,,,,,,,,,,,,,,,,,,,,,,,,,,,,,,,,,,,,,,,,,,,,,,,,,,,,,,,,,,,,,,,,,,,,,,,,,,,,,,,,,,,,,,,,,,,,,,,,,T/T,T/T,5.910938765032354,2.2297241784836084,-1.3468949790742109,,,,,,,,,,,,,,,,,,,,,,,,,,,,,,,,,,,,,,,,,,,,,,,,,,,,,,,,,,,,,,,,,,,,,,,,,,,,,,,,,,,,,,,T/T,3.3291672252844866e-05,,,,,,,,,,,,,,,,,,,,,,,,,,,,,,,,,,,,,,,,,,,,,,,,,,,,,,,,,,,,,,,,,,,,,,,,,,,,,,,,,,,,,,,,,,,,,,,,,,,,,,,,,,,,,,1.0,0.0001302121380855,1.0,0.0144667663816449,1.0,1.0,0.0,0.0019716058238842,1.0,0.0272759251483844,0.0,1.9067827835281266e-07,1.0,0.0,1.0,0.0,0.0001401087786257,1.0,0.0,0.0,0.041148417944413,1.0,0.0,0.0,0.0035874173472973,1.0,0.0,1.0,1.4001724616531592e-08,1.0,1.0,1.0,0.0004498795719729,1.0,0.0,0.0,0.0012428152850777,1.0,1.0,1.0,0.8305990751171466,1.0,0.9519274806062776,-0.0357087866566202,0.6122600859546572,0.6581326827653252,D,E,0
