row_index,Variant_ID,Label,is_master_shared,validation_fold
0,VAR_004572,1,True,-1
1,VAR_004387,0,False,1
2,VAR_001540,0,False,1
3,VAR_000808,1,False,4
4,VAR_000082,1,False,2
5,VAR_002119,0,False,0
6,VAR_006245,0,False,2
7,VAR_000163,1,False,1
8,VAR_005692,1,False,2
9,VAR_006030,1,False,0
10,VAR_004890,0,False,1
11,VAR_000584,0,False,2
12,VAR_003833,0,False,0
13,VAR_001918,1,True,-1
14,VAR_002625,1,False,0
15,VAR_001845,0,False,2
16,VAR_001979,1,True,-1
17,VAR_000636,1,True,-1
18,VAR_005011,1,False,2
19,VAR_005563,1,False,1
20,VAR_002538,1,False,4
21,VAR_002184,1,False,0
22,VAR_005553,1,False,0
23,VAR_006223,0,False,3
24,VAR_003782,1,False,0
25,VAR_000884,1,False,2
26,VAR_001654,0,False,0
27,VAR_005367,1,False,1
28,VAR_004860,1,False,0
29,VAR_002738,1,True,-1
30,VAR_000023,1,False,2
31,VAR_005772,1,False,0
32,VAR_002449,1,False,3
33,VAR_004889,1,False,1
34,VAR_002343,1,False,2
35,VAR_004330,0,False,1
36,VAR_000637,1,False,2
37,VAR_001186,1,False,4
38,VAR_005545,0,False,1
39,VAR_000578,1,True,-1
40,VAR_005018,0,False,2
41,VAR_002397,1,True,-1
42,VAR_005647,1,False,1
43,VAR_004634,0,False,2
44,VAR_002020,1,False,0
45,VAR_001239,1,False,4
46,VAR_001880,1,True,-1
47,VAR_004829,1,False,0
48,VAR_001582,0,False,0
49,VAR_001872,1,True,-1
50,VAR_004209,0,False,3
51,VAR_001548,1,False,0
52,VAR_003059,1,True,-1
53,VAR_004466,1,False,4
54,VAR_004873,1,False,3
55,VAR_001018,1,True,-1
56,VAR_005839,1,False,0
57,VAR_003136,1,True,-1
58,VAR_000344,0,False,0
59,VAR_000741,0,False,3
60,VAR_000752,1,False,3
61,VAR_001791,1,True,-1
62,VAR_000132,0,False,3
63,VAR_005138,1,False,2
64,VAR_005771,1,False,2
65,VAR_000927,1,True,-1
66,VAR_001841,1,True,-1
67,VAR_003641,0,False,1
68,VAR_000438,0,False,4
69,VAR_004716,1,True,-1
70,VAR_000853,1,False,1
71,VAR_002211,1,False,3
72,VAR_002235,0,False,4
73,VAR_003024,1,True,-1
74,VAR_001432,0,False,1
75,VAR_003334,1,False,3
76,VAR_005614,1,False,4
77,VAR_000414,1,False,0
78,VAR_005881,0,False,4
79,VAR_003160,1,True,-1
80,VAR_004708,0,True,-1
81,VAR_000086,1,False,0
82,VAR_000732,1,False,4
83,VAR_004760,1,False,0
84,VAR_002218,1,False,4
85,VAR_006065,1,False,2
86,VAR_005989,1,False,4
87,VAR_006413,0,False,0
88,VAR_001425,0,False,4
89,VAR_000053,0,False,1
90,VAR_004347,1,True,-1
91,VAR_006300,0,False,3
92,VAR_000540,0,False,4
93,VAR_004040,1,False,2
94,VAR_001261,1,True,-1
95,VAR_003541,1,False,0
96,VAR_005702,1,False,3
97,VAR_003522,0,False,3
98,VAR_002815,1,True,-1
99,VAR_001843,1,True,-1
100,VAR_004687,0,False,4
101,VAR_005060,1,False,4
102,VAR_000630,1,True,-1
103,VAR_002834,1,True,-1
104,VAR_002915,1,True,-1
105,VAR_002048,0,False,4
106,VAR_005699,1,False,3
107,VAR_005255,1,False,1
108,VAR_004795,1,False,3
109,VAR_000800,0,False,2
110,VAR_002746,1,True,-1
111,VAR_003421,0,False,1
112,VAR_002580,1,True,-1
113,VAR_000081,1,False,1
114,VAR_000850,1,False,0
115,VAR_003325,1,False,0
116,VAR_005416,0,False,0
117,VAR_006407,0,False,0
118,VAR_006584,1,False,0
119,VAR_005443,1,False,2
120,VAR_003252,1,False,2
121,VAR_001102,1,True,-1
122,VAR_005097,0,False,4
123,VAR_003331,0,False,0
124,VAR_000259,1,False,0
125,VAR_001754,0,False,4
126,VAR_002777,1,True,-1
127,VAR_000576,1,True,-1
128,VAR_003389,1,False,0
129,VAR_002884,1,True,-1
130,VAR_004467,1,False,2
131,VAR_000200,1,False,1
132,VAR_005242,1,False,0
133,VAR_005501,1,False,3
134,VAR_002854,1,True,-1
135,VAR_005498,1,False,1
136,VAR_005069,1,False,1
137,VAR_002092,0,False,3
138,VAR_002604,1,True,-1
139,VAR_000790,1,False,4
140,VAR_002426,1,False,2
141,VAR_006155,1,False,0
142,VAR_004509,1,False,3
143,VAR_000116,0,False,1
144,VAR_000602,1,True,-1
145,VAR_003013,0,False,3
146,VAR_006532,0,False,4
147,VAR_001690,0,False,3
148,VAR_004258,0,False,3
149,VAR_003384,1,False,0
150,VAR_000981,1,False,3
151,VAR_003771,1,False,2
152,VAR_001968,1,True,-1
153,VAR_001497,0,False,4
154,VAR_001001,1,True,-1
155,VAR_002986,1,True,-1
156,VAR_000588,0,True,-1
157,VAR_000784,1,False,4
158,VAR_000153,1,False,4
159,VAR_005152,0,False,4
160,VAR_004575,1,True,-1
161,VAR_002798,0,False,0
162,VAR_002180,1,False,3
163,VAR_004291,1,False,4
164,VAR_006072,0,False,1
165,VAR_001204,1,False,1
166,VAR_002277,1,False,3
167,VAR_004565,1,True,-1
168,VAR_003157,1,True,-1
169,VAR_002727,0,True,-1
170,VAR_004375,1,True,-1
171,VAR_000914,1,False,1
172,VAR_002457,1,False,2
173,VAR_006382,1,False,0
174,VAR_006330,1,False,0
175,VAR_006100,1,False,0
176,VAR_000382,1,False,1
177,VAR_001978,1,True,-1
178,VAR_006429,0,False,0
179,VAR_001649,1,False,0
180,VAR_006525,1,False,1
181,VAR_003086,0,False,2
182,VAR_001013,1,True,-1
183,VAR_006115,0,False,0
184,VAR_004598,0,False,2
185,VAR_004511,1,False,3
186,VAR_001359,1,False,0
187,VAR_005952,1,False,0
188,VAR_002024,1,False,0
189,VAR_000558,0,False,3
190,VAR_005438,1,False,4
191,VAR_002158,1,False,3
192,VAR_003318,1,False,4
193,VAR_000404,0,False,3
194,VAR_001746,0,False,2
195,VAR_002150,1,False,4
196,VAR_001426,0,False,3
197,VAR_003695,1,True,-1
198,VAR_002189,1,False,0
199,VAR_002624,1,True,-1
200,VAR_006077,0,False,4
201,VAR_006496,1,False,3
202,VAR_001495,0,False,4
203,VAR_003021,1,True,-1
204,VAR_002956,1,True,-1
205,VAR_000950,1,True,-1
206,VAR_003044,1,True,-1
207,VAR_006133,0,False,1
208,VAR_001881,1,True,-1
209,VAR_004576,1,True,-1
210,VAR_002398,1,True,-1
211,VAR_000777,1,False,1
212,VAR_002038,1,False,3
213,VAR_003287,1,False,1
214,VAR_002925,1,True,-1
215,VAR_002077,1,False,1
216,VAR_000385,0,False,3
217,VAR_004868,1,False,4
218,VAR_001297,1,False,2
219,VAR_000032,1,False,3
220,VAR_001889,1,True,-1
221,VAR_001581,1,False,2
222,VAR_002539,1,False,2
223,VAR_000358,1,False,1
224,VAR_006379,1,False,4
225,VAR_005885,0,False,1
226,VAR_000631,1,True,-1
227,VAR_000614,1,True,-1
228,VAR_001996,1,False,4
229,VAR_004116,0,False,3
230,VAR_000585,1,True,-1
231,VAR_000714,1,False,3
232,VAR_002904,1,True,-1
233,VAR_003420,1,False,1
234,VAR_001099,1,True,-1
235,VAR_000114,1,False,4
236,VAR_004581,0,True,-1
237,VAR_003253,0,False,1
238,VAR_005950,0,False,1
239,VAR_006284,1,False,1
240,VAR_001662,0,False,2
241,VAR_003704,1,True,-1
242,VAR_002748,1,True,-1
243,VAR_003672,1,True,-1
244,VAR_000325,0,False,2
245,VAR_001571,1,False,3
246,VAR_002578,1,True,-1
247,VAR_005698,1,False,1
248,VAR_005964,1,False,1
249,VAR_006082,1,False,2
250,VAR_005164,1,False,4
251,VAR_003161,1,True,-1
252,VAR_000284,1,False,0
253,VAR_001336,1,False,2
254,VAR_005219,0,False,2
255,VAR_000186,1,False,0
256,VAR_002278,1,False,2
257,VAR_005718,1,False,2
258,VAR_002569,0,True,-1
259,VAR_000681,1,True,-1
260,VAR_003450,1,False,4
261,VAR_000966,1,True,-1
262,VAR_001346,1,False,4
263,VAR_005921,1,False,3
264,VAR_004728,1,True,-1
265,VAR_005212,1,False,0
266,VAR_006051,1,False,1
267,VAR_000435,1,False,4
268,VAR_006012,0,False,4
269,VAR_000138,1,False,4
270,VAR_000389,1,False,2
271,VAR_003698,1,True,-1
272,VAR_003530,1,False,4
273,VAR_001284,1,False,2
274,VAR_004844,1,False,3
275,VAR_003995,1,False,3
276,VAR_003268,1,False,1
277,VAR_002310,1,False,0
278,VAR_000982,0,False,3
279,VAR_003403,1,False,0
280,VAR_000311,0,False,4
281,VAR_003507,0,False,2
282,VAR_005386,0,False,3
283,VAR_002673,1,True,-1
284,VAR_005980,0,False,4
285,VAR_005425,0,False,1
286,VAR_004983,1,False,3
287,VAR_002480,1,False,2
288,VAR_001959,1,True,-1
289,VAR_005415,1,False,1
290,VAR_003863,1,False,0
291,VAR_005969,0,False,2
292,VAR_004383,1,True,-1
293,VAR_001178,1,False,4
294,VAR_003333,1,False,2
295,VAR_006337,1,False,3
296,VAR_004899,1,False,3
297,VAR_001177,1,False,1
298,VAR_005169,1,False,0
299,VAR_000123,0,False,0
300,VAR_005609,1,False,3
301,VAR_002315,1,False,2
302,VAR_003818,0,False,0
303,VAR_003626,0,False,2
304,VAR_005821,0,False,2
305,VAR_004079,1,False,1
306,VAR_005607,1,False,4
307,VAR_000356,0,False,0
308,VAR_000064,1,False,0
309,VAR_003030,1,True,-1
310,VAR_003102,1,True,-1
311,VAR_002593,0,True,-1
312,VAR_003671,1,False,2
313,VAR_000345,1,False,0
314,VAR_005714,1,False,2
315,VAR_002843,1,False,3
316,VAR_001373,0,False,0
317,VAR_000072,1,False,1
318,VAR_006001,1,False,2
319,VAR_003055,1,True,-1
320,VAR_001837,1,False,4
321,VAR_003051,0,False,2
322,VAR_006255,0,False,0
323,VAR_002813,1,True,-1
324,VAR_005191,1,False,4
325,VAR_002568,0,False,4
326,VAR_006460,1,False,0
327,VAR_000840,1,False,0
328,VAR_001329,0,False,4
329,VAR_000755,0,False,1
330,VAR_004900,1,False,3
331,VAR_005837,1,False,1
332,VAR_003766,1,False,4
333,VAR_003515,1,False,2
334,VAR_006348,1,False,2
335,VAR_003927,1,False,1
336,VAR_005850,0,False,1
337,VAR_003662,1,True,-1
338,VAR_005540,1,False,0
339,VAR_000847,1,False,0
340,VAR_003854,1,False,4
341,VAR_006338,1,False,4
342,VAR_001051,0,False,3
343,VAR_005337,1,False,3
344,VAR_000753,1,False,3
345,VAR_002043,1,False,2
346,VAR_002726,0,False,1
347,VAR_002185,1,False,4
348,VAR_001391,1,False,4
349,VAR_005345,0,False,4
350,VAR_002804,1,True,-1
351,VAR_004445,0,False,4
352,VAR_000369,0,False,2
353,VAR_005440,1,False,4
354,VAR_005794,1,False,0
355,VAR_006466,1,False,1
356,VAR_000512,1,False,4
357,VAR_001508,0,False,1
358,VAR_003510,1,False,0
359,VAR_002136,1,False,2
360,VAR_006198,1,False,4
361,VAR_000115,1,False,0
362,VAR_000056,0,False,3
363,VAR_001069,1,True,-1
364,VAR_001868,1,True,-1
365,VAR_004808,1,False,3
366,VAR_005711,1,False,0
367,VAR_002789,1,False,2
368,VAR_000449,1,False,2
369,VAR_001253,1,True,-1
370,VAR_004308,1,False,1
371,VAR_001447,0,False,0
372,VAR_002651,1,True,-1
373,VAR_003509,0,False,3
374,VAR_005477,1,False,0
375,VAR_004049,0,False,1
376,VAR_002203,1,False,3
377,VAR_002778,1,True,-1
378,VAR_004089,1,False,4
379,VAR_005728,0,False,1
380,VAR_002605,1,True,-1
381,VAR_002939,1,True,-1
382,VAR_003020,1,False,0
383,VAR_002085,0,False,2
384,VAR_005315,1,False,1
385,VAR_001794,1,False,3
386,VAR_000759,0,False,2
387,VAR_003659,1,True,-1
388,VAR_004627,0,True,-1
389,VAR_004945,1,False,4
390,VAR_000674,1,True,-1
391,VAR_005310,1,False,3
392,VAR_003769,1,False,2
393,VAR_002019,1,False,3
394,VAR_000060,1,False,0
395,VAR_000699,1,True,-1
396,VAR_003513,1,False,3
397,VAR_004015,1,False,3
398,VAR_005797,1,False,3
399,VAR_002619,1,True,-1
400,VAR_002772,1,True,-1
401,VAR_006034,1,False,1
402,VAR_005763,1,False,1
403,VAR_005478,0,False,3
404,VAR_005708,0,False,3
405,VAR_004069,1,False,3
406,VAR_004026,1,False,4
407,VAR_005436,1,False,2
408,VAR_006576,1,False,2
409,VAR_002393,1,True,-1
410,VAR_004059,1,False,4
411,VAR_004005,1,False,3
412,VAR_001227,1,False,2
413,VAR_005555,1,False,2
414,VAR_005216,1,False,2
415,VAR_000461,1,False,4
416,VAR_003584,0,False,2
417,VAR_001604,1,False,4
418,VAR_002533,1,False,0
419,VAR_004136,1,False,2
420,VAR_005485,1,False,0
421,VAR_000628,1,True,-1
422,VAR_005836,1,False,4
423,VAR_000972,1,True,-1
424,VAR_005483,0,False,4
425,VAR_002767,1,False,2
426,VAR_000035,1,False,3
427,VAR_002828,1,True,-1
428,VAR_001813,0,False,4
429,VAR_000648,0,False,1
430,VAR_005721,1,False,0
431,VAR_006140,1,False,4
432,VAR_004490,1,False,1
433,VAR_004001,1,False,4
434,VAR_006106,1,False,2
435,VAR_006403,0,False,1
436,VAR_002004,1,False,4
437,VAR_000749,0,False,1
438,VAR_003269,1,False,4
439,VAR_002478,1,False,2
440,VAR_004031,1,False,3
441,VAR_006416,0,False,0
442,VAR_000583,0,False,4
443,VAR_000113,1,False,1
444,VAR_003883,0,False,0
445,VAR_004862,1,False,2
446,VAR_003173,1,True,-1
447,VAR_000525,0,False,3
448,VAR_005546,1,False,1
449,VAR_004169,1,False,3
450,VAR_004350,1,True,-1
451,VAR_001817,1,True,-1
452,VAR_002202,1,False,3
453,VAR_002712,1,False,1
454,VAR_001614,0,False,4
455,VAR_001431,0,False,0
456,VAR_004461,1,False,2
457,VAR_002161,1,False,3
458,VAR_004306,0,False,2
459,VAR_004207,0,False,1
460,VAR_000830,1,False,3
461,VAR_001288,0,False,4
462,VAR_003394,1,False,2
463,VAR_002357,0,False,1
464,VAR_001296,1,False,1
465,VAR_002041,1,False,1
466,VAR_001412,0,False,1
467,VAR_000502,0,False,4
468,VAR_003153,1,True,-1
469,VAR_001987,0,False,0
470,VAR_003750,1,False,2
471,VAR_002927,0,False,2
472,VAR_004604,0,False,4
473,VAR_000627,1,True,-1
474,VAR_001004,1,True,-1
475,VAR_001198,1,False,2
476,VAR_002555,0,False,3
477,VAR_004523,1,True,-1
478,VAR_006561,1,False,4
479,VAR_003734,1,False,4
480,VAR_003259,1,False,3
481,VAR_000988,1,True,-1
482,VAR_000547,0,False,1
483,VAR_000127,0,False,4
484,VAR_006500,1,False,0
485,VAR_001820,1,True,-1
486,VAR_005572,0,False,2
487,VAR_001236,1,False,2
488,VAR_000075,0,False,2
489,VAR_002491,1,False,0
490,VAR_005012,1,False,3
491,VAR_003107,1,True,-1
492,VAR_000710,0,False,1
493,VAR_005149,0,False,1
494,VAR_002371,0,False,2
495,VAR_005642,1,False,4
496,VAR_000470,1,False,3
497,VAR_002153,1,False,3
498,VAR_003215,0,False,4
499,VAR_002999,1,True,-1
500,VAR_004801,1,False,4
501,VAR_000575,1,True,-1
502,VAR_004770,1,False,1
503,VAR_000672,1,False,4
504,VAR_003142,1,False,1
505,VAR_002382,0,False,0
506,VAR_002467,1,False,2
507,VAR_000926,1,True,-1
508,VAR_005782,1,False,1
509,VAR_002272,1,False,4
510,VAR_002830,1,True,-1
511,VAR_004816,1,False,2
512,VAR_005583,1,False,0
513,VAR_003367,1,False,4
514,VAR_005239,1,False,1
515,VAR_001327,1,False,0
516,VAR_006047,1,False,0
517,VAR_002871,1,True,-1
518,VAR_006316,0,False,0
519,VAR_003483,0,False,2
520,VAR_005130,1,False,1
521,VAR_004786,1,False,1
522,VAR_006373,0,False,0
523,VAR_003896,0,False,0
524,VAR_003321,1,False,2
525,VAR_001477,1,False,2
526,VAR_002638,1,False,2
527,VAR_000644,1,False,2
528,VAR_000465,0,False,1
529,VAR_000816,1,False,1
530,VAR_002264,1,False,0
531,VAR_002755,1,True,-1
532,VAR_000275,1,False,4
533,VAR_002846,1,False,0
534,VAR_006490,1,False,1
535,VAR_002640,1,True,-1
536,VAR_002362,1,False,4
537,VAR_000221,1,False,1
538,VAR_000009,1,False,2
539,VAR_005898,0,False,0
540,VAR_000332,1,False,3
541,VAR_003093,1,True,-1
542,VAR_004022,1,False,4
543,VAR_004819,1,False,2
544,VAR_000882,1,False,2
545,VAR_000623,1,True,-1
546,VAR_002802,1,False,3
547,VAR_000951,1,True,-1
548,VAR_003800,1,False,4
549,VAR_002773,0,False,0
550,VAR_003761,0,False,4
551,VAR_005276,0,False,3
552,VAR_005143,1,False,1
553,VAR_001955,1,True,-1
554,VAR_002106,0,False,1
555,VAR_003246,1,False,2
556,VAR_004940,1,False,0
557,VAR_000099,0,False,0
558,VAR_005611,1,False,2
559,VAR_004605,1,True,-1
560,VAR_000606,1,True,-1
561,VAR_000505,1,False,2
562,VAR_003585,0,False,1
563,VAR_004761,1,False,1
564,VAR_005227,1,False,2
565,VAR_004155,0,False,1
566,VAR_005858,1,False,4
567,VAR_004369,0,False,3
568,VAR_004037,1,False,3
569,VAR_004913,0,False,0
570,VAR_005941,0,False,4
571,VAR_002759,1,True,-1
572,VAR_003557,0,False,1
573,VAR_001749,0,False,3
574,VAR_000685,1,True,-1
575,VAR_001133,1,False,1
576,VAR_000197,0,False,0
577,VAR_004317,1,False,2
578,VAR_003152,1,True,-1
579,VAR_005616,1,False,4
580,VAR_002556,0,True,-1
581,VAR_003697,0,False,3
582,VAR_005290,1,False,0
583,VAR_004806,1,False,0
584,VAR_003262,0,False,2
585,VAR_002931,1,True,-1
586,VAR_002899,1,True,-1
587,VAR_004980,1,False,4
588,VAR_002847,1,True,-1
589,VAR_005358,1,False,4
590,VAR_005957,1,False,1
591,VAR_005591,1,False,1
592,VAR_000251,0,False,0
593,VAR_003825,0,False,2
594,VAR_001857,1,True,-1
595,VAR_001410,1,False,3
596,VAR_001268,0,False,1
597,VAR_001000,0,False,4
598,VAR_002757,1,True,-1
599,VAR_003062,1,True,-1
600,VAR_002064,0,False,3
601,VAR_004216,0,False,1
602,VAR_003692,1,True,-1
603,VAR_005007,0,False,4
604,VAR_004252,1,False,4
605,VAR_000567,1,True,-1
606,VAR_006463,1,False,2
607,VAR_000846,0,False,1
608,VAR_002188,1,False,4
609,VAR_002664,1,False,4
610,VAR_003124,0,True,-1
611,VAR_003155,0,False,4
612,VAR_005106,1,False,4
613,VAR_004989,0,False,0
614,VAR_005526,1,False,2
615,VAR_003681,1,True,-1
616,VAR_004789,1,False,1
617,VAR_006370,1,False,0
618,VAR_002910,1,True,-1
619,VAR_003162,1,True,-1
620,VAR_001148,1,False,2
621,VAR_005854,1,False,3
622,VAR_001380,1,False,3
623,VAR_003229,0,True,-1
624,VAR_003538,1,False,0
625,VAR_002334,1,False,2
626,VAR_003070,1,True,-1
627,VAR_000675,0,True,-1
628,VAR_006383,0,False,2
629,VAR_000903,1,False,4
630,VAR_002159,1,False,0
631,VAR_003946,1,False,3
632,VAR_001995,1,False,1
633,VAR_001340,0,False,2
634,VAR_004727,1,True,-1
635,VAR_004460,0,False,0
636,VAR_006066,1,False,1
637,VAR_000245,1,False,3
638,VAR_003500,0,False,1
639,VAR_002146,1,False,1
640,VAR_004199,1,False,3
641,VAR_002340,1,False,0
642,VAR_002739,1,True,-1
643,VAR_003764,1,False,4
644,VAR_004838,1,False,0
645,VAR_002753,1,True,-1
646,VAR_000244,1,False,2
647,VAR_001543,1,False,4
648,VAR_004524,1,False,2
649,VAR_004177,1,False,4
650,VAR_001088,1,True,-1
651,VAR_004720,1,True,-1
652,VAR_005433,0,False,3
653,VAR_002718,1,False,0
654,VAR_005088,1,False,1
655,VAR_001796,1,True,-1
656,VAR_004123,1,False,1
657,VAR_002514,0,False,1
658,VAR_004085,0,False,4
659,VAR_003154,1,False,0
660,VAR_005296,1,False,3
661,VAR_001215,1,False,1
662,VAR_002940,1,True,-1
663,VAR_000590,1,True,-1
664,VAR_005880,0,False,1
665,VAR_005934,0,False,2
666,VAR_002744,0,False,3
667,VAR_004044,0,False,0
668,VAR_002841,1,False,0
669,VAR_000904,0,False,1
670,VAR_000833,1,False,3
671,VAR_002408,1,False,1
672,VAR_003175,1,False,1
673,VAR_001258,1,True,-1
674,VAR_001438,1,False,0
675,VAR_005949,0,False,1
676,VAR_003784,1,False,2
677,VAR_000992,1,True,-1
678,VAR_000109,1,False,4
679,VAR_006462,1,False,3
680,VAR_000111,1,False,4
681,VAR_000119,1,False,4
682,VAR_006489,1,False,0
683,VAR_004384,1,True,-1
684,VAR_004546,1,True,-1
685,VAR_004363,0,False,3
686,VAR_000643,1,False,2
687,VAR_002067,0,False,0
688,VAR_005944,1,False,0
689,VAR_003312,0,False,3
690,VAR_002193,0,False,3
691,VAR_003410,1,False,3
692,VAR_002355,1,False,2
693,VAR_000928,1,True,-1
694,VAR_002279,1,False,0
695,VAR_005495,1,False,3
696,VAR_003034,1,True,-1
697,VAR_001233,0,False,4
698,VAR_000260,1,False,2
699,VAR_003075,1,True,-1
700,VAR_006061,1,False,4
701,VAR_000721,1,False,2
702,VAR_004817,0,False,3
703,VAR_003969,1,False,1
704,VAR_002887,1,True,-1
705,VAR_001619,0,False,0
706,VAR_005357,1,False,4
707,VAR_004107,1,False,0
708,VAR_000865,1,False,1
709,VAR_002689,1,False,0
710,VAR_001883,1,True,-1
711,VAR_002977,1,True,-1
712,VAR_006174,1,False,2
713,VAR_004924,1,False,4
714,VAR_005513,1,False,3
715,VAR_000047,0,False,2
716,VAR_002510,1,False,1
717,VAR_001414,1,False,0
718,VAR_005552,1,False,3
719,VAR_004400,1,True,-1
720,VAR_000142,1,False,0
721,VAR_003010,1,True,-1
722,VAR_004996,1,False,3
723,VAR_004302,1,False,2
724,VAR_002742,1,True,-1
725,VAR_004528,1,True,-1
726,VAR_004081,1,False,2
727,VAR_004060,0,False,2
728,VAR_005462,0,False,1
729,VAR_005573,1,False,4
730,VAR_000240,1,False,1
731,VAR_005996,1,False,4
732,VAR_002137,1,False,2
733,VAR_000841,1,False,3
734,VAR_002516,0,False,3
735,VAR_002127,0,False,3
736,VAR_005536,1,False,4
737,VAR_004480,0,False,2
738,VAR_000783,1,False,3
739,VAR_003902,1,False,0
740,VAR_001653,1,False,1
741,VAR_000513,0,False,1
742,VAR_001554,1,False,3
743,VAR_001379,1,False,0
744,VAR_004800,0,False,4
745,VAR_001174,1,False,3
746,VAR_000069,1,False,1
747,VAR_004027,1,False,0
748,VAR_004401,1,True,-1
749,VAR_000729,1,False,2
750,VAR_003961,1,False,4
751,VAR_005455,1,False,0
752,VAR_002587,1,True,-1
753,VAR_002403,0,False,1
754,VAR_004881,1,False,0
755,VAR_005859,1,False,2
756,VAR_005282,1,False,2
757,VAR_001143,1,False,0
758,VAR_003067,0,False,4
759,VAR_003679,1,True,-1
760,VAR_003411,1,False,1
761,VAR_002869,1,True,-1
762,VAR_000289,1,False,0
763,VAR_001816,1,True,-1
764,VAR_002265,1,False,4
765,VAR_004348,0,False,0
766,VAR_005185,1,False,0
767,VAR_003910,1,False,0
768,VAR_000676,1,True,-1
769,VAR_001343,0,False,3
770,VAR_000196,1,False,2
771,VAR_000303,1,False,1
772,VAR_005350,1,False,3
773,VAR_005995,1,False,3
774,VAR_000967,1,True,-1
775,VAR_006149,1,False,1
776,VAR_000987,1,True,-1
777,VAR_002047,1,False,2
778,VAR_003248,1,False,4
779,VAR_002920,0,False,3
780,VAR_002178,1,False,3
781,VAR_002581,1,False,4
782,VAR_000975,1,True,-1
783,VAR_004179,0,False,1
784,VAR_000944,1,True,-1
785,VAR_001950,1,False,1
786,VAR_005354,1,False,4
787,VAR_003536,1,False,3
788,VAR_002786,1,True,-1
789,VAR_002464,1,False,3
790,VAR_003026,1,True,-1
791,VAR_002252,0,False,4
792,VAR_000041,1,False,3
793,VAR_004929,0,False,2
794,VAR_004351,1,True,-1
795,VAR_005283,1,False,3
796,VAR_005517,1,False,0
797,VAR_004725,1,True,-1
798,VAR_001518,0,False,4
799,VAR_002536,1,False,3
800,VAR_001941,1,False,1
801,VAR_001094,1,False,2
802,VAR_000282,1,False,1
803,VAR_001420,0,False,4
804,VAR_004251,1,False,4
805,VAR_002445,1,False,4
806,VAR_004126,1,False,2
807,VAR_003167,1,True,-1
808,VAR_003241,1,True,-1
809,VAR_004718,1,True,-1
810,VAR_003174,1,True,-1
811,VAR_005248,1,False,3
812,VAR_001844,1,True,-1
813,VAR_000974,1,True,-1
814,VAR_003836,1,False,2
815,VAR_006099,1,False,1
816,VAR_000383,0,False,3
817,VAR_001958,1,True,-1
818,VAR_004289,1,False,2
819,VAR_000296,1,False,0
820,VAR_002498,0,False,3
821,VAR_004722,1,False,0
822,VAR_002200,1,False,1
823,VAR_003254,1,False,3
824,VAR_000350,0,False,3
825,VAR_000962,1,False,0
826,VAR_000915,1,False,1
827,VAR_000262,0,False,1
828,VAR_005220,0,False,3
829,VAR_002779,1,True,-1
830,VAR_006491,1,False,2
831,VAR_003887,0,False,3
832,VAR_003289,1,False,0
833,VAR_005685,1,False,2
834,VAR_000809,1,False,0
835,VAR_000467,0,False,0
836,VAR_000952,1,False,1
837,VAR_002623,1,True,-1
838,VAR_002951,0,True,-1
839,VAR_005165,1,False,0
840,VAR_000799,0,False,2
841,VAR_004608,0,False,2
842,VAR_006431,0,False,2
843,VAR_006404,0,False,0
844,VAR_005534,1,False,1
845,VAR_004416,1,False,0
846,VAR_000408,1,False,0
847,VAR_002982,1,False,2
848,VAR_002226,0,False,3
849,VAR_000147,1,False,1
850,VAR_003806,1,False,0
851,VAR_002597,0,False,0
852,VAR_000222,0,False,2
853,VAR_003780,1,False,0
854,VAR_002320,0,False,2
855,VAR_002896,1,True,-1
856,VAR_004489,0,False,4
857,VAR_000823,1,False,1
858,VAR_000827,1,False,1
859,VAR_004926,1,False,1
860,VAR_005917,0,False,2
861,VAR_001021,0,False,0
862,VAR_003032,1,True,-1
863,VAR_003798,1,False,0
864,VAR_002316,1,False,0
865,VAR_002257,1,False,3
866,VAR_002496,1,False,0
867,VAR_002509,1,False,0
868,VAR_001998,1,False,3
869,VAR_002142,1,False,4
870,VAR_006039,1,False,0
871,VAR_003369,1,False,1
872,VAR_005622,0,False,3
873,VAR_002585,1,True,-1
874,VAR_001669,0,False,3
875,VAR_002000,1,False,0
876,VAR_000088,0,False,2
877,VAR_002893,1,True,-1
878,VAR_003858,1,False,1
879,VAR_003765,0,False,3
880,VAR_005048,1,False,4
881,VAR_001479,0,False,0
882,VAR_002481,1,False,3
883,VAR_004646,0,False,4
884,VAR_003416,1,False,3
885,VAR_004950,0,False,3
886,VAR_002050,1,False,2
887,VAR_001758,0,False,0
888,VAR_004345,1,True,-1
889,VAR_002466,1,False,1
890,VAR_003240,1,False,1
891,VAR_003285,1,False,2
892,VAR_004417,1,True,-1
893,VAR_004647,1,True,-1
894,VAR_005994,1,False,3
895,VAR_003045,1,False,1
896,VAR_004392,1,False,0
897,VAR_005387,0,False,4
898,VAR_002179,1,False,1
899,VAR_002308,1,False,4
900,VAR_005908,1,False,0
901,VAR_000990,1,True,-1
902,VAR_005200,1,False,0
903,VAR_000095,1,False,1
904,VAR_003383,1,False,4
905,VAR_000968,1,True,-1
906,VAR_000426,1,False,3
907,VAR_005864,1,False,0
908,VAR_001402,1,False,0
909,VAR_002221,1,False,1
910,VAR_000813,1,False,2
911,VAR_005605,1,False,4
912,VAR_003893,0,False,1
913,VAR_001633,1,False,4
914,VAR_004202,0,False,3
915,VAR_001699,0,False,0
916,VAR_004843,1,False,1
917,VAR_005092,1,False,1
918,VAR_005700,0,False,3
919,VAR_001110,1,True,-1
920,VAR_005503,1,False,2
921,VAR_002882,1,True,-1
922,VAR_004644,0,False,0
923,VAR_001459,0,False,4
924,VAR_004978,1,False,2
925,VAR_004938,1,False,2
926,VAR_004062,1,False,0
927,VAR_006436,0,False,3
928,VAR_000901,0,True,-1
929,VAR_000538,1,False,2
930,VAR_005055,0,False,3
931,VAR_003377,1,False,2
932,VAR_000532,1,False,4
933,VAR_000265,1,False,4
934,VAR_000038,1,False,1
935,VAR_001347,1,False,1
936,VAR_000371,0,False,4
937,VAR_000162,1,False,1
938,VAR_005905,1,False,4
939,VAR_001038,0,False,2
940,VAR_000939,1,True,-1
941,VAR_004144,0,False,2
942,VAR_002814,1,False,2
943,VAR_000852,1,False,0
944,VAR_006566,1,False,3
945,VAR_001884,1,True,-1
946,VAR_002454,1,False,2
947,VAR_001584,1,False,2
948,VAR_004150,0,False,1
949,VAR_005733,0,False,4
950,VAR_003270,1,False,3
951,VAR_002877,1,False,2
952,VAR_004112,1,False,1
953,VAR_004321,1,False,2
954,VAR_003293,1,False,4
955,VAR_002234,1,False,3
956,VAR_002630,1,False,3
957,VAR_000941,1,True,-1
958,VAR_000923,0,False,0
959,VAR_005640,0,False,0
960,VAR_002515,1,False,2
961,VAR_001586,1,False,0
962,VAR_005401,1,False,4
963,VAR_005476,0,False,0
964,VAR_005765,1,False,0
965,VAR_005795,1,False,4
966,VAR_001774,1,False,0
967,VAR_000010,0,False,3
968,VAR_004777,1,False,3
969,VAR_004418,1,False,3
970,VAR_000912,1,False,2
971,VAR_004096,0,False,4
972,VAR_000167,1,False,0
973,VAR_002486,0,False,3
974,VAR_002488,1,False,4
975,VAR_004072,1,False,1
976,VAR_005715,1,False,4
977,VAR_005072,1,False,3
978,VAR_004962,1,False,2
979,VAR_003442,0,False,0
980,VAR_005992,1,False,3
981,VAR_005128,1,False,2
982,VAR_004419,1,True,-1
983,VAR_004779,1,False,3
984,VAR_002482,0,False,4
985,VAR_005177,1,False,4
986,VAR_006197,0,False,1
987,VAR_002657,1,True,-1
988,VAR_001486,1,False,2
989,VAR_003313,0,False,1
990,VAR_005017,1,False,1
991,VAR_006178,1,False,0
992,VAR_003143,1,True,-1
993,VAR_002154,1,False,3
994,VAR_000331,1,False,3
995,VAR_004331,0,False,3
996,VAR_006153,1,False,2
997,VAR_005061,1,False,1
998,VAR_006091,1,False,4
999,VAR_006263,1,False,1
1000,VAR_004842,1,False,2
1001,VAR_004824,1,False,2
1002,VAR_003865,1,False,4
1003,VAR_002601,0,False,2
1004,VAR_001092,0,False,0
1005,VAR_003664,1,True,-1
1006,VAR_003804,1,False,4
1007,VAR_000638,1,False,2
1008,VAR_001980,1,True,-1
1009,VAR_000292,1,False,2
1010,VAR_003281,1,False,0
1011,VAR_001283,0,False,3
1012,VAR_004113,1,False,3
1013,VAR_000283,1,False,4
1014,VAR_001383,1,False,3
1015,VAR_006582,1,False,3
1016,VAR_000862,0,False,3
1017,VAR_001388,1,False,0
1018,VAR_004454,0,False,2
1019,VAR_001405,1,False,0
1020,VAR_005710,1,False,1
1021,VAR_004051,1,False,4
1022,VAR_001401,0,False,1
1023,VAR_004167,0,False,3
1024,VAR_006045,1,False,4
1025,VAR_005764,1,False,3
1026,VAR_003019,1,True,-1
1027,VAR_001366,1,False,4
1028,VAR_005784,1,False,3
1029,VAR_004758,0,False,3
1030,VAR_000241,1,False,0
1031,VAR_000429,1,False,3
1032,VAR_002292,0,False,2
1033,VAR_004468,1,False,2
1034,VAR_002223,1,False,0
1035,VAR_002527,0,False,2
1036,VAR_006521,1,False,1
1037,VAR_006253,1,False,1
1038,VAR_005090,0,False,0
1039,VAR_000684,1,True,-1
1040,VAR_000022,1,False,2
1041,VAR_000231,1,False,1
1042,VAR_000278,1,False,1
1043,VAR_004848,0,False,4
1044,VAR_003016,0,False,1
1045,VAR_002825,1,True,-1
1046,VAR_000844,1,False,1
1047,VAR_002610,0,False,2
1048,VAR_001319,0,False,3
1049,VAR_001994,1,False,3
1050,VAR_000811,1,False,3
1051,VAR_000530,1,False,3
1052,VAR_004042,1,False,4
1053,VAR_006165,1,False,4
1054,VAR_005406,1,False,3
1055,VAR_001363,1,False,4
1056,VAR_002452,1,False,0
1057,VAR_000320,0,False,3
1058,VAR_001839,1,True,-1
1059,VAR_002168,1,False,3
1060,VAR_006199,0,False,3
1061,VAR_001418,1,False,0
1062,VAR_004084,0,False,1
1063,VAR_000059,1,False,4
1064,VAR_002993,1,True,-1
1065,VAR_003042,1,True,-1
1066,VAR_005843,1,False,1
1067,VAR_002948,1,False,2
1068,VAR_003678,1,False,0
1069,VAR_002661,1,True,-1
1070,VAR_002735,1,True,-1
1071,VAR_004016,1,False,4
1072,VAR_004541,1,True,-1
1073,VAR_003036,1,False,3
1074,VAR_005184,1,False,3
1075,VAR_004070,1,False,0
1076,VAR_006070,0,False,4
1077,VAR_005578,1,False,1
1078,VAR_003861,1,False,3
1079,VAR_002208,1,False,3
1080,VAR_000211,1,False,1
1081,VAR_005246,1,False,1
1082,VAR_000174,1,False,2
1083,VAR_004110,1,False,2
1084,VAR_004508,1,False,3
1085,VAR_003419,1,False,3
1086,VAR_002721,1,True,-1
1087,VAR_002299,1,False,1
1088,VAR_005145,1,False,3
1089,VAR_000571,1,True,-1
1090,VAR_004208,0,False,0
1091,VAR_001009,1,True,-1
1092,VAR_003375,1,False,4
1093,VAR_004352,1,True,-1
1094,VAR_004268,0,False,0
1095,VAR_001783,1,True,-1
1096,VAR_004766,1,False,0
1097,VAR_005032,1,False,1
1098,VAR_002928,1,True,-1
1099,VAR_002855,1,True,-1
1100,VAR_002576,1,True,-1
1101,VAR_006182,1,False,3
1102,VAR_001976,1,True,-1
1103,VAR_004583,0,False,0
1104,VAR_003345,1,False,2
1105,VAR_002003,0,False,4
1106,VAR_000266,1,False,4
1107,VAR_000328,1,False,3
1108,VAR_000697,1,False,0
1109,VAR_005157,1,False,1
1110,VAR_002423,1,False,4
1111,VAR_001037,1,False,2
1112,VAR_003908,0,False,2
1113,VAR_006596,1,False,1
1114,VAR_000517,0,False,0
1115,VAR_001908,0,False,1
1116,VAR_003756,1,False,4
1117,VAR_001306,0,False,1
1118,VAR_000957,1,False,0
1119,VAR_000497,1,False,1
1120,VAR_000169,1,False,2
1121,VAR_002204,1,False,3
1122,VAR_001028,1,True,-1
1123,VAR_002201,1,False,1
1124,VAR_004923,1,False,3
1125,VAR_001555,1,False,4
1126,VAR_001575,1,False,3
1127,VAR_000373,0,False,1
1128,VAR_004847,1,False,3
1129,VAR_002680,1,False,2
1130,VAR_001226,1,False,0
1131,VAR_002360,1,False,3
1132,VAR_001789,0,False,2
1133,VAR_003525,1,False,1
1134,VAR_005342,0,False,0
1135,VAR_002309,1,False,4
1136,VAR_005245,1,False,1
1137,VAR_001124,1,False,1
1138,VAR_000812,1,False,3
1139,VAR_000779,1,False,2
1140,VAR_002571,0,False,0
1141,VAR_004298,1,False,1
1142,VAR_006356,0,False,3
1143,VAR_004152,0,False,4
1144,VAR_002717,1,True,-1
1145,VAR_001255,1,True,-1
1146,VAR_003459,1,False,3
1147,VAR_003041,1,False,4
1148,VAR_005518,1,False,0
1149,VAR_004185,0,False,1
1150,VAR_002852,1,True,-1
1151,VAR_002006,1,False,4
1152,VAR_001970,1,True,-1
1153,VAR_001417,1,False,4
1154,VAR_005159,1,False,1
1155,VAR_001793,1,True,-1
1156,VAR_005410,0,False,3
1157,VAR_003144,1,True,-1
1158,VAR_005707,1,False,0
1159,VAR_000135,1,False,2
1160,VAR_005481,1,False,4
1161,VAR_000621,1,True,-1
1162,VAR_003370,1,False,2
1163,VAR_000476,1,False,0
1164,VAR_005187,1,False,3
1165,VAR_002872,1,True,-1
1166,VAR_004791,0,False,2
1167,VAR_001317,0,False,3
1168,VAR_005853,1,False,1
1169,VAR_001517,0,False,4
1170,VAR_006166,1,False,3
1171,VAR_006339,1,False,3
1172,VAR_002803,1,False,0
1173,VAR_001836,0,False,1
1174,VAR_001701,1,False,4
1175,VAR_006239,0,False,0
1176,VAR_001736,0,False,1
1177,VAR_005016,1,False,0
1178,VAR_006560,0,False,0
1179,VAR_002856,1,True,-1
1180,VAR_006498,1,False,2
1181,VAR_000411,0,False,3
1182,VAR_006264,1,False,3
1183,VAR_005051,0,False,2
1184,VAR_002888,1,True,-1
1185,VAR_001709,0,False,2
1186,VAR_001788,1,True,-1
1187,VAR_001803,1,True,-1
1188,VAR_003017,1,False,3
1189,VAR_006573,0,False,1
1190,VAR_000374,1,False,3
1191,VAR_001335,1,False,2
1192,VAR_003568,0,False,1
1193,VAR_000236,1,False,2
1194,VAR_006277,0,False,0
1195,VAR_004098,0,False,0
1196,VAR_000306,0,False,3
1197,VAR_005617,1,False,2
1198,VAR_000792,1,False,4
1199,VAR_002407,0,False,4
1200,VAR_006350,1,False,0
1201,VAR_004250,1,False,3
1202,VAR_004574,1,True,-1
1203,VAR_005010,1,False,1
1204,VAR_001711,1,False,3
1205,VAR_001251,1,True,-1
1206,VAR_004854,1,False,1
1207,VAR_004994,0,False,0
1208,VAR_004707,0,False,3
1209,VAR_005641,0,False,2
1210,VAR_003245,0,False,0
1211,VAR_002819,1,True,-1
1212,VAR_005183,1,False,0
1213,VAR_000415,1,False,2
1214,VAR_000528,1,False,0
1215,VAR_005162,1,False,4
1216,VAR_001440,1,False,2
1217,VAR_004809,1,False,2
1218,VAR_001117,1,True,-1
1219,VAR_004901,1,False,3
1220,VAR_005985,0,False,4
1221,VAR_006503,1,False,4
1222,VAR_004713,1,True,-1
1223,VAR_000531,1,False,1
1224,VAR_005769,1,False,1
1225,VAR_005551,1,False,3
1226,VAR_005365,1,False,1
1227,VAR_002985,1,False,4
1228,VAR_003960,1,False,0
1229,VAR_005695,1,False,4
1230,VAR_002259,1,False,3
1231,VAR_003986,1,False,1
1232,VAR_001723,0,False,1
1233,VAR_003860,1,False,2
1234,VAR_003857,1,False,1
1235,VAR_002839,1,True,-1
1236,VAR_001825,1,True,-1
1237,VAR_000288,1,False,4
1238,VAR_002998,1,True,-1
1239,VAR_003412,1,False,3
1240,VAR_005234,0,False,4
1241,VAR_000795,0,False,2
1242,VAR_004550,1,True,-1
1243,VAR_000141,1,False,3
1244,VAR_002628,1,True,-1
1245,VAR_005492,1,False,2
1246,VAR_003502,0,False,1
1247,VAR_000527,1,False,4
1248,VAR_003859,1,False,0
1249,VAR_000299,0,False,0
1250,VAR_004281,1,False,0
1251,VAR_001698,1,False,3
1252,VAR_004815,1,False,0
1253,VAR_002494,0,False,0
1254,VAR_001818,1,False,4
1255,VAR_004386,1,True,-1
1256,VAR_006305,0,False,2
1257,VAR_005135,1,False,3
1258,VAR_004736,0,False,1
1259,VAR_004012,1,False,4
1260,VAR_003708,0,False,4
1261,VAR_004230,1,False,1
1262,VAR_002175,1,False,0
1263,VAR_000905,1,False,2
1264,VAR_000412,0,False,4
1265,VAR_001146,1,False,1
1266,VAR_000683,1,True,-1
1267,VAR_002263,1,False,3
1268,VAR_001738,0,False,2
1269,VAR_001225,0,False,1
1270,VAR_004585,1,False,0
1271,VAR_004080,1,False,2
1272,VAR_005544,1,False,4
1273,VAR_003977,0,False,3
1274,VAR_000661,1,True,-1
1275,VAR_000489,1,False,0
1276,VAR_002655,1,True,-1
1277,VAR_004097,0,False,3
1278,VAR_004279,1,False,2
1279,VAR_000485,1,False,1
1280,VAR_004821,0,False,4
1281,VAR_004615,0,False,2
1282,VAR_006159,0,False,0
1283,VAR_002183,1,False,3
1284,VAR_003247,1,False,3
1285,VAR_001651,0,False,3
1286,VAR_001528,1,False,0
1287,VAR_004399,1,True,-1
1288,VAR_005496,1,False,0
1289,VAR_004394,1,True,-1
1290,VAR_005586,1,False,0
1291,VAR_004748,1,False,0
1292,VAR_004731,1,True,-1
1293,VAR_001751,1,False,0
1294,VAR_001056,0,False,1
1295,VAR_002210,1,False,1
1296,VAR_000250,1,False,2
1297,VAR_006509,1,False,0
1298,VAR_003923,1,False,2
1299,VAR_005346,1,False,2
1300,VAR_001149,1,False,3
1301,VAR_001842,1,True,-1
1302,VAR_002186,0,False,1
1303,VAR_003911,1,False,3
1304,VAR_000355,1,False,4
1305,VAR_000195,1,False,1
1306,VAR_000001,0,False,2
1307,VAR_004872,1,False,1
1308,VAR_000933,1,True,-1
1309,VAR_000460,0,False,0
1310,VAR_001824,1,True,-1
1311,VAR_000958,1,True,-1
1312,VAR_000607,1,True,-1
1313,VAR_002842,1,False,2
1314,VAR_001044,0,False,4
1315,VAR_005538,0,False,3
1316,VAR_006511,0,False,4
1317,VAR_000026,0,False,2
1318,VAR_001897,1,True,-1
1319,VAR_005258,0,False,2
1320,VAR_006360,1,False,4
1321,VAR_001395,1,False,3
1322,VAR_000126,1,False,4
1323,VAR_000399,1,False,2
1324,VAR_003992,0,False,1
1325,VAR_002439,1,False,4
1326,VAR_001798,1,True,-1
1327,VAR_001726,0,False,1
1328,VAR_001924,1,True,-1
1329,VAR_002469,1,False,3
1330,VAR_002524,1,False,4
1331,VAR_005094,1,False,0
1332,VAR_003340,0,False,2
1333,VAR_002627,1,True,-1
1334,VAR_005691,1,False,0
1335,VAR_001034,0,False,0
1336,VAR_002840,1,True,-1
1337,VAR_000400,1,False,4
1338,VAR_003702,0,False,2
1339,VAR_004138,1,False,1
1340,VAR_002681,1,True,-1
1341,VAR_001636,1,False,0
1342,VAR_000181,1,False,3
1343,VAR_003982,1,False,1
1344,VAR_003594,0,False,3
1345,VAR_000177,1,False,2
1346,VAR_002775,1,True,-1
1347,VAR_001256,1,True,-1
1348,VAR_000836,0,False,3
1349,VAR_000658,0,False,1
1350,VAR_005404,1,False,0
1351,VAR_000293,1,False,1
1352,VAR_003151,1,True,-1
1353,VAR_000770,0,False,4
1354,VAR_006188,0,False,0
1355,VAR_001600,0,False,1
1356,VAR_002206,1,False,0
1357,VAR_005292,1,False,0
1358,VAR_003368,0,False,1
1359,VAR_003757,1,False,2
1360,VAR_001892,1,True,-1
1361,VAR_005595,0,False,2
1362,VAR_002207,0,False,0
1363,VAR_004721,1,True,-1
1364,VAR_006320,1,False,2
1365,VAR_006175,1,False,3
1366,VAR_004475,1,False,0
1367,VAR_003571,0,False,4
1368,VAR_005849,0,False,1
1369,VAR_000223,1,False,1
1370,VAR_003164,0,False,4
1371,VAR_005870,1,False,2
1372,VAR_000673,1,True,-1
1373,VAR_005289,1,False,4
1374,VAR_001799,1,True,-1
1375,VAR_003539,0,False,4
1376,VAR_002531,1,False,2
1377,VAR_000670,1,True,-1
1378,VAR_004762,0,False,2
1379,VAR_004560,1,False,2
1380,VAR_001030,1,True,-1
1381,VAR_003043,1,True,-1
1382,VAR_006110,1,False,3
1383,VAR_005153,1,False,4
1384,VAR_001494,1,False,1
1385,VAR_005083,1,False,3
1386,VAR_006282,1,False,0
1387,VAR_006565,1,False,1
1388,VAR_003286,1,False,2
1389,VAR_000679,0,False,2
1390,VAR_001702,1,False,0
1391,VAR_001753,1,False,3
1392,VAR_005391,0,False,0
1393,VAR_000154,1,False,1
1394,VAR_002906,1,True,-1
1395,VAR_000304,1,False,3
1396,VAR_003493,1,False,2
1397,VAR_002258,1,False,3
1398,VAR_002378,1,False,3
1399,VAR_004073,1,False,0
1400,VAR_005352,1,False,2
1401,VAR_005612,1,False,2
1402,VAR_000076,1,False,0
1403,VAR_001781,1,True,-1
1404,VAR_005194,1,False,1
1405,VAR_000604,0,True,-1
1406,VAR_001940,1,False,4
1407,VAR_001397,1,False,2
1408,VAR_000189,1,False,2
1409,VAR_000587,0,False,2
1410,VAR_000452,1,False,4
1411,VAR_003436,0,False,4
1412,VAR_005582,1,False,0
1413,VAR_002243,1,False,4
1414,VAR_005604,1,False,3
1415,VAR_002941,1,True,-1
1416,VAR_001398,1,False,4
1417,VAR_006326,1,False,2
1418,VAR_000380,1,False,2
1419,VAR_002994,1,True,-1
1420,VAR_005682,1,False,1
1421,VAR_004837,1,False,2
1422,VAR_001235,1,False,4
1423,VAR_004703,0,False,2
1424,VAR_002586,0,True,-1
1425,VAR_006139,1,False,0
1426,VAR_002763,1,True,-1
1427,VAR_000822,0,False,0
1428,VAR_006475,1,False,3
1429,VAR_005800,1,False,1
1430,VAR_004967,0,False,3
1431,VAR_003957,1,False,1
1432,VAR_004215,0,False,4
1433,VAR_006314,1,False,4
1434,VAR_006217,1,False,0
1435,VAR_003085,1,True,-1
1436,VAR_005075,1,False,0
1437,VAR_005520,1,False,4
1438,VAR_001982,1,True,-1
1439,VAR_001260,1,True,-1
1440,VAR_000839,0,False,2
1441,VAR_005786,1,False,0
1442,VAR_002254,1,False,2
1443,VAR_000546,0,False,2
1444,VAR_005434,1,False,3
1445,VAR_000486,1,False,4
1446,VAR_000102,0,False,4
1447,VAR_004569,1,True,-1
1448,VAR_002622,1,True,-1
1449,VAR_003733,1,False,1
1450,VAR_002686,1,True,-1
1451,VAR_005285,1,False,0
1452,VAR_000569,1,True,-1
1453,VAR_001963,1,False,3
1454,VAR_001942,1,True,-1
1455,VAR_000473,1,False,1
1456,VAR_005373,0,False,2
1457,VAR_002848,1,True,-1
1458,VAR_002880,1,False,0
1459,VAR_000826,1,False,2
1460,VAR_002795,1,True,-1
1461,VAR_004744,0,False,1
1462,VAR_004903,1,False,3
1463,VAR_002611,0,False,0
1464,VAR_001686,1,False,1
1465,VAR_002350,1,False,0
1466,VAR_001926,1,True,-1
1467,VAR_005472,1,False,4
1468,VAR_004197,0,False,0
1469,VAR_005099,1,False,4
1470,VAR_003521,1,False,4
1471,VAR_006458,1,False,1
1472,VAR_005694,0,False,1
1473,VAR_000916,1,False,4
1474,VAR_004410,0,True,-1
1475,VAR_002865,1,True,-1
1476,VAR_004000,0,False,1
1477,VAR_002448,1,False,4
1478,VAR_003125,1,True,-1
1479,VAR_004007,1,False,3
1480,VAR_003300,0,False,2
1481,VAR_001854,0,False,4
1482,VAR_003256,1,False,0
1483,VAR_006569,1,False,4
1484,VAR_004225,1,False,3
1485,VAR_000969,1,True,-1
1486,VAR_006346,1,False,1
1487,VAR_002167,1,False,1
1488,VAR_005147,1,False,0
1489,VAR_004500,1,False,0
1490,VAR_000855,1,False,0
1491,VAR_002080,1,False,3
1492,VAR_005755,1,False,4
1493,VAR_006042,1,False,0
1494,VAR_001735,0,False,2
1495,VAR_004435,1,True,-1
1496,VAR_000534,1,False,2
1497,VAR_000765,1,False,3
1498,VAR_002663,1,True,-1
1499,VAR_003209,0,False,3
1500,VAR_004472,1,False,1
1501,VAR_006090,1,False,3
1502,VAR_000017,0,False,0
1503,VAR_001615,0,False,3
1504,VAR_001006,1,True,-1
1505,VAR_002733,1,True,-1
1506,VAR_003840,1,False,2
1507,VAR_000225,1,False,3
1508,VAR_001489,1,False,4
1509,VAR_003320,1,False,0
1510,VAR_002859,1,True,-1
1511,VAR_005757,0,False,2
1512,VAR_002863,1,True,-1
1513,VAR_001972,1,True,-1
1514,VAR_004835,1,False,2
1515,VAR_006228,0,False,4
1516,VAR_002198,1,False,1
1517,VAR_001156,1,False,2
1518,VAR_001983,1,False,0
1519,VAR_002603,1,True,-1
1520,VAR_003126,1,True,-1
1521,VAR_000188,1,False,2
1522,VAR_001202,1,False,0
1523,VAR_002463,1,False,0
1524,VAR_002144,1,False,4
1525,VAR_005171,1,False,3
1526,VAR_005217,1,False,2
1527,VAR_004914,1,False,0
1528,VAR_005107,1,False,1
1529,VAR_001890,0,False,0
1530,VAR_002010,1,False,0
1531,VAR_000337,1,False,0
1532,VAR_006080,1,False,4
1533,VAR_000617,1,True,-1
1534,VAR_003316,0,False,4
1535,VAR_001173,1,False,3
1536,VAR_005804,1,False,1
1537,VAR_001681,1,False,0
1538,VAR_002783,1,True,-1
1539,VAR_004654,0,False,3
1540,VAR_003735,1,False,1
1541,VAR_002336,0,False,3
1542,VAR_000996,0,True,-1
1543,VAR_002618,1,True,-1
1544,VAR_006535,1,False,1
1545,VAR_000720,1,False,4
1546,VAR_005575,1,False,4
1547,VAR_002683,1,True,-1
1548,VAR_002824,0,True,-1
1549,VAR_003614,0,False,0
1550,VAR_001065,1,False,4
1551,VAR_000691,1,True,-1
1552,VAR_002594,1,True,-1
1553,VAR_004902,1,False,1
1554,VAR_003073,0,False,3
1555,VAR_000655,0,False,0
1556,VAR_003146,1,False,0
1557,VAR_002823,1,False,1
1558,VAR_005778,1,False,2
1559,VAR_000924,1,True,-1
1560,VAR_002620,1,True,-1
1561,VAR_005867,1,False,3
1562,VAR_003460,0,False,0
1563,VAR_005689,0,False,3
1564,VAR_005160,1,False,4
1565,VAR_003477,1,False,0
1566,VAR_003999,0,False,2
1567,VAR_002479,1,False,3
1568,VAR_005137,1,False,1
1569,VAR_005141,1,False,0
1570,VAR_002713,0,False,2
1571,VAR_003755,1,False,3
1572,VAR_002891,1,True,-1
1573,VAR_000719,1,False,0
1574,VAR_000488,1,False,2
1575,VAR_001096,1,True,-1
1576,VAR_002165,1,False,0
1577,VAR_000338,0,False,2
1578,VAR_004723,1,True,-1
1579,VAR_002125,0,False,3
1580,VAR_001358,0,False,1
1581,VAR_002001,1,False,2
1582,VAR_004753,0,False,1
1583,VAR_000854,1,False,2
1584,VAR_000726,0,False,4
1585,VAR_004333,0,True,-1
1586,VAR_001179,1,False,4
1587,VAR_001873,1,True,-1
1588,VAR_001400,1,False,1
1589,VAR_001750,1,False,3
1590,VAR_003180,0,False,1
1591,VAR_006323,0,False,1
1592,VAR_005720,0,False,1
1593,VAR_005392,0,False,4
1594,VAR_005186,1,False,3
1595,VAR_002065,0,False,2
1596,VAR_002769,1,True,-1
1597,VAR_006537,0,False,4
1598,VAR_006381,1,False,1
1599,VAR_001719,0,False,3
1600,VAR_002631,1,False,3
1601,VAR_006145,1,False,0
1602,VAR_001915,0,False,4
1603,VAR_001612,1,False,1
1604,VAR_006076,1,False,4
1605,VAR_002886,0,True,-1
1606,VAR_000025,1,False,0
1607,VAR_003329,1,False,1
1608,VAR_004726,1,False,4
1609,VAR_005402,1,False,1
1610,VAR_003113,1,True,-1
1611,VAR_003191,1,True,-1
1612,VAR_001022,1,True,-1
1613,VAR_005456,1,False,2
1614,VAR_002034,0,False,0
1615,VAR_004714,1,True,-1
1616,VAR_005142,1,False,3
1617,VAR_004636,0,False,0
1618,VAR_005093,1,False,2
1619,VAR_004196,0,False,3
1620,VAR_002508,1,False,0
1621,VAR_005643,1,False,0
1622,VAR_003341,1,False,0
1623,VAR_001997,1,False,1
1624,VAR_001949,1,True,-1
1625,VAR_003686,0,False,3
1626,VAR_002433,0,False,0
1627,VAR_000736,1,False,2
1628,VAR_000045,1,False,0
1629,VAR_002566,1,True,-1
1630,VAR_003084,1,True,-1
1631,VAR_000159,0,False,4
1632,VAR_000782,1,False,3
1633,VAR_003257,1,False,4
1634,VAR_000751,0,False,2
1635,VAR_003548,0,False,0
1636,VAR_002166,1,False,4
1637,VAR_005079,1,False,3
1638,VAR_003956,0,False,0
1639,VAR_002669,1,True,-1
1640,VAR_004329,1,False,0
1641,VAR_004743,1,False,4
1642,VAR_000330,1,False,3
1643,VAR_000268,1,False,2
1644,VAR_005970,0,False,1
1645,VAR_001875,1,True,-1
1646,VAR_001033,1,True,-1
1647,VAR_005188,1,False,3
1648,VAR_004635,0,False,0
1649,VAR_002629,1,True,-1
1650,VAR_000716,1,False,1
1651,VAR_004165,0,False,0
1652,VAR_000058,1,False,0
1653,VAR_002530,1,False,0
1654,VAR_001175,1,False,0
1655,VAR_000425,0,False,2
1656,VAR_005206,1,False,3
1657,VAR_003347,1,False,1
1658,VAR_005879,1,False,1
1659,VAR_003344,1,False,0
1660,VAR_002546,0,False,4
1661,VAR_006026,0,False,0
1662,VAR_003776,1,False,1
1663,VAR_000409,1,False,0
1664,VAR_002923,1,False,1
1665,VAR_001061,0,True,-1
1666,VAR_000563,0,False,3
1667,VAR_006105,1,False,1
1668,VAR_004544,1,True,-1
1669,VAR_003358,1,False,1
1670,VAR_004759,1,False,2
1671,VAR_003027,1,True,-1
1672,VAR_001765,1,False,0
1673,VAR_000566,1,True,-1
1674,VAR_000574,1,True,-1
1675,VAR_000633,1,True,-1
1676,VAR_003063,1,False,2
1677,VAR_001809,1,True,-1
1678,VAR_000831,0,False,2
1679,VAR_006044,1,False,0
1680,VAR_004563,1,True,-1
1681,VAR_003777,1,False,3
1682,VAR_005519,1,False,3
1683,VAR_003763,1,False,1
1684,VAR_003588,0,False,3
1685,VAR_002984,1,True,-1
1686,VAR_004968,1,False,3
1687,VAR_002453,1,False,3
1688,VAR_002434,1,False,4
1689,VAR_001217,0,False,3
1690,VAR_000085,1,False,4
1691,VAR_004547,1,True,-1
1692,VAR_003673,1,False,0
1693,VAR_005096,1,False,1
1694,VAR_000120,1,False,3
1695,VAR_001700,1,False,1
1696,VAR_004909,1,False,3
1697,VAR_004702,0,True,-1
1698,VAR_005329,0,False,1
1699,VAR_005398,1,False,1
1700,VAR_006055,1,False,4
1701,VAR_004124,0,False,1
1702,VAR_000592,1,True,-1
1703,VAR_005453,1,False,3
1704,VAR_000818,1,False,0
1705,VAR_001411,0,False,0
1706,VAR_000778,0,False,1
1707,VAR_001050,0,True,-1
1708,VAR_003496,0,False,0
1709,VAR_002827,1,True,-1
1710,VAR_003372,1,False,0
1711,VAR_002543,0,False,0
1712,VAR_001682,1,False,1
1713,VAR_000886,0,False,3
1714,VAR_003239,1,True,-1
1715,VAR_005792,1,False,4
1716,VAR_001800,1,False,0
1717,VAR_003928,0,False,1
1718,VAR_003123,0,False,3
1719,VAR_004014,1,False,3
1720,VAR_002247,1,False,0
1721,VAR_005670,0,False,3
1722,VAR_004008,1,False,2
1723,VAR_000918,0,False,3
1724,VAR_000629,1,True,-1
1725,VAR_004429,1,False,1
1726,VAR_005348,1,False,2
1727,VAR_000471,0,False,3
1728,VAR_002987,1,True,-1
1729,VAR_006374,1,False,0
1730,VAR_001196,0,False,3
1731,VAR_005370,1,False,0
1732,VAR_005939,1,False,0
1733,VAR_001478,1,False,0
1734,VAR_005396,1,False,0
1735,VAR_000942,1,False,1
1736,VAR_000367,1,False,0
1737,VAR_005460,1,False,2
1738,VAR_001570,1,False,4
1739,VAR_000307,1,False,0
1740,VAR_005146,1,False,0
1741,VAR_004372,0,False,3
1742,VAR_005182,1,False,2
1743,VAR_001812,1,True,-1
1744,VAR_001170,0,False,2
1745,VAR_005430,1,False,0
1746,VAR_003097,1,True,-1
1747,VAR_004772,0,False,1
1748,VAR_003119,1,True,-1
1749,VAR_001721,0,False,4
1750,VAR_001530,1,False,4
1751,VAR_004952,0,False,4
1752,VAR_004270,1,False,1
1753,VAR_005405,1,False,4
1754,VAR_003002,1,True,-1
1755,VAR_002333,1,False,0
1756,VAR_005686,1,False,0
1757,VAR_005037,0,False,4
1758,VAR_006041,0,False,2
1759,VAR_002386,0,True,-1
1760,VAR_004689,0,False,3
1761,VAR_004320,1,False,1
1762,VAR_002916,1,True,-1
1763,VAR_000108,1,False,1
1764,VAR_003414,1,False,4
1765,VAR_002950,1,True,-1
1766,VAR_006480,0,False,4
1767,VAR_001338,1,False,1
1768,VAR_006037,1,False,1
1769,VAR_002051,1,False,3
1770,VAR_004836,1,False,0
1771,VAR_000702,1,True,-1
1772,VAR_004548,1,True,-1
1773,VAR_003520,1,False,4
1774,VAR_000791,0,False,1
1775,VAR_001014,1,True,-1
1776,VAR_000257,1,False,3
1777,VAR_003258,1,False,2
1778,VAR_005801,1,False,2
1779,VAR_001856,1,True,-1
1780,VAR_000879,0,False,0
1781,VAR_002645,1,True,-1
1782,VAR_000276,1,False,4
1783,VAR_000776,0,False,0
1784,VAR_002997,0,False,2
1785,VAR_004530,1,False,1
1786,VAR_005987,1,False,2
1787,VAR_002784,1,True,-1
1788,VAR_003305,0,False,2
1789,VAR_003158,1,True,-1
1790,VAR_005603,1,False,3
1791,VAR_005479,1,False,0
1792,VAR_003184,1,True,-1
1793,VAR_005774,1,False,0
1794,VAR_000983,1,True,-1
1795,VAR_002760,1,True,-1
1796,VAR_002224,1,False,0
1797,VAR_002217,1,False,3
1798,VAR_004549,1,True,-1
1799,VAR_006488,1,False,0
1800,VAR_001855,0,False,4
1801,VAR_000439,1,False,0
1802,VAR_005202,0,False,2
1803,VAR_000339,1,False,3
1804,VAR_000746,1,False,4
1805,VAR_001011,0,False,4
1806,VAR_000593,1,True,-1
1807,VAR_000857,1,False,1
1808,VAR_000237,1,False,4
1809,VAR_005531,1,False,4
1810,VAR_004482,1,False,0
1811,VAR_003528,0,False,0
1812,VAR_000706,1,False,3
1813,VAR_002668,1,True,-1
1814,VAR_000780,1,False,2
1815,VAR_001935,0,False,3
1816,VAR_005400,1,False,3
1817,VAR_006497,1,False,0
1818,VAR_000619,1,True,-1
1819,VAR_003880,1,False,1
1820,VAR_005712,1,False,3
1821,VAR_000182,1,False,2
1822,VAR_000346,0,False,3
1823,VAR_000482,1,False,1
1824,VAR_001784,1,True,-1
1825,VAR_006586,1,False,3
1826,VAR_006218,0,False,4
1827,VAR_003480,0,False,1
1828,VAR_004092,1,False,4
1829,VAR_000639,1,False,3
1830,VAR_005569,1,False,0
1831,VAR_003533,1,False,4
1832,VAR_006304,0,False,3
1833,VAR_005419,1,False,3
1834,VAR_002801,1,True,-1
1835,VAR_000484,1,False,0
1836,VAR_001641,1,False,1
1837,VAR_002728,0,True,-1
1838,VAR_002346,0,False,3
1839,VAR_001302,1,False,4
1840,VAR_003552,0,True,-1
1841,VAR_000246,1,False,1
1842,VAR_003707,0,True,-1
1843,VAR_006307,1,False,2
1844,VAR_000978,1,True,-1
1845,VAR_005257,0,False,0
1846,VAR_002097,0,False,0
1847,VAR_005274,0,False,1
1848,VAR_003447,0,False,4
1849,VAR_005155,1,False,3
1850,VAR_006400,0,False,0
1851,VAR_001134,1,False,1
1852,VAR_000104,0,False,4
1853,VAR_000718,1,False,4
1854,VAR_003920,1,False,2
1855,VAR_000487,0,False,3
1856,VAR_005598,0,False,0
1857,VAR_005366,1,False,0
1858,VAR_006201,1,False,0
1859,VAR_000175,1,False,2
1860,VAR_003767,1,False,0
1861,VAR_003422,0,False,3
1862,VAR_002845,1,False,3
1863,VAR_004067,1,False,2
1864,VAR_005673,1,False,4
1865,VAR_000254,1,False,4
1866,VAR_001974,1,False,2
1867,VAR_002878,1,True,-1
1868,VAR_001027,0,False,3
1869,VAR_000509,1,False,4
1870,VAR_001776,1,True,-1
1871,VAR_006302,0,False,1
1872,VAR_003139,0,False,0
1873,VAR_003006,1,True,-1
1874,VAR_004247,1,False,1
1875,VAR_006261,1,False,1
1876,VAR_006129,1,False,0
1877,VAR_002658,1,True,-1
1878,VAR_000568,1,True,-1
1879,VAR_004853,1,False,3
1880,VAR_003748,1,False,2
1881,VAR_005369,1,False,2
1882,VAR_003251,1,False,4
1883,VAR_006328,1,False,3
1884,VAR_000564,0,False,1
1885,VAR_004507,1,False,1
1886,VAR_000291,1,False,3
1887,VAR_000417,0,False,4
1888,VAR_006225,0,False,3
1889,VAR_005602,1,False,4
1890,VAR_001527,1,False,2
1891,VAR_000577,1,True,-1
1892,VAR_002921,1,True,-1
1893,VAR_004275,1,False,1
1894,VAR_002938,1,False,0
1895,VAR_002634,1,False,2
1896,VAR_005896,1,False,1
1897,VAR_006136,0,False,0
1898,VAR_000856,1,False,1
1899,VAR_004086,0,False,1
1900,VAR_002626,1,True,-1
1901,VAR_002930,1,True,-1
1902,VAR_002268,1,False,1
1903,VAR_005638,0,False,1
1904,VAR_001687,0,False,2
1905,VAR_004436,0,True,-1
1906,VAR_002028,1,False,3
1907,VAR_005554,1,False,3
1908,VAR_003841,0,False,4
1909,VAR_005210,1,False,4
1910,VAR_003445,0,False,3
1911,VAR_003674,1,True,-1
1912,VAR_001385,1,False,2
1913,VAR_004104,1,False,0
1914,VAR_005991,1,False,1
1915,VAR_000341,1,False,4
1916,VAR_003408,1,False,0
1917,VAR_000161,1,False,2
1918,VAR_001616,1,False,1
1919,VAR_003639,0,False,1
1920,VAR_004469,1,False,1
1921,VAR_006502,1,False,3
1922,VAR_000898,1,True,-1
1923,VAR_001752,0,False,1
1924,VAR_004125,1,False,2
1925,VAR_003040,1,False,4
1926,VAR_002475,1,False,4
1927,VAR_006297,0,False,2
1928,VAR_002313,1,False,4
1929,VAR_000229,0,False,2
1930,VAR_005919,1,False,4
1931,VAR_000768,1,False,4
1932,VAR_001406,1,False,3
1933,VAR_000483,1,False,3
1934,VAR_000206,1,False,3
1935,VAR_003725,0,False,3
1936,VAR_004939,1,False,4
1937,VAR_003168,1,True,-1
1938,VAR_004297,1,False,4
1939,VAR_004075,1,False,4
1940,VAR_000084,0,False,1
1941,VAR_004561,0,False,3
1942,VAR_003547,0,False,0
1943,VAR_002838,1,True,-1
1944,VAR_002745,1,True,-1
1945,VAR_005420,1,False,0
1946,VAR_001095,1,True,-1
1947,VAR_006388,1,False,1
1948,VAR_000146,1,False,3
1949,VAR_003381,0,False,4
1950,VAR_002762,1,False,1
1951,VAR_003284,1,False,4
1952,VAR_005857,1,False,0
1953,VAR_005291,1,False,0
1954,VAR_003914,0,False,4
1955,VAR_005777,0,False,1
1956,VAR_002765,1,True,-1
1957,VAR_003926,1,False,2
1958,VAR_004535,0,False,4
1959,VAR_003366,1,False,4
1960,VAR_005214,0,False,2
1961,VAR_002592,1,True,-1
1962,VAR_001144,1,False,3
1963,VAR_005737,1,False,3
1964,VAR_004919,1,False,2
1965,VAR_003643,0,False,3
1966,VAR_000098,1,False,1
1967,VAR_001808,1,False,4
1968,VAR_000608,1,True,-1
1969,VAR_002058,1,False,0
1970,VAR_000405,1,False,2
1971,VAR_004106,1,False,3
1972,VAR_000033,1,False,2
1973,VAR_004074,1,False,1
1974,VAR_002992,1,True,-1
1975,VAR_001599,1,False,1
1976,VAR_002507,1,False,3
1977,VAR_001461,1,False,3
1978,VAR_006050,1,False,4
1979,VAR_000545,1,False,1
1980,VAR_002862,1,False,0
1981,VAR_006278,0,False,0
1982,VAR_006224,0,False,0
1983,VAR_005750,0,False,2
1984,VAR_001371,1,False,2
1985,VAR_006209,0,False,2
1986,VAR_002076,1,False,0
1987,VAR_000828,1,False,1
1988,VAR_003778,1,False,0
1989,VAR_004554,1,True,-1
1990,VAR_002615,0,False,0
1991,VAR_005338,1,False,2
1992,VAR_000838,1,False,2
1993,VAR_006097,1,False,4
1994,VAR_006593,0,False,4
1995,VAR_002419,0,False,2
1996,VAR_002835,1,True,-1
1997,VAR_005962,1,False,4
1998,VAR_005780,1,False,2
1999,VAR_004017,1,False,2
2000,VAR_004240,1,False,3
2001,VAR_005719,1,False,3
2002,VAR_001062,1,True,-1
2003,VAR_000715,1,False,1
2004,VAR_001912,0,True,-1
2005,VAR_004139,1,False,1
2006,VAR_004822,0,False,3
2007,VAR_006293,1,False,4
2008,VAR_000007,0,False,4
2009,VAR_003810,1,False,4
2010,VAR_003056,1,False,0
2011,VAR_003117,1,True,-1
2012,VAR_000207,1,False,2
2013,VAR_002155,0,False,4
2014,VAR_000677,1,True,-1
2015,VAR_002213,1,False,2
2016,VAR_004064,1,False,3
2017,VAR_000976,1,True,-1
2018,VAR_004741,0,False,2
2019,VAR_000156,1,False,2
2020,VAR_002229,0,False,4
2021,VAR_002635,1,True,-1
2022,VAR_005799,1,False,0
2023,VAR_000529,1,False,3
2024,VAR_006104,1,False,2
2025,VAR_006002,1,False,2
2026,VAR_000625,1,True,-1
2027,VAR_003913,0,False,3
2028,VAR_001362,1,False,2
2029,VAR_005947,1,False,1
2030,VAR_000871,0,False,4
2031,VAR_006249,1,False,2
2032,VAR_002577,1,True,-1
2033,VAR_005584,1,False,2
2034,VAR_001416,0,False,0
2035,VAR_006291,1,False,1
2036,VAR_001957,0,False,2
2037,VAR_001212,1,False,1
2038,VAR_004717,1,True,-1
2039,VAR_005020,0,False,2
2040,VAR_004594,1,True,-1
2041,VAR_000068,1,False,1
2042,VAR_005751,0,False,3
2043,VAR_001422,0,False,3
2044,VAR_001535,1,False,4
2045,VAR_001565,1,False,4
2046,VAR_002505,1,False,2
2047,VAR_005650,0,False,0
2048,VAR_005474,1,False,3
2049,VAR_003449,0,False,0
2050,VAR_005259,0,False,4
2051,VAR_005166,1,False,3
2052,VAR_006038,1,False,4
2053,VAR_005454,1,False,2
2054,VAR_000336,0,False,1
2055,VAR_002139,1,False,2
2056,VAR_001533,1,False,2
2057,VAR_001834,1,True,-1
2058,VAR_004211,1,False,4
2059,VAR_004229,0,False,0
2060,VAR_004957,0,False,3
2061,VAR_003249,1,False,1
2062,VAR_001314,1,False,2
2063,VAR_003047,0,False,2
2064,VAR_001966,1,False,2
2065,VAR_002330,0,False,3
2066,VAR_002969,0,False,0
2067,VAR_004526,1,True,-1
2068,VAR_003802,1,False,3
2069,VAR_002947,1,True,-1
2070,VAR_004142,0,False,0
2071,VAR_000594,1,False,2
2072,VAR_003915,1,False,2
2073,VAR_002881,1,True,-1
2074,VAR_003654,1,True,-1
2075,VAR_000442,0,False,4
2076,VAR_002980,1,False,3
2077,VAR_002194,1,False,2
2078,VAR_005942,1,False,4
2079,VAR_001952,1,False,4
2080,VAR_004782,1,False,1
2081,VAR_003834,1,False,3
2082,VAR_000016,1,False,1
2083,VAR_005705,1,False,1
2084,VAR_006274,1,False,1
2085,VAR_000754,1,False,0
2086,VAR_000891,0,True,-1
2087,VAR_005500,1,False,0
2088,VAR_004885,1,False,4
2089,VAR_004299,1,False,1
2090,VAR_002366,1,False,0
2091,VAR_003082,1,True,-1
2092,VAR_003505,0,False,4
2093,VAR_005873,0,False,1
2094,VAR_001147,1,False,2
2095,VAR_002215,0,False,2
2096,VAR_005156,1,False,4
2097,VAR_005379,0,False,0
2098,VAR_004111,1,False,3
2099,VAR_006098,1,False,3
2100,VAR_003843,1,False,3
2101,VAR_005313,1,False,1
2102,VAR_005154,1,False,0
2103,VAR_000269,1,False,3
2104,VAR_002220,1,False,2
2105,VAR_003260,1,False,3
2106,VAR_001423,1,False,0
2107,VAR_005798,1,False,0
2108,VAR_001965,1,True,-1
2109,VAR_005576,1,False,0
2110,VAR_001666,1,False,3
2111,VAR_000368,1,False,1
2112,VAR_000747,1,False,4
2113,VAR_002182,1,False,4
2114,VAR_006589,1,False,2
2115,VAR_003783,1,False,4
2116,VAR_004977,1,False,1
2117,VAR_002095,0,False,0
2118,VAR_002903,1,True,-1
2119,VAR_003591,0,False,1
2120,VAR_002370,1,False,2
2121,VAR_001598,1,False,1
2122,VAR_002473,0,False,1
2123,VAR_000351,0,False,1
2124,VAR_002016,0,False,3
2125,VAR_005791,1,False,3
2126,VAR_002337,0,False,1
2127,VAR_001403,1,False,1
2128,VAR_001375,1,False,1
2129,VAR_000285,1,False,4
2130,VAR_002971,1,True,-1
2131,VAR_002608,1,True,-1
2132,VAR_006130,0,False,1
2133,VAR_006063,1,False,4
2134,VAR_002936,1,False,3
2135,VAR_003237,1,True,-1
2136,VAR_006568,1,False,2
2137,VAR_001677,1,False,3
2138,VAR_001424,0,False,3
2139,VAR_005729,1,False,3
2140,VAR_003376,1,False,1
2141,VAR_004988,1,False,4
2142,VAR_003438,1,False,1
2143,VAR_000542,1,False,0
2144,VAR_005482,0,False,4
2145,VAR_003322,1,False,0
2146,VAR_005886,0,False,2
2147,VAR_000118,0,False,2
2148,VAR_004538,1,False,4
2149,VAR_006049,1,False,2
2150,VAR_002708,1,True,-1
2151,VAR_002885,0,False,4
2152,VAR_000580,0,False,3
2153,VAR_003731,0,False,0
2154,VAR_001894,1,False,4
2155,VAR_005920,1,False,0
2156,VAR_000481,1,False,1
2157,VAR_004915,1,False,4
2158,VAR_000172,1,False,4
2159,VAR_000309,1,False,1
2160,VAR_002565,1,True,-1
2161,VAR_000019,0,False,4
2162,VAR_000605,1,True,-1
2163,VAR_001627,1,False,3
2164,VAR_004818,1,False,0
2165,VAR_002022,1,False,0
2166,VAR_001939,1,True,-1
2167,VAR_005644,1,False,4
2168,VAR_002810,1,False,2
2169,VAR_005785,1,False,2
2170,VAR_002870,1,True,-1
2171,VAR_002339,0,False,0
2172,VAR_002354,1,False,4
2173,VAR_006473,0,False,2
2174,VAR_002874,1,False,3
2175,VAR_001877,1,False,1
2176,VAR_003759,1,False,4
2177,VAR_003529,1,False,3
2178,VAR_004892,1,False,4
2179,VAR_001114,1,False,1
2180,VAR_006292,1,False,1
2181,VAR_002879,1,True,-1
2182,VAR_002691,1,True,-1
2183,VAR_003593,0,True,-1
2184,VAR_001223,1,False,2
2185,VAR_005399,1,False,4
2186,VAR_000462,1,False,0
2187,VAR_001558,1,False,0
2188,VAR_004555,1,True,-1
2189,VAR_005131,1,False,2
2190,VAR_003696,0,False,1
2191,VAR_004277,1,False,1
2192,VAR_004745,1,False,3
2193,VAR_001991,0,False,2
2194,VAR_006032,1,False,2
2195,VAR_001643,0,False,0
2196,VAR_000632,1,False,1
2197,VAR_004742,1,False,4
2198,VAR_000194,1,False,1
2199,VAR_003150,1,True,-1
2200,VAR_006504,1,False,2
2201,VAR_006213,1,False,3
2202,VAR_001664,1,False,2
2203,VAR_000970,1,True,-1
2204,VAR_000652,1,True,-1
2205,VAR_004893,1,False,0
2206,VAR_001047,0,False,4
2207,VAR_005247,1,False,2
2208,VAR_001728,0,False,1
2209,VAR_003508,0,False,4
2210,VAR_006556,1,False,3
2211,VAR_004035,0,False,3
2212,VAR_001067,1,True,-1
2213,VAR_000308,1,False,0
2214,VAR_006214,1,False,1
2215,VAR_002616,1,True,-1
2216,VAR_003099,1,False,0
2217,VAR_002440,0,False,1
2218,VAR_002811,1,True,-1
2219,VAR_002617,1,True,-1
2220,VAR_003562,0,False,0
2221,VAR_003011,1,True,-1
2222,VAR_000403,1,False,2
2223,VAR_000506,1,False,2
2224,VAR_006312,1,False,0
2225,VAR_001286,0,False,2
2226,VAR_003007,1,True,-1
2227,VAR_000418,1,False,2
2228,VAR_003288,1,False,2
2229,VAR_004912,1,False,4
2230,VAR_004285,1,False,3
2231,VAR_006141,1,False,1
2232,VAR_004403,1,True,-1
2233,VAR_003936,1,False,2
2234,VAR_001635,0,False,4
2235,VAR_004775,0,False,0
2236,VAR_003243,1,False,3
2237,VAR_002684,1,True,-1
2238,VAR_001938,1,True,-1
2239,VAR_000498,0,False,3
2240,VAR_004432,0,True,-1
2241,VAR_005487,1,False,4
2242,VAR_001936,1,True,-1
2243,VAR_004071,1,False,1
2244,VAR_002138,1,False,1
2245,VAR_002432,0,False,1
2246,VAR_001637,1,False,3
2247,VAR_000468,1,False,1
2248,VAR_003132,1,False,2
2249,VAR_003683,0,False,4
2250,VAR_006564,1,False,3
2251,VAR_006048,1,False,4
2252,VAR_005781,1,False,2
2253,VAR_004391,0,False,2
2254,VAR_003392,1,False,1
2255,VAR_000183,1,False,3
2256,VAR_003905,1,False,1
2257,VAR_001715,0,False,1
2258,VAR_002492,0,False,2
2259,VAR_002922,0,False,1
2260,VAR_004712,1,True,-1
2261,VAR_002199,1,False,4
2262,VAR_004852,1,False,2
2263,VAR_005264,0,False,2
2264,VAR_000663,0,False,2
2265,VAR_002976,1,True,-1
2266,VAR_005008,1,False,1
2267,VAR_002671,1,True,-1
2268,VAR_001100,1,False,4
2269,VAR_001325,0,False,2
2270,VAR_004573,1,True,-1
2271,VAR_001192,1,False,4
2272,VAR_002042,1,False,4
2273,VAR_002049,1,False,2
2274,VAR_002195,1,False,1
2275,VAR_005497,1,False,0
2276,VAR_002429,1,False,3
2277,VAR_004813,1,False,1
2278,VAR_003598,0,True,-1
2279,VAR_005306,0,False,0
2280,VAR_002441,1,False,4
2281,VAR_002567,0,False,3
2282,VAR_002588,1,True,-1
2283,VAR_004011,1,False,3
2284,VAR_000601,1,True,-1
2285,VAR_000219,1,False,0
2286,VAR_001084,0,False,4
2287,VAR_001585,0,False,3
2288,VAR_003354,1,False,1
2289,VAR_003417,1,False,4
2290,VAR_006585,0,False,3
2291,VAR_002145,1,False,4
2292,VAR_003786,1,False,1
2293,VAR_003111,0,False,2
2294,VAR_001861,0,False,1
2295,VAR_003197,0,False,2
2296,VAR_004018,0,False,2
2297,VAR_006281,1,False,0
2298,VAR_002520,1,False,0
2299,VAR_002551,1,False,1
2300,VAR_002820,1,True,-1
2301,VAR_001035,1,True,-1
2302,VAR_003170,1,True,-1
2303,VAR_005441,1,False,0
2304,VAR_004947,1,False,3
2305,VAR_004004,1,False,4
2306,VAR_005768,1,False,2
2307,VAR_006527,0,False,4
2308,VAR_003058,1,True,-1
2309,VAR_003716,1,False,1
2310,VAR_002187,1,False,2
2311,VAR_002598,1,True,-1
2312,VAR_003535,1,False,0
2313,VAR_006315,1,False,4
2314,VAR_003210,0,False,4
2315,VAR_002983,1,True,-1
2316,VAR_006319,1,False,4
2317,VAR_003185,1,True,-1
2318,VAR_001287,1,False,0
2319,VAR_005302,1,False,4
2320,VAR_006088,1,False,1
2321,VAR_000031,1,False,1
2322,VAR_000173,1,False,2
2323,VAR_006146,1,False,2
2324,VAR_002808,1,True,-1
2325,VAR_004972,1,False,4
2326,VAR_005312,0,False,1
2327,VAR_000474,1,False,0
2328,VAR_001029,1,True,-1
2329,VAR_005929,1,False,4
2330,VAR_002595,1,True,-1
2331,VAR_000272,0,False,2
2332,VAR_000845,1,False,0
2333,VAR_000937,1,False,2
2334,VAR_001760,1,False,2
2335,VAR_003774,0,False,2
2336,VAR_003353,1,False,1
2337,VAR_006103,1,False,4
2338,VAR_003723,1,False,3
2339,VAR_004944,1,False,0
2340,VAR_004778,0,False,1
2341,VAR_003592,0,False,4
2342,VAR_004382,1,False,4
2343,VAR_004043,1,False,1
2344,VAR_001184,1,False,1
2345,VAR_000037,1,False,3
2346,VAR_003700,1,True,-1
2347,VAR_004985,1,False,2
2348,VAR_003106,1,True,-1
2349,VAR_005645,1,False,2
2350,VAR_006283,1,False,1
2351,VAR_001108,0,False,0
2352,VAR_004600,1,True,-1
2353,VAR_002612,1,False,1
2354,VAR_001716,1,False,0
2355,VAR_003182,1,True,-1
2356,VAR_004539,1,True,-1
2357,VAR_003435,0,False,2
2358,VAR_002135,1,False,0
2359,VAR_003324,0,False,1
2360,VAR_004358,0,False,1
2361,VAR_004459,0,False,3
2362,VAR_005243,1,False,2
2363,VAR_005530,1,False,4
2364,VAR_005770,1,False,1
2365,VAR_005036,0,False,3
2366,VAR_002791,1,False,4
2367,VAR_000171,1,False,0
2368,VAR_005960,0,False,2
2369,VAR_005409,1,False,2
2370,VAR_004344,0,False,0
2371,VAR_001561,1,False,1
2372,VAR_001313,1,False,1
2373,VAR_006508,1,False,3
2374,VAR_003118,1,True,-1
2375,VAR_004180,1,False,2
2376,VAR_002749,1,True,-1
2377,VAR_001780,1,True,-1
2378,VAR_001557,0,False,0
2379,VAR_000609,1,True,-1
2380,VAR_003904,1,False,2
2381,VAR_005118,1,False,1
2382,VAR_002817,0,True,-1
2383,VAR_002725,1,False,4
2384,VAR_000949,1,True,-1
2385,VAR_006587,1,False,0
2386,VAR_004774,1,False,3
2387,VAR_005730,0,False,3
2388,VAR_002293,0,False,1
2389,VAR_002271,1,False,2
2390,VAR_005211,1,False,3
2391,VAR_006340,1,False,1
2392,VAR_005861,1,False,3
2393,VAR_006029,1,False,1
2394,VAR_004790,1,False,1
2395,VAR_002868,1,True,-1
2396,VAR_004147,0,False,1
2397,VAR_000788,1,False,1
2398,VAR_001710,0,False,1
2399,VAR_000139,1,False,1
2400,VAR_002591,1,False,4
2401,VAR_003147,0,False,1
2402,VAR_001948,1,True,-1
2403,VAR_005181,1,False,0
2404,VAR_003190,1,True,-1
2405,VAR_004355,0,False,3
2406,VAR_000851,1,False,2
2407,VAR_003135,1,False,4
2408,VAR_001139,0,False,2
2409,VAR_003990,1,False,2
2410,VAR_004271,1,False,2
2411,VAR_001741,0,False,3
2412,VAR_004542,1,True,-1
2413,VAR_002636,1,False,0
2414,VAR_006143,1,False,2
2415,VAR_003317,0,False,2
2416,VAR_006430,0,False,1
2417,VAR_006353,0,False,0
2418,VAR_001210,1,False,2
2419,VAR_000911,1,False,1
2420,VAR_000535,0,False,3
2421,VAR_001066,1,True,-1
2422,VAR_002519,1,False,1
2423,VAR_000860,1,False,0
2424,VAR_002231,1,False,0
2425,VAR_001330,1,False,1
2426,VAR_005133,1,False,4
2427,VAR_003092,0,False,2
2428,VAR_004029,0,False,1
2429,VAR_004922,1,False,4
2430,VAR_001797,1,True,-1
2431,VAR_002529,0,False,3
2432,VAR_002736,1,True,-1
2433,VAR_000423,0,False,4
2434,VAR_000233,1,False,4
2435,VAR_005445,1,False,1
2436,VAR_006581,1,False,3
2437,VAR_003732,0,False,0
2438,VAR_000295,1,False,2
2439,VAR_001023,1,True,-1
2440,VAR_004481,1,False,0
2441,VAR_002140,1,False,2
2442,VAR_001896,1,True,-1
2443,VAR_005717,1,False,0
2444,VAR_004380,1,False,3
2445,VAR_005351,1,False,2
2446,VAR_000953,1,True,-1
2447,VAR_000954,1,True,-1
2448,VAR_003122,1,True,-1
2449,VAR_001276,0,False,2
2450,VAR_002152,1,False,1
2451,VAR_004830,1,False,4
2452,VAR_000947,1,True,-1
2453,VAR_002160,1,False,4
2454,VAR_000361,1,False,3
2455,VAR_005236,0,False,1
2456,VAR_004457,1,False,2
2457,VAR_000191,1,False,4
2458,VAR_004140,1,False,0
2459,VAR_000149,1,False,3
2460,VAR_006071,0,False,0
2461,VAR_005115,0,False,2
2462,VAR_001779,0,False,0
2463,VAR_004414,1,True,-1
2464,VAR_001871,0,True,-1
2465,VAR_004638,0,False,1
2466,VAR_001396,1,False,4
2467,VAR_001859,1,True,-1
2468,VAR_005999,0,False,0
2469,VAR_000725,1,False,0
2470,VAR_002743,1,True,-1
2471,VAR_006363,0,False,4
2472,VAR_005903,1,False,4
2473,VAR_002262,1,False,1
2474,VAR_002968,1,False,4
2475,VAR_005593,1,False,3
2476,VAR_000198,1,False,0
2477,VAR_000610,0,False,4
2478,VAR_003901,1,False,0
2479,VAR_000362,1,False,3
2480,VAR_003282,1,False,1
2481,VAR_002274,1,False,2
2482,VAR_003984,0,False,2
2483,VAR_005789,1,False,3
2484,VAR_002428,1,False,1
2485,VAR_002314,1,False,4
2486,VAR_002974,0,False,3
2487,VAR_005814,0,False,4
2488,VAR_002943,0,False,4
2489,VAR_003793,1,False,4
2490,VAR_001112,0,False,2
2491,VAR_002027,1,False,1
2492,VAR_002190,1,False,2
2493,VAR_006033,1,False,1
2494,VAR_001002,1,False,4
2495,VAR_005787,1,False,2
2496,VAR_003876,0,False,0
2497,VAR_006054,1,False,2
2498,VAR_005176,1,False,3
2499,VAR_005268,1,False,3
2500,VAR_001683,0,False,4
2501,VAR_006035,1,False,4
2502,VAR_003129,1,True,-1
2503,VAR_003266,1,False,4
2504,VAR_001862,1,True,-1
2505,VAR_005480,1,False,3
2506,VAR_002181,1,False,0
2507,VAR_005428,1,False,3
2508,VAR_002532,1,False,2
2509,VAR_002391,1,True,-1
2510,VAR_000557,1,True,-1
2511,VAR_001197,1,False,1
2512,VAR_003888,0,False,4
2513,VAR_001513,1,False,4
2514,VAR_005516,1,False,4
2515,VAR_001161,1,False,2
2516,VAR_005918,1,False,2
2517,VAR_003889,0,False,0
2518,VAR_000938,1,False,0
2519,VAR_001631,1,False,0
2520,VAR_006422,0,False,2
2521,VAR_005580,1,False,4
2522,VAR_004402,1,True,-1
2523,VAR_000717,1,False,2
2524,VAR_001840,1,True,-1
2525,VAR_006334,1,False,4
2526,VAR_001923,1,True,-1
2527,VAR_004888,0,False,4
2528,VAR_004156,0,False,3
2529,VAR_005762,0,False,4
2530,VAR_002800,1,True,-1
2531,VAR_000214,1,False,3
2532,VAR_004264,1,False,4
2533,VAR_002517,1,False,1
2534,VAR_004023,1,False,4
2535,VAR_002929,1,True,-1
2536,VAR_001869,1,True,-1
2537,VAR_001888,1,True,-1
2538,VAR_002074,1,False,0
2539,VAR_004109,1,False,0
2540,VAR_004033,1,False,2
2541,VAR_003560,0,False,1
2542,VAR_004664,0,False,4
2543,VAR_004894,1,False,0
2544,VAR_002607,1,True,-1
2545,VAR_004063,1,False,3
2546,VAR_004537,1,True,-1
2547,VAR_003378,0,False,0
2548,VAR_004694,0,False,1
2549,VAR_006528,0,False,4
2550,VAR_004038,1,False,4
2551,VAR_003663,1,False,0
2552,VAR_000469,1,False,2
2553,VAR_002600,1,True,-1
2554,VAR_000151,1,False,2
2555,VAR_001105,1,True,-1
2556,VAR_000508,1,False,3
2557,VAR_002376,1,False,0
2558,VAR_005074,1,False,3
2559,VAR_000493,0,False,4
2560,VAR_006184,1,False,2
2561,VAR_000694,1,True,-1
2562,VAR_004927,1,False,2
2563,VAR_001430,0,False,1
2564,VAR_005066,0,False,1
2565,VAR_002325,1,False,3
2566,VAR_005938,1,False,4
2567,VAR_000960,1,True,-1
2568,VAR_005301,0,False,4
2569,VAR_006507,1,False,0
2570,VAR_000758,0,False,4
2571,VAR_004993,1,False,4
2572,VAR_002176,1,False,4
2573,VAR_002821,1,True,-1
2574,VAR_002788,1,True,-1
2575,VAR_004557,1,True,-1
2576,VAR_005913,0,False,4
2577,VAR_001876,1,True,-1
2578,VAR_004309,1,False,0
2579,VAR_004478,1,False,1
2580,VAR_004117,0,False,2
2581,VAR_002579,1,True,-1
2582,VAR_003418,1,False,1
2583,VAR_004711,1,False,2
2584,VAR_005100,0,False,3
2585,VAR_003145,1,True,-1
2586,VAR_001119,1,True,-1
2587,VAR_002944,1,False,4
2588,VAR_005793,1,False,2
2589,VAR_003661,1,False,1
2590,VAR_001120,1,False,4
2591,VAR_003166,0,False,4
2592,VAR_004823,1,False,4
2593,VAR_001697,1,False,4
2594,VAR_006333,0,False,3
2595,VAR_002162,1,False,2
2596,VAR_000946,1,True,-1
2597,VAR_002734,1,True,-1
2598,VAR_003005,1,True,-1
2599,VAR_002990,1,True,-1
2600,VAR_001775,1,True,-1
2601,VAR_005550,1,False,4
2602,VAR_002918,0,False,4
2603,VAR_004832,0,False,2
2604,VAR_001090,1,True,-1
2605,VAR_005175,0,False,1
2606,VAR_001303,0,False,2
2607,VAR_006060,0,False,3
2608,VAR_000054,1,False,4
2609,VAR_004715,0,True,-1
2610,VAR_006157,0,False,3
2611,VAR_000014,1,False,3
2612,VAR_000518,1,False,1
2613,VAR_001971,0,True,-1
2614,VAR_006517,1,False,3
2615,VAR_002805,1,True,-1
2616,VAR_000870,0,False,3
2617,VAR_000810,0,False,1
2618,VAR_003722,1,False,2
2619,VAR_005193,1,False,2
2620,VAR_000393,0,False,2
2621,VAR_004724,1,True,-1
2622,VAR_002864,1,True,-1
2623,VAR_004932,1,False,1
2624,VAR_005140,1,False,3
2625,VAR_004324,0,False,2
2626,VAR_001040,0,False,4
2627,VAR_001484,0,False,2
2628,VAR_000910,1,False,4
2629,VAR_005511,1,False,2
2630,VAR_001164,1,False,0
2631,VAR_005189,1,False,3
2632,VAR_002831,1,True,-1
2633,VAR_005675,0,False,4
2634,VAR_003811,1,False,4
2635,VAR_003015,0,False,4
2636,VAR_005349,1,False,0
2637,VAR_005473,1,False,0
2638,VAR_004491,1,False,1
2639,VAR_002163,0,False,4
2640,VAR_001103,1,False,0
2641,VAR_006424,0,False,4
2642,VAR_001390,1,False,0
2643,VAR_003463,0,False,1
2644,VAR_002317,1,False,2
2645,VAR_003242,1,False,0
2646,VAR_003964,1,False,3
2647,VAR_003670,1,True,-1
2648,VAR_004586,0,False,4
2649,VAR_003762,1,False,0
2650,VAR_002476,1,False,3
2651,VAR_000239,1,False,4
2652,VAR_001193,0,False,3
2653,VAR_000913,1,False,4
2654,VAR_005299,0,False,3
2655,VAR_003945,0,False,4
2656,VAR_000310,1,False,1
2657,VAR_004729,1,False,3
2658,VAR_002919,1,False,4
2659,VAR_005001,1,False,2
2660,VAR_004552,1,True,-1
2661,VAR_000150,1,False,3
2662,VAR_002044,1,False,0
2663,VAR_004312,1,False,4
2664,VAR_005568,1,False,4
2665,VAR_006287,0,False,3
2666,VAR_002653,1,True,-1
2667,VAR_005766,1,False,3
2668,VAR_006321,0,False,1
2669,VAR_004287,1,False,0
2670,VAR_000858,1,False,1
2671,VAR_002415,0,False,2
2672,VAR_004065,1,False,0
2673,VAR_001787,0,False,4
2674,VAR_004408,1,False,0
2675,VAR_006342,1,False,1
2676,VAR_004833,1,False,2
2677,VAR_000145,0,False,0
2678,VAR_004398,1,True,-1
2679,VAR_003849,0,False,1
2680,VAR_006244,0,False,1
2681,VAR_000579,1,False,3
2682,VAR_003405,1,False,3
2683,VAR_000793,1,False,4
2684,VAR_001822,1,True,-1
2685,VAR_001376,0,False,0
2686,VAR_003409,1,False,3
2687,VAR_003714,0,False,3
2688,VAR_000290,1,False,4
2689,VAR_002409,1,False,3
2690,VAR_004857,0,False,3
2691,VAR_002573,0,False,4
2692,VAR_005627,0,False,0
2693,VAR_005132,1,False,3
2694,VAR_002026,1,False,4
2695,VAR_002711,1,True,-1
2696,VAR_002942,1,True,-1
2697,VAR_006040,1,False,4
2698,VAR_000044,1,False,2
2699,VAR_001625,1,False,3
2700,VAR_003374,1,False,2
2701,VAR_005507,0,False,3
2702,VAR_001679,0,False,1
2703,VAR_003406,1,False,4
2704,VAR_005963,1,False,3
2705,VAR_005688,0,False,0
2706,VAR_002444,1,False,3
2707,VAR_003271,1,False,3
2708,VAR_005057,1,False,4
2709,VAR_000287,0,False,0
2710,VAR_001024,1,True,-1
2711,VAR_004846,1,False,1
2712,VAR_006313,0,False,4
2713,VAR_005470,1,False,2
2714,VAR_003941,1,False,4
2715,VAR_006043,1,False,4
2716,VAR_004814,1,False,3
2717,VAR_000366,1,False,0
2718,VAR_002558,1,True,-1
2719,VAR_004578,0,False,0
2720,VAR_005703,1,False,3
2721,VAR_001458,1,False,3
2722,VAR_002644,1,False,1
2723,VAR_003391,1,False,3
2724,VAR_005172,0,False,3
2725,VAR_002766,1,True,-1
2726,VAR_004732,1,True,-1
2727,VAR_003277,0,False,4
2728,VAR_005527,1,False,2
2729,VAR_003169,1,True,-1
2730,VAR_006518,1,False,1
2731,VAR_002912,0,False,4
2732,VAR_003779,1,False,4
2733,VAR_002086,1,False,3
2734,VAR_006128,0,False,4
2735,VAR_004827,1,False,3
2736,VAR_003296,1,False,3
2737,VAR_002740,1,True,-1
2738,VAR_005486,0,False,2
2739,VAR_004364,0,False,0
2740,VAR_002892,1,True,-1
2741,VAR_003395,1,False,2
2742,VAR_004427,1,True,-1
2743,VAR_003573,0,False,3
2744,VAR_006541,1,False,3
2745,VAR_005706,1,False,3
2746,VAR_004440,1,True,-1
2747,VAR_000764,1,False,3
2748,VAR_004910,1,False,4
2749,VAR_004415,1,True,-1
2750,VAR_002075,1,False,4
2751,VAR_006516,1,False,4
2752,VAR_001821,1,True,-1
2753,VAR_004346,1,True,-1
2754,VAR_002365,1,False,1
2755,VAR_003742,1,False,1
2756,VAR_002326,1,False,2
2757,VAR_000050,0,False,0
2758,VAR_005618,0,False,1
2759,VAR_001525,1,False,4
2760,VAR_005244,1,False,3
2761,VAR_002506,1,False,1
2762,VAR_006160,0,False,4
2763,VAR_004009,1,False,1
2764,VAR_000565,1,False,1
2765,VAR_002443,1,False,4
2766,VAR_001864,1,False,2
2767,VAR_005514,1,False,2
2768,VAR_004505,0,False,1
2769,VAR_003847,0,False,0
2770,VAR_005499,1,False,4
2771,VAR_002858,1,True,-1
2772,VAR_000447,1,False,2
2773,VAR_003134,0,False,4
2774,VAR_005577,1,False,1
2775,VAR_000553,0,False,3
2776,VAR_000180,0,False,2
2777,VAR_000051,0,False,4
2778,VAR_000416,1,False,2
2779,VAR_006107,1,False,1
2780,VAR_004066,1,False,2
2781,VAR_003231,0,False,2
2782,VAR_000455,1,False,3
2783,VAR_004506,1,False,1
2784,VAR_005226,1,False,0
2785,VAR_003049,0,False,1
2786,VAR_001248,0,True,-1
2787,VAR_004430,1,False,3
2788,VAR_005463,1,False,1
2789,VAR_000642,1,True,-1
2790,VAR_004464,1,False,4
2791,VAR_002967,1,False,0
2792,VAR_004030,0,False,2
2793,VAR_006494,1,False,2
2794,VAR_000979,1,True,-1
2795,VAR_000503,1,False,2
2796,VAR_004580,1,True,-1
2797,VAR_001172,1,False,4
2798,VAR_000965,1,True,-1
2799,VAR_002639,1,True,-1
2800,VAR_004411,1,True,-1
2801,VAR_001895,0,False,0
2802,VAR_005803,1,False,2
2803,VAR_001961,0,True,-1
2804,VAR_001089,1,True,-1
2805,VAR_000796,0,False,1
2806,VAR_006534,1,False,4
2807,VAR_005068,1,False,2
2808,VAR_004597,0,False,2
2809,VAR_004845,1,False,3
2810,VAR_000441,0,False,1
2811,VAR_005613,1,False,2
2812,VAR_005439,1,False,3
2813,VAR_000596,1,True,-1
2814,VAR_003895,0,False,1
2815,VAR_005201,1,False,1
2816,VAR_000622,1,False,4
2817,VAR_000687,1,True,-1
2818,VAR_005709,1,False,1
2819,VAR_006119,0,False,3
2820,VAR_003794,1,False,4
2821,VAR_003635,0,False,1
2822,VAR_003660,1,True,-1
2823,VAR_005815,1,False,4
2824,VAR_005726,0,False,0
2825,VAR_003290,1,False,0
2826,VAR_000329,1,False,0
2827,VAR_005842,1,False,3
2828,VAR_004492,0,False,3
2829,VAR_004315,1,False,0
2830,VAR_001761,1,False,3
2831,VAR_004802,1,False,2
2832,VAR_003212,0,True,-1
2833,VAR_000280,1,False,3
2834,VAR_005841,1,False,4
2835,VAR_003666,1,True,-1
2836,VAR_003828,0,False,2
2837,VAR_000209,1,False,3
2838,VAR_000961,1,False,0
2839,VAR_004920,1,False,4
2840,VAR_001036,1,True,-1
2841,VAR_005003,1,False,1
2842,VAR_006332,0,False,1
2843,VAR_002710,1,True,-1
2844,VAR_001455,0,False,2
2845,VAR_003537,1,False,1
2846,VAR_006308,1,False,1
2847,VAR_005431,1,False,2
2848,VAR_005389,1,False,2
2849,VAR_001992,0,False,2
2850,VAR_000785,0,False,2
2851,VAR_001704,1,False,0
2852,VAR_005636,1,False,2
2853,VAR_002542,1,False,2
2854,VAR_004239,1,False,1
2855,VAR_005395,0,False,0
2856,VAR_004282,1,False,1
2857,VAR_005335,1,False,2
2858,VAR_001874,1,True,-1
2859,VAR_003850,1,False,0
2860,VAR_003760,1,False,0
2861,VAR_003001,0,False,4
2862,VAR_006575,0,False,3
2863,VAR_002909,1,True,-1
2864,VAR_004966,1,False,1
2865,VAR_002988,1,False,3
2866,VAR_000074,0,False,0
2867,VAR_002989,1,True,-1
2868,VAR_005788,1,False,2
2869,VAR_005564,1,False,3
2870,VAR_002678,0,False,4
2871,VAR_002873,1,True,-1
2872,VAR_004041,1,False,0
2873,VAR_003512,0,False,4
2874,VAR_004390,1,True,-1
2875,VAR_001766,1,False,3
2876,VAR_003985,1,False,3
2877,VAR_004564,1,True,-1
2878,VAR_004453,0,False,2
2879,VAR_004093,0,False,0
2880,VAR_000973,1,True,-1
2881,VAR_000359,1,False,0
2882,VAR_001887,1,True,-1
2883,VAR_004799,0,False,0
2884,VAR_005281,1,False,1
2885,VAR_005294,0,False,4
2886,VAR_000835,1,False,3
2887,VAR_001522,0,False,1
2888,VAR_005871,1,False,4
2889,VAR_001473,1,False,1
2890,VAR_006499,1,False,3
2891,VAR_006173,0,False,0
2892,VAR_004545,1,True,-1
2893,VAR_005397,1,False,4
2894,VAR_006501,1,False,1
2895,VAR_005845,0,False,4
2896,VAR_001589,1,False,0
2897,VAR_001802,1,False,4
2898,VAR_000948,1,True,-1
2899,VAR_005231,0,False,4
2900,VAR_000215,1,False,4
2901,VAR_003972,0,False,3
2902,VAR_002752,1,True,-1
2903,VAR_003955,1,False,1
2904,VAR_001546,1,False,1
2905,VAR_004883,0,False,3
2906,VAR_003987,1,False,0
2907,VAR_005693,1,False,1
2908,VAR_000360,1,False,2
2909,VAR_002029,0,False,3
2910,VAR_002078,1,False,2
2911,VAR_003758,1,False,2
2912,VAR_004148,0,False,2
2913,VAR_002849,0,False,2
2914,VAR_003294,1,False,3
2915,VAR_000397,0,False,3
2916,VAR_002780,1,True,-1
2917,VAR_001136,1,False,3
2918,VAR_005336,1,False,0
2919,VAR_001903,0,False,0
2920,VAR_005071,1,False,4
2921,VAR_000396,1,False,3
2922,VAR_000727,1,False,0
2923,VAR_000634,1,True,-1
2924,VAR_002384,1,False,1
2925,VAR_005424,0,False,2
2926,VAR_002007,1,False,3
2927,VAR_005116,1,False,2
2928,VAR_004820,1,False,2
2929,VAR_004058,1,False,3
2930,VAR_004374,1,True,-1
