model,fold,threshold_name,threshold,auc_roc,auc_pr,f1_macro,f1_weighted,mcc,benign_precision,benign_recall,benign_f1,pathogenic_precision,pathogenic_recall,pathogenic_f1
acmg_rule,0,default_0.5,0.5,0.6980170810079487,0.8152320268593601,0.5668321939007112,0.5853315378696595,0.221628285057948,0.3985239852398524,0.7397260273972602,0.5179856115107914,0.8090452261306532,0.49691358024691357,0.615678776290631
acmg_rule,0,f1_macro_opt,0.0009110511944006454,0.6980170810079487,0.8152320268593601,0.6449431577395759,0.7138939427974648,0.32816706208192264,0.6385542168674698,0.363013698630137,0.462882096069869,0.7596899224806202,0.9074074074074074,0.8270042194092827
acmg_rule,0,youden_j,0.8807970779778823,0.6980170810079487,0.8152320268593601,0.5686819676897635,0.5784134709628926,0.26710239469467556,0.40540540540540543,0.821917808219178,0.5429864253393665,0.8505747126436781,0.4567901234567901,0.5943775100401606
lr_ek_only,0,default_0.5,0.5,0.7285324708269914,0.8254217040158558,0.6559151193633952,0.7058222247305154,0.31186035162193415,0.5277777777777778,0.5205479452054794,0.5241379310344828,0.7852760736196319,0.7901234567901234,0.7876923076923077
lr_ek_only,0,f1_macro_opt,0.4661727625444872,0.7285324708269914,0.8254217040158558,0.6628920428611793,0.7150468710330957,0.3273375531614159,0.553030303030303,0.5,0.5251798561151079,0.7840236686390533,0.8179012345679012,0.8006042296072508
lr_ek_only,0,youden_j,0.5908741901059184,0.7285324708269914,0.8254217040158558,0.6039283745803554,0.6157370107279959,0.3285832648801627,0.43205574912891986,0.8493150684931506,0.5727482678983834,0.8797814207650273,0.49691358024691357,0.6351084812623274
lightgbm,0,default_0.5,0.5,0.8655610519194994,0.9244014389068633,0.5805568776772965,0.6799244534011158,0.35136509605439614,0.9333333333333333,0.1917808219178082,0.3181818181818182,0.7318181818181818,0.9938271604938271,0.8429319371727748
lightgbm,0,f1_macro_opt,0.6561121196297008,0.8655610519194994,0.9244014389068633,0.7772750202546739,0.8054518979548227,0.5583678674522522,0.6586826347305389,0.7534246575342466,0.7028753993610224,0.8811881188118812,0.8240740740740741,0.8516746411483254
lightgbm,0,youden_j,0.6908914084970207,0.8655610519194994,0.9244014389068633,0.7612932247906781,0.7841827083238779,0.549976292385558,0.6,0.8424657534246576,0.7008547008547008,0.9132075471698113,0.7469135802469136,0.8217317487266553
extra_trees,0,default_0.5,0.5,0.8479092677152038,0.9112091745256545,0.7644681939748168,0.7980610644167788,0.5289453754859476,0.673469387755102,0.678082191780822,0.6757679180887372,0.8544891640866873,0.8518518518518519,0.8531684698608965
extra_trees,0,f1_macro_opt,0.5441301756088585,0.8479092677152038,0.9112091745256545,0.7819632584895158,0.8107768780376101,0.5656669323520696,0.675,0.7397260273972602,0.7058823529411765,0.8774193548387097,0.8395061728395061,0.8580441640378549
extra_trees,0,youden_j,0.5704358794691609,0.8479092677152038,0.9112091745256545,0.7800207565983598,0.8076730138676071,0.5642381115521343,0.6607142857142857,0.7602739726027398,0.7070063694267515,0.8841059602649006,0.8240740740740741,0.853035143769968
acmg_rule,1,default_0.5,0.5,0.6904443027210885,0.8092547928870121,0.5397277182122987,0.5510462177571058,0.19015370271389656,0.38408304498269896,0.7551020408163265,0.5091743119266054,0.797752808988764,0.44375,0.570281124497992
acmg_rule,1,f1_macro_opt,0.0009110511944006454,0.6904443027210885,0.8092547928870121,0.6240003874349987,0.6926009339273087,0.27669026155081333,0.5777777777777777,0.35374149659863946,0.4388185654008439,0.7480106100795756,0.88125,0.8091822094691535
acmg_rule,1,youden_j,0.11920292202211755,0.6904443027210885,0.8092547928870121,0.5908978052608156,0.6129653016449146,0.2467715958577278,0.42063492063492064,0.7210884353741497,0.531328320802005,0.8093023255813954,0.54375,0.6504672897196262
lr_ek_only,1,default_0.5,0.5,0.7186437074829932,0.8168631435226659,0.6605978621256731,0.7069057915241685,0.3212032679411935,0.5337837837837838,0.5374149659863946,0.535593220338983,0.786833855799373,0.784375,0.7856025039123631
lr_ek_only,1,f1_macro_opt,0.5054749132495793,0.7186437074829932,0.8168631435226659,0.6698218732852138,0.7140855357842862,0.3397654955592179,0.543046357615894,0.5578231292517006,0.5503355704697986,0.7943037974683544,0.784375,0.789308176100629
lr_ek_only,1,youden_j,0.5149508515200599,0.7186437074829932,0.8168631435226659,0.6683792815371763,0.7112579807835077,0.33750585000523214,0.535031847133758,0.5714285714285714,0.5526315789473685,0.7967741935483871,0.771875,0.7841269841269841
lightgbm,1,default_0.5,0.5,0.8606292517006803,0.9163663793496536,0.7774400576124714,0.807629525103497,0.5549166899554303,0.6912751677852349,0.7006802721088435,0.6959459459459459,0.8616352201257862,0.85625,0.8589341692789969
lightgbm,1,f1_macro_opt,0.5200137401994226,0.8606292517006803,0.9163663793496536,0.7839327024185068,0.8125558805449915,0.5681937691822032,0.6928104575163399,0.7210884353741497,0.7066666666666667,0.8694267515923567,0.853125,0.861198738170347
lightgbm,1,youden_j,0.6661721551292226,0.8606292517006803,0.9163663793496536,0.7632883049137571,0.786196553548444,0.5474242361250241,0.6111111111111112,0.8231292517006803,0.7014492753623188,0.9033457249070632,0.759375,0.8251273344651953
extra_trees,1,default_0.5,0.5,0.8193239795918368,0.8919674329799923,0.7319331562994555,0.7697839896056496,0.46408383264207165,0.6408450704225352,0.6190476190476191,0.629757785467128,0.8276923076923077,0.840625,0.834108527131783
extra_trees,1,f1_macro_opt,0.4710769686757456,0.8193239795918368,0.8919674329799923,0.7336813476048429,0.7736091797163407,0.4696844936545721,0.6641221374045801,0.5918367346938775,0.6258992805755396,0.8214285714285714,0.8625,0.8414634146341463
extra_trees,1,youden_j,0.6932625818669741,0.8193239795918368,0.8919674329799923,0.7296309810503783,0.7536517712377232,0.4872842138791052,0.5673076923076923,0.8027210884353742,0.6647887323943662,0.888030888030888,0.71875,0.7944732297063903
acmg_rule,2,default_0.5,0.5,0.6979867209252517,0.8098105887968903,0.5547522956161137,0.5710135374275652,0.20719730737190256,0.3898916967509025,0.7448275862068966,0.5118483412322274,0.8052631578947368,0.4751552795031056,0.59765625
acmg_rule,2,f1_macro_opt,0.0024726231566347743,0.6979867209252517,0.8098105887968903,0.6472809667673716,0.7031026608098231,0.2971222178723006,0.5354330708661418,0.4689655172413793,0.5,0.7735294117647059,0.8167701863354038,0.7945619335347432
acmg_rule,2,youden_j,0.11920292202211755,0.6979867209252517,0.8098105887968903,0.6108333333333333,0.6370485367594575,0.27583061909577944,0.4351464435146444,0.7172413793103448,0.5416666666666666,0.8201754385964912,0.5807453416149069,0.68
lr_ek_only,2,default_0.5,0.5,0.697504819019062,0.8156483580855186,0.6397002094125428,0.688241531749023,0.2802649846601907,0.4935897435897436,0.5310344827586206,0.5116279069767442,0.7813504823151125,0.7546583850931677,0.7677725118483413
lr_ek_only,2,f1_macro_opt,0.512116574729486,0.697504819019062,0.8156483580855186,0.6500562008242787,0.6957822504879965,0.30195550723356207,0.5031055900621118,0.5586206896551724,0.5294117647058824,0.7908496732026143,0.7515527950310559,0.7707006369426752
lr_ek_only,2,youden_j,0.512116574729486,0.697504819019062,0.8156483580855186,0.6500562008242787,0.6957822504879965,0.30195550723356207,0.5031055900621118,0.5586206896551724,0.5294117647058824,0.7908496732026143,0.7515527950310559,0.7707006369426752
lightgbm,2,default_0.5,0.5,0.8603876633112016,0.91993637224088,0.7891392449671821,0.8218257607721722,0.580235868832525,0.7404580152671756,0.6689655172413793,0.7028985507246377,0.8571428571428571,0.8944099378881988,0.8753799392097265
lightgbm,2,f1_macro_opt,0.5017241848158928,0.8603876633112016,0.91993637224088,0.7921467781019731,0.8241983893819123,0.5859824666786501,0.7424242424242424,0.6758620689655173,0.7075812274368231,0.8597014925373134,0.8944099378881988,0.8767123287671232
lightgbm,2,youden_j,0.6086630998844708,0.8603876633112016,0.91993637224088,0.7718241042345277,0.7990465163319825,0.5513124998304,0.64,0.7724137931034483,0.7,0.886986301369863,0.8043478260869565,0.8436482084690554
extra_trees,2,default_0.5,0.5,0.8352109659455987,0.8955854287499012,0.7331249159607369,0.7762272323779562,0.47080656167082685,0.6747967479674797,0.5724137931034483,0.6194029850746269,0.8197674418604651,0.8757763975155279,0.8468468468468469
extra_trees,2,f1_macro_opt,0.6133583688760533,0.8352109659455987,0.8955854287499012,0.7689834281474153,0.7980446813457686,0.5421487373128276,0.6467065868263473,0.7448275862068966,0.6923076923076923,0.8766666666666667,0.8167701863354038,0.8456591639871383
extra_trees,2,youden_j,0.6736437399631645,0.8352109659455987,0.8955854287499012,0.7548920578332343,0.7801559704192278,0.5297824998847933,0.6,0.8068965517241379,0.6882352941176471,0.8970588235294118,0.7577639751552795,0.8215488215488216
acmg_rule,3,default_0.5,0.5,0.6853553921568626,0.7875348361721627,0.5359940872135994,0.5436138312949533,0.18353514134481272,0.38926174496644295,0.7581699346405228,0.5144124168514412,0.7885714285714286,0.43125,0.5575757575757576
acmg_rule,3,f1_macro_opt,0.0024726231566347743,0.6853553921568626,0.7875348361721627,0.6493660529451495,0.702758314602175,0.3096509524096143,0.5775862068965517,0.43790849673202614,0.49814126394052044,0.7591036414565826,0.846875,0.8005908419497785
acmg_rule,3,youden_j,0.04742587317756678,0.6853553921568626,0.7875348361721627,0.6230167556346382,0.6480609026205112,0.28280077285434074,0.4588744588744589,0.6928104575163399,0.5520833333333334,0.8057851239669421,0.609375,0.693950177935943
lr_ek_only,3,default_0.5,0.5,0.7350490196078432,0.8366579520253041,0.6638132739827656,0.7079792079971247,0.3282290589820838,0.5555555555555556,0.5228758169934641,0.5387205387205387,0.7781155015197568,0.8,0.7889060092449923
lr_ek_only,3,f1_macro_opt,0.49986559138727515,0.7350490196078432,0.8366579520253041,0.6656548856548856,0.7098284493633331,0.3320583490787338,0.5594405594405595,0.5228758169934641,0.5405405405405406,0.7787878787878788,0.803125,0.7907692307692308
lr_ek_only,3,youden_j,0.5877587817787726,0.7350490196078432,0.8366579520253041,0.6426150887908608,0.6564869184103564,0.36763540935906014,0.47388059701492535,0.8300653594771242,0.6033254156769596,0.8731707317073171,0.559375,0.6819047619047619
lightgbm,3,default_0.5,0.5,0.8371936274509804,0.9022081109437219,0.7502789434438766,0.787559239198895,0.5108409559033718,0.7333333333333333,0.5751633986928104,0.6446886446886447,0.8158640226628895,0.9,0.8558692421991084
lightgbm,3,f1_macro_opt,0.5642403919953388,0.8371936274509804,0.9022081109437219,0.761297426251319,0.7908747843473232,0.5226033624513052,0.6753246753246753,0.6797385620915033,0.6775244299674267,0.8463949843260188,0.84375,0.8450704225352113
lightgbm,3,youden_j,0.6664345374758933,0.8371936274509804,0.9022081109437219,0.7487541528239203,0.7729467665919801,0.5086018964147583,0.612565445026178,0.7647058823529411,0.6802325581395349,0.8723404255319149,0.76875,0.8172757475083057
extra_trees,3,default_0.5,0.5,0.8487132352941176,0.9135829518648969,0.7463146658335286,0.7800208471664472,0.4936731451911747,0.676056338028169,0.6274509803921569,0.6508474576271186,0.8277945619335347,0.85625,0.8417818740399385
extra_trees,3,f1_macro_opt,0.6104132759506521,0.8487132352941176,0.9135829518648969,0.7586077046946612,0.7852750208260825,0.5201367891350935,0.6453488372093024,0.7254901960784313,0.683076923076923,0.8604651162790697,0.809375,0.8341384863123994
extra_trees,3,youden_j,0.6612874078002756,0.8487132352941176,0.9135829518648969,0.7570901306916626,0.7795734814134603,0.5284430463000584,0.6173469387755102,0.7908496732026143,0.6934097421203438,0.8844765342960289,0.765625,0.8207705192629816
acmg_rule,4,default_0.5,0.5,0.6382781456953641,0.7626638246790897,0.5078433199763923,0.521071703306241,0.11105921792269861,0.3586206896551724,0.6887417218543046,0.47165532879818595,0.7473118279569892,0.4276923076923077,0.5440313111545988
acmg_rule,4,f1_macro_opt,0.0009110511944006454,0.6382781456953641,0.7626638246790897,0.6142446976011855,0.6829729391061787,0.25614029370202474,0.5591397849462365,0.3443708609271523,0.4262295081967213,0.741514360313316,0.8738461538461538,0.8022598870056498
acmg_rule,4,youden_j,0.0009110511944006454,0.6382781456953641,0.7626638246790897,0.6142446976011855,0.6829729391061787,0.25614029370202474,0.5591397849462365,0.3443708609271523,0.4262295081967213,0.741514360313316,0.8738461538461538,0.8022598870056498
lr_ek_only,4,default_0.5,0.5,0.6619663779928681,0.7896838011189627,0.6095039083662255,0.6637827548014793,0.2193348388913174,0.4722222222222222,0.4503311258278146,0.4610169491525424,0.75,0.7661538461538462,0.7579908675799086
lr_ek_only,4,f1_macro_opt,0.5378590685669747,0.6619663779928681,0.7896838011189627,0.6145557515089793,0.6616203151818862,0.2305517797366245,0.463855421686747,0.5099337748344371,0.48580441640378547,0.7612903225806451,0.7261538461538461,0.7433070866141732
lr_ek_only,4,youden_j,0.6019730113479727,0.6619663779928681,0.7896838011189627,0.5924948277092101,0.6075162033137432,0.2757292623253458,0.4259927797833935,0.7814569536423841,0.5514018691588785,0.8341708542713567,0.5107692307692308,0.6335877862595419
lightgbm,4,default_0.5,0.5,0.8116963830871117,0.8741590763908491,0.7370788290065493,0.775643911790235,0.4766813020203639,0.6716417910447762,0.5960264900662252,0.631578947368421,0.8216374269005848,0.8646153846153846,0.8425787106446777
lightgbm,4,f1_macro_opt,0.5733330873488006,0.8116963830871117,0.8741590763908491,0.7527587761422215,0.7812392680861522,0.5100982411426431,0.6285714285714286,0.7284768211920529,0.6748466257668712,0.8637873754152824,0.8,0.8306709265175719
lightgbm,4,youden_j,0.5776190914394616,0.8116963830871117,0.8741590763908491,0.7515112188791366,0.7795629368170887,0.5087716938178869,0.6235955056179775,0.7350993377483444,0.6747720364741642,0.8657718120805369,0.7938461538461539,0.8282504012841091
extra_trees,4,default_0.5,0.5,0.7987773815588386,0.8691961655879623,0.7322221064694239,0.7704713638763142,0.46566957917763363,0.6546762589928058,0.6026490066225165,0.6275862068965518,0.8219584569732937,0.8523076923076923,0.8368580060422961
extra_trees,4,f1_macro_opt,0.47942435482836665,0.7987773815588386,0.8691961655879623,0.7410406334014694,0.7794223395358874,0.48527825736429814,0.6818181818181818,0.5960264900662252,0.6360424028268551,0.8226744186046512,0.8707692307692307,0.8460388639760837
extra_trees,4,youden_j,0.5925592863826423,0.7987773815588386,0.8691961655879623,0.731370384001963,0.76252096716493,0.46682061917109097,0.603448275862069,0.695364238410596,0.6461538461538462,0.847682119205298,0.7876923076923077,0.8165869218500797
