feature,importance
source_row_index,362
aa_change_te,267
EK_1,251
EK_8,221
EK7xEK9,219
EK_7,196
EK_9,185
EK_2,182
AL_10,169
EK7_minus_EK9,155
AL_9,150
EK2xEK4,145
EK_3,142
EK_5,140
AL_14,135
AL_12,130
EK4xEK6,130
AL_11,126
AL_26,124
AL_15,119
miss_pc7,112
min_AF_nz,112
AL_8,107
EK_6,106
EK_4,93
AL_7,89
AL_16,82
AL_13,81
AL_327,79
AL_22,74
AL_319,73
AL_186,73
max_prob_EK,72
AL_298,69
max_AF,69
cat1_te,68
AL_91,64
AL_23,60
AL_20,60
miss_pc3,59
AL_306,59
AL_145,59
AL_151,58
AL_40,57
AL_58,55
miss_pc4,55
miss_pc8,53
AL_178,52
AL_315,52
AL_25,51
AL_148,50
AL_331,50
AL_323,49
AL_52,48
AL_18,47
AL_133,45
AL_287,45
AL_296,44
AL_311,44
aa_involves_R,43
AL_181,43
AL_73,42
AL_166,41
AL_219,40
miss_pc10,40
AL_136,38
AL_226,38
AL_97,37
AL_184,37
AL_46,35
AL_24,35
AL_255,35
AL_194,34
AL_211,33
AL_43,33
AL_55,32
AL_251,31
AL_19,31
frac_flags,31
log_min_AF,30
AL_64,29
AL_49,29
AL_106,29
AL_112,28
log_max_AF,28
AL_17,28
miss_pc1,27
AL_238,27
AL_207,27
AL_172,27
AL_21,27
miss_pc6,27
AL_275,26
AL_247,26
AL_115,26
AL_283,26
AL_85,25
miss_pc2,25
AL_82,25
AL_61,25
AL_142,25
aa_from_special,25
miss_pc9,25
miss_pc5,24
AL_109,22
AL_124,22
AL_130,22
AL_188,22
AL_199,22
AL_224,21
AL_154,21
AL_67,20
aa_involves_G,20
AL_163,20
AL_103,20
AL_291,19
AL_169,19
AL_79,19
n_nonmiss_AL,18
AL_215,18
AL_302,18
AL_139,18
AL_230,17
AL_100,17
AL_54,17
AL_118,16
AL_157,16
AL_239,16
AL_160,15
AL_218,15
cat1_NFE,15
AL_70,14
AL_177,13
AL_271,13
cat1_gnomADe,13
AL_94,13
sum_flags,13
AL_304,13
AL_175,12
AL_83,11
AL_76,11
cat1_gnomADg,11
AL_235,11
AL_121,11
AL_297,10
AL_262,10
AL_147,10
n_EK_path,10
AL_45,10
AL_105,9
AL_301,9
AL_42,9
EK_net_evidence,9
AL_111,9
aa_involves_C,8
AL_279,8
AL_88,8
AL_39,8
AL_260,8
AL_223,8
AL_205,8
AL_243,8
AL_305,8
AL_202,8
AL_60,7
AL_127,7
AL_246,7
AL_84,7
AL_330,7
AL_93,7
aa_class_changed,7
AL_325,7
AL_50,6
AL_96,6
AL_77,6
AL_1,6
AL_117,6
AL_266,6
AL_48,6
AL_234,5
AL_138,5
AL_318,5
AL_190,5
AL_206,5
blosum62_approx,5
AL_81,5
AL_321,5
AL_68,5
AL_5,5
n_EK_ben,4
AL_123,4
AL_313,4
AL_254,4
AL_168,4
AL_51,3
AL_201,3
AL_203,3
AL_156,3
AL_264,3
AL_120,3
AL_300,3
AL_90,3
AL_71,3
AL_63,3
AL_196,3
AL_162,3
AL_317,3
cat1_AFR,2
AL_2,2
n_valid_flags,2
BA1_flag,2
AL_59,2
AL_87,2
AL_171,2
AL_180,2
AL_153,2
AL_295,2
AL_308,2
AL_135,2
AL_129,2
AL_314,2
AL_290,2
AL_282,2
AL_242,2
AL_249,2
AL_277,2
AL_222,2
AL_221,1
AL_257,1
AL_258,1
AL_193,1
AL_253,1
AL_209,1
AL_250,1
AL_213,1
AL_329,1
AL_333,1
AL_334,1
AL_72,1
miss_EK3,1
npops_tier_10,1
AL_3,1
AL_310,1
AL_159,1
AL_285,1
AL_150,1
AL_293,1
AL_286,1
AL_174,1
AL_165,1
AL_268,1
AL_233,0
AL_232,0
AL_231,0
AL_229,0
AL_228,0
AL_227,0
AL_225,0
AL_236,0
AL_200,0
AL_198,0
AL_245,0
AL_204,0
AL_244,0
AL_237,0
AL_240,0
AL_241,0
cat6_lcr,0
geno_consistent,0
aa_involves_P,0
geno_missing,0
AL_214,0
AL_216,0
AL_217,0
aa_to_special,0
AL_220,0
cat2_AllofUs_EUR,0
cat2_AllofUs_OTH,0
cat2_AllofUs_MID,0
cat2_missing,0
cat6_has_filter,0
cat6_segdup,0
cat2_AllofUs_SAS,0
AL_197,0
AL_195,0
AL_192,0
AL_191,0
AL_187,0
AL_189,0
AL_183,0
AL_182,0
AL_252,0
AL_261,0
AL_259,0
AL_256,0
AL_210,0
AL_208,0
AL_212,0
AL_248,0
AL_176,0
AL_173,0
AL_170,0
AL_167,0
AL_281,0
AL_280,0
AL_179,0
AL_278,0
AL_288,0
AL_272,0
AL_273,0
AL_274,0
AL_269,0
AL_270,0
AL_276,0
AL_263,0
AL_158,0
AL_155,0
AL_164,0
AL_161,0
AL_299,0
AL_303,0
AL_307,0
AL_294,0
AL_134,0
AL_137,0
AL_140,0
AL_141,0
AL_143,0
AL_144,0
AL_146,0
AL_309,0
AL_119,0
AL_122,0
AL_126,0
AL_125,0
AL_128,0
AL_131,0
AL_132,0
AL_312,0
AL_316,0
AL_284,0
AL_292,0
AL_289,0
AL_149,0
AL_152,0
AL_265,0
AL_267,0
AL_107,0
AL_104,0
AL_102,0
AL_101,0
AL_324,0
AL_322,0
AL_320,0
AL_116,0
AL_328,0
AL_326,0
AL_332,0
miss_AL1_6,0
AL_89,0
AL_92,0
AL_114,0
AL_108,0
AL_98,0
AL_95,0
AL_74,0
AL_99,0
AL_78,0
AL_80,0
AL_86,0
AL_75,0
miss_AL7_15,0
miss_AL16_25,0
miss_AL27_38,0
n_pops,0
AL_56,0
AL_57,0
AL_113,0
AL_110,0
AL_65,0
AL_62,0
AL_41,0
AL_66,0
AL_47,0
AL_53,0
BS1_flag,0
AL_69,0
PM2_flag,0
BS2_proxy,0
n_pops_squared,0
npops_tier_0,0
npops_tier_26,0
AL_27,0
AL_28,0
AL_44,0
AL_29,0
AL_30,0
AL_32,0
AL_31,0
AL_34,0
AL_35,0
AL_36,0
AL_33,0
AL_37,0
AL_38,0
cat2_AllofUs_AFR,0
cat1_multipop,0
cat2_AllofUs_AMR,0
cat2_AllofUs_EAS,0
AL_6,0
AL_4,0
