dataset,column,missing_count,missing_rate
MASTER,Variant_ID,0,0.0
MASTER,AL_1,2637,0.8996929375639714
MASTER,AL_2,2637,0.8996929375639714
MASTER,AL_3,2637,0.8996929375639714
MASTER,AL_4,2637,0.8996929375639714
MASTER,AL_5,2637,0.8996929375639714
MASTER,AL_6,2637,0.8996929375639714
MASTER,AL_7,1144,0.3903104742408734
MASTER,AL_8,1144,0.3903104742408734
MASTER,AL_9,1144,0.3903104742408734
MASTER,AL_10,1144,0.3903104742408734
MASTER,AL_11,1144,0.3903104742408734
MASTER,AL_12,1144,0.3903104742408734
MASTER,AL_13,1144,0.3903104742408734
MASTER,AL_14,1144,0.3903104742408734
MASTER,AL_15,1144,0.3903104742408734
MASTER,AL_16,1875,0.6397134083930399
MASTER,AL_17,1875,0.6397134083930399
MASTER,AL_18,1875,0.6397134083930399
MASTER,AL_19,1875,0.6397134083930399
MASTER,AL_20,1876,0.6400545888775162
MASTER,AL_21,1876,0.6400545888775162
MASTER,AL_22,1876,0.6400545888775162
MASTER,AL_23,1875,0.6397134083930399
MASTER,AL_24,1876,0.6400545888775162
MASTER,AL_25,1876,0.6400545888775162
MASTER,AL_26,1085,0.3701808256567724
MASTER,CAT_1,1085,0.3701808256567724
MASTER,AL_27,2679,0.9140225179119754
MASTER,AL_28,2679,0.9140225179119754
MASTER,AL_29,2679,0.9140225179119754
MASTER,AL_30,2679,0.9140225179119754
MASTER,AL_31,2679,0.9140225179119754
MASTER,AL_32,2679,0.9140225179119754
MASTER,AL_33,2679,0.9140225179119754
MASTER,AL_34,2679,0.9140225179119754
MASTER,AL_35,2679,0.9140225179119754
MASTER,AL_36,2679,0.9140225179119754
MASTER,AL_37,2679,0.9140225179119754
MASTER,AL_38,2679,0.9140225179119754
MASTER,AL_39,1417,0.48345274650290004
MASTER,AL_40,1417,0.48345274650290004
MASTER,AL_41,1417,0.48345274650290004
MASTER,AL_42,1417,0.48345274650290004
MASTER,AL_43,1417,0.48345274650290004
MASTER,AL_44,1417,0.48345274650290004
MASTER,AL_45,1417,0.48345274650290004
MASTER,AL_46,1417,0.48345274650290004
MASTER,AL_47,1417,0.48345274650290004
MASTER,AL_48,1417,0.48345274650290004
MASTER,AL_49,1417,0.48345274650290004
MASTER,AL_50,1417,0.48345274650290004
MASTER,AL_51,1417,0.48345274650290004
MASTER,AL_52,1417,0.48345274650290004
MASTER,AL_53,1417,0.48345274650290004
MASTER,AL_54,1417,0.48345274650290004
MASTER,AL_55,1417,0.48345274650290004
MASTER,AL_56,1417,0.48345274650290004
MASTER,AL_57,1417,0.48345274650290004
MASTER,AL_58,1417,0.48345274650290004
MASTER,AL_59,1417,0.48345274650290004
MASTER,AL_60,1417,0.48345274650290004
MASTER,AL_61,1417,0.48345274650290004
MASTER,AL_62,1417,0.48345274650290004
MASTER,AL_63,1417,0.48345274650290004
MASTER,AL_64,1417,0.48345274650290004
MASTER,AL_65,1417,0.48345274650290004
MASTER,AL_66,1417,0.48345274650290004
MASTER,AL_67,1417,0.48345274650290004
MASTER,AL_68,1417,0.48345274650290004
MASTER,AL_69,1417,0.48345274650290004
MASTER,AL_70,1417,0.48345274650290004
MASTER,AL_71,1417,0.48345274650290004
MASTER,AL_72,1417,0.48345274650290004
MASTER,AL_73,1417,0.48345274650290004
MASTER,AL_74,1417,0.48345274650290004
MASTER,AL_75,1734,0.5916069600818833
MASTER,AL_76,1734,0.5916069600818833
MASTER,AL_77,1734,0.5916069600818833
MASTER,AL_78,1734,0.5916069600818833
MASTER,AL_79,1734,0.5916069600818833
MASTER,AL_80,1734,0.5916069600818833
MASTER,AL_81,1734,0.5916069600818833
MASTER,AL_82,1734,0.5916069600818833
MASTER,AL_83,1734,0.5916069600818833
MASTER,AL_84,1734,0.5916069600818833
MASTER,AL_85,1734,0.5916069600818833
MASTER,AL_86,1734,0.5916069600818833
MASTER,AL_87,1734,0.5916069600818833
MASTER,AL_88,1734,0.5916069600818833
MASTER,AL_89,1734,0.5916069600818833
MASTER,AL_90,1734,0.5916069600818833
MASTER,AL_91,1734,0.5916069600818833
MASTER,AL_92,1734,0.5916069600818833
MASTER,AL_93,1734,0.5916069600818833
MASTER,AL_94,1734,0.5916069600818833
MASTER,AL_95,1734,0.5916069600818833
MASTER,CAT_2,1734,0.5916069600818833
MASTER,AL_96,1734,0.5916069600818833
MASTER,AL_97,1734,0.5916069600818833
MASTER,AL_98,1734,0.5916069600818833
MASTER,CAT_3,359,0.12248379392698738
MASTER,CAT_4,359,0.12248379392698738
MASTER,EK_1,359,0.12248379392698738
MASTER,EK_2,359,0.12248379392698738
MASTER,EK_3,1330,0.45377004435346296
MASTER,AL_99,1445,0.4930058000682361
MASTER,AL_100,1445,0.4930058000682361
MASTER,AL_101,1445,0.4930058000682361
MASTER,AL_102,1445,0.4930058000682361
MASTER,AL_103,1445,0.4930058000682361
MASTER,AL_104,1445,0.4930058000682361
MASTER,AL_105,1445,0.4930058000682361
MASTER,AL_106,1445,0.4930058000682361
MASTER,AL_107,1445,0.4930058000682361
MASTER,AL_108,1445,0.4930058000682361
MASTER,AL_109,1445,0.4930058000682361
MASTER,AL_110,1445,0.4930058000682361
MASTER,AL_111,1445,0.4930058000682361
MASTER,AL_112,1445,0.4930058000682361
MASTER,AL_113,1445,0.4930058000682361
MASTER,AL_114,1445,0.4930058000682361
MASTER,AL_115,1445,0.4930058000682361
MASTER,AL_116,1445,0.4930058000682361
MASTER,AL_117,1445,0.4930058000682361
MASTER,AL_118,1445,0.4930058000682361
MASTER,AL_119,1445,0.4930058000682361
MASTER,AL_120,1445,0.4930058000682361
MASTER,AL_121,1445,0.4930058000682361
MASTER,AL_122,1445,0.4930058000682361
MASTER,AL_123,1445,0.4930058000682361
MASTER,AL_124,1445,0.4930058000682361
MASTER,AL_125,1445,0.4930058000682361
MASTER,AL_126,1445,0.4930058000682361
MASTER,AL_127,1445,0.4930058000682361
MASTER,AL_128,1445,0.4930058000682361
MASTER,AL_129,1445,0.4930058000682361
MASTER,AL_130,1445,0.4930058000682361
MASTER,AL_131,1445,0.4930058000682361
MASTER,AL_132,1445,0.4930058000682361
MASTER,AL_133,1445,0.4930058000682361
MASTER,AL_134,1445,0.4930058000682361
MASTER,AL_135,1445,0.4930058000682361
MASTER,AL_136,1445,0.4930058000682361
MASTER,AL_137,1445,0.4930058000682361
MASTER,AL_138,1445,0.4930058000682361
MASTER,AL_139,1445,0.4930058000682361
MASTER,AL_140,1445,0.4930058000682361
MASTER,AL_141,1445,0.4930058000682361
MASTER,AL_142,1445,0.4930058000682361
MASTER,AL_143,1445,0.4930058000682361
MASTER,AL_144,1445,0.4930058000682361
MASTER,AL_145,1445,0.4930058000682361
MASTER,AL_146,1445,0.4930058000682361
MASTER,AL_147,1445,0.4930058000682361
MASTER,AL_148,1445,0.4930058000682361
MASTER,AL_149,1445,0.4930058000682361
MASTER,AL_150,1445,0.4930058000682361
MASTER,AL_151,1445,0.4930058000682361
MASTER,AL_152,1445,0.4930058000682361
MASTER,AL_153,1445,0.4930058000682361
MASTER,AL_154,1445,0.4930058000682361
MASTER,AL_155,1445,0.4930058000682361
MASTER,AL_156,1445,0.4930058000682361
MASTER,AL_157,1445,0.4930058000682361
MASTER,AL_158,1445,0.4930058000682361
MASTER,AL_159,1445,0.4930058000682361
MASTER,AL_160,1445,0.4930058000682361
MASTER,AL_161,1445,0.4930058000682361
MASTER,AL_162,1445,0.4930058000682361
MASTER,AL_163,1445,0.4930058000682361
MASTER,AL_164,1445,0.4930058000682361
MASTER,AL_165,1445,0.4930058000682361
MASTER,AL_166,1445,0.4930058000682361
MASTER,AL_167,1445,0.4930058000682361
MASTER,AL_168,1445,0.4930058000682361
MASTER,AL_169,1445,0.4930058000682361
MASTER,AL_170,1445,0.4930058000682361
MASTER,AL_171,1445,0.4930058000682361
MASTER,AL_172,1445,0.4930058000682361
MASTER,AL_173,1445,0.4930058000682361
MASTER,AL_174,1445,0.4930058000682361
MASTER,AL_175,1445,0.4930058000682361
MASTER,AL_176,1445,0.4930058000682361
MASTER,AL_177,1445,0.4930058000682361
MASTER,AL_178,1445,0.4930058000682361
MASTER,AL_179,1445,0.4930058000682361
MASTER,AL_180,1445,0.4930058000682361
MASTER,AL_181,1445,0.4930058000682361
MASTER,AL_182,1445,0.4930058000682361
MASTER,AL_183,1946,0.6639372227908563
MASTER,AL_184,1946,0.6639372227908563
MASTER,AL_185,1946,0.6639372227908563
MASTER,CAT_5,359,0.12248379392698738
MASTER,AL_186,919,0.3135448652337086
MASTER,AL_187,1890,0.6448311156601843
MASTER,AL_188,1890,0.6448311156601843
MASTER,AL_189,1890,0.6448311156601843
MASTER,AL_190,1890,0.6448311156601843
MASTER,AL_191,1890,0.6448311156601843
MASTER,AL_192,1890,0.6448311156601843
MASTER,AL_193,1890,0.6448311156601843
MASTER,AL_194,1890,0.6448311156601843
MASTER,AL_195,1890,0.6448311156601843
MASTER,AL_196,1890,0.6448311156601843
MASTER,AL_197,1890,0.6448311156601843
MASTER,AL_198,1890,0.6448311156601843
MASTER,AL_199,1890,0.6448311156601843
MASTER,AL_200,1890,0.6448311156601843
MASTER,AL_201,1890,0.6448311156601843
MASTER,AL_202,1890,0.6448311156601843
MASTER,AL_203,1890,0.6448311156601843
MASTER,AL_204,1890,0.6448311156601843
MASTER,AL_205,1890,0.6448311156601843
MASTER,AL_206,1890,0.6448311156601843
MASTER,AL_207,1890,0.6448311156601843
MASTER,AL_208,1890,0.6448311156601843
MASTER,AL_209,1890,0.6448311156601843
MASTER,AL_210,1890,0.6448311156601843
MASTER,AL_211,1890,0.6448311156601843
MASTER,AL_212,1890,0.6448311156601843
MASTER,AL_213,1890,0.6448311156601843
MASTER,AL_214,2179,0.7434322756738314
MASTER,AL_215,2179,0.7434322756738314
MASTER,AL_216,2179,0.7434322756738314
MASTER,AL_217,2179,0.7434322756738314
MASTER,AL_218,1890,0.6448311156601843
MASTER,AL_219,1890,0.6448311156601843
MASTER,AL_220,1890,0.6448311156601843
MASTER,AL_221,1890,0.6448311156601843
MASTER,AL_222,1890,0.6448311156601843
MASTER,CAT_6,2864,0.9771409075400888
MASTER,AL_223,1890,0.6448311156601843
MASTER,AL_224,1890,0.6448311156601843
MASTER,AL_225,1890,0.6448311156601843
MASTER,AL_226,1890,0.6448311156601843
MASTER,AL_227,1890,0.6448311156601843
MASTER,AL_228,1890,0.6448311156601843
MASTER,AL_229,1890,0.6448311156601843
MASTER,AL_230,1890,0.6448311156601843
MASTER,AL_231,1890,0.6448311156601843
MASTER,AL_232,1890,0.6448311156601843
MASTER,AL_233,1890,0.6448311156601843
MASTER,AL_234,1890,0.6448311156601843
MASTER,AL_235,1890,0.6448311156601843
MASTER,AL_236,1890,0.6448311156601843
MASTER,AL_237,1890,0.6448311156601843
MASTER,AL_238,1890,0.6448311156601843
MASTER,AL_239,1890,0.6448311156601843
MASTER,AL_240,1890,0.6448311156601843
MASTER,AL_241,1890,0.6448311156601843
MASTER,AL_242,1890,0.6448311156601843
MASTER,AL_243,1890,0.6448311156601843
MASTER,AL_244,1890,0.6448311156601843
MASTER,AL_245,1890,0.6448311156601843
MASTER,AL_246,1890,0.6448311156601843
MASTER,AL_247,1890,0.6448311156601843
MASTER,AL_248,1890,0.6448311156601843
MASTER,AL_249,1890,0.6448311156601843
MASTER,AL_250,1940,0.6618901398839986
MASTER,AL_251,1940,0.6618901398839986
MASTER,AL_252,1940,0.6618901398839986
MASTER,AL_253,1940,0.6618901398839986
MASTER,AL_254,1890,0.6448311156601843
MASTER,AL_255,1890,0.6448311156601843
MASTER,AL_256,1890,0.6448311156601843
MASTER,AL_257,1890,0.6448311156601843
MASTER,AL_258,1890,0.6448311156601843
MASTER,AL_259,1890,0.6448311156601843
MASTER,AL_260,1890,0.6448311156601843
MASTER,AL_261,1890,0.6448311156601843
MASTER,AL_262,1890,0.6448311156601843
MASTER,AL_263,1890,0.6448311156601843
MASTER,AL_264,1890,0.6448311156601843
MASTER,AL_265,1890,0.6448311156601843
MASTER,AL_266,1890,0.6448311156601843
MASTER,AL_267,1890,0.6448311156601843
MASTER,AL_268,1890,0.6448311156601843
MASTER,AL_269,1890,0.6448311156601843
MASTER,AL_270,1890,0.6448311156601843
MASTER,AL_271,1890,0.6448311156601843
MASTER,AL_272,1890,0.6448311156601843
MASTER,AL_273,1890,0.6448311156601843
MASTER,AL_274,1890,0.6448311156601843
MASTER,AL_275,1891,0.6451722961446605
MASTER,AL_276,1890,0.6448311156601843
MASTER,AL_277,1890,0.6448311156601843
MASTER,AL_278,1890,0.6448311156601843
MASTER,AL_279,1890,0.6448311156601843
MASTER,AL_280,1890,0.6448311156601843
MASTER,AL_281,1890,0.6448311156601843
MASTER,AL_282,1890,0.6448311156601843
MASTER,AL_283,1890,0.6448311156601843
MASTER,AL_284,1890,0.6448311156601843
MASTER,AL_285,1890,0.6448311156601843
MASTER,AL_286,1952,0.665984305697714
MASTER,AL_287,1952,0.665984305697714
MASTER,AL_288,1952,0.665984305697714
MASTER,AL_289,1952,0.665984305697714
MASTER,AL_290,1890,0.6448311156601843
MASTER,AL_291,1890,0.6448311156601843
MASTER,AL_292,1890,0.6448311156601843
MASTER,AL_293,1890,0.6448311156601843
MASTER,AL_294,1890,0.6448311156601843
MASTER,AL_295,1299,0.44319344933469806
MASTER,AL_296,1299,0.44319344933469806
MASTER,AL_297,1299,0.44319344933469806
MASTER,AL_298,1299,0.44319344933469806
MASTER,AL_299,1299,0.44319344933469806
MASTER,AL_300,1299,0.44319344933469806
MASTER,AL_301,1299,0.44319344933469806
MASTER,AL_302,1299,0.44319344933469806
MASTER,AL_303,1299,0.44319344933469806
MASTER,AL_304,1299,0.44319344933469806
MASTER,AL_305,1299,0.44319344933469806
MASTER,AL_306,1299,0.44319344933469806
MASTER,AL_307,1299,0.44319344933469806
MASTER,AL_308,1299,0.44319344933469806
MASTER,AL_309,1299,0.44319344933469806
MASTER,AL_310,1299,0.44319344933469806
MASTER,AL_311,1299,0.44319344933469806
MASTER,AL_312,1299,0.44319344933469806
MASTER,AL_313,1299,0.44319344933469806
MASTER,AL_314,1299,0.44319344933469806
MASTER,AL_315,1299,0.44319344933469806
MASTER,AL_316,1299,0.44319344933469806
MASTER,AL_317,1299,0.44319344933469806
MASTER,AL_318,1299,0.44319344933469806
MASTER,AL_319,1299,0.44319344933469806
MASTER,AL_320,1299,0.44319344933469806
MASTER,AL_321,1299,0.44319344933469806
MASTER,AL_322,1299,0.44319344933469806
MASTER,AL_323,1299,0.44319344933469806
MASTER,AL_324,1299,0.44319344933469806
MASTER,AL_325,1299,0.44319344933469806
MASTER,AL_326,1299,0.44319344933469806
MASTER,AL_327,1299,0.44319344933469806
MASTER,AL_328,1299,0.44319344933469806
MASTER,AL_329,1299,0.44319344933469806
MASTER,AL_330,1299,0.44319344933469806
MASTER,AL_331,1299,0.44319344933469806
MASTER,AL_332,1299,0.44319344933469806
MASTER,AL_333,1299,0.44319344933469806
MASTER,AL_334,1299,0.44319344933469806
MASTER,EK_4,359,0.12248379392698738
MASTER,EK_5,359,0.12248379392698738
MASTER,EK_6,359,0.12248379392698738
MASTER,EK_7,359,0.12248379392698738
MASTER,EK_8,359,0.12248379392698738
MASTER,EK_9,607,0.20709655407710678
MASTER,AA_1,348,0.1187308085977482
MASTER,AA_2,350,0.11941316956670078
MASTER,Label,0,0.0
KANSER,Variant_ID,0,0.0
KANSER,AL_1,343,0.884020618556701
KANSER,AL_2,343,0.884020618556701
KANSER,AL_3,343,0.884020618556701
KANSER,AL_4,343,0.884020618556701
KANSER,AL_5,343,0.884020618556701
KANSER,AL_6,343,0.884020618556701
KANSER,AL_7,173,0.44587628865979384
KANSER,AL_8,173,0.44587628865979384
KANSER,AL_9,173,0.44587628865979384
KANSER,AL_10,173,0.44587628865979384
KANSER,AL_11,173,0.44587628865979384
KANSER,AL_12,173,0.44587628865979384
KANSER,AL_13,173,0.44587628865979384
KANSER,AL_14,173,0.44587628865979384
KANSER,AL_15,173,0.44587628865979384
KANSER,AL_16,266,0.6855670103092784
KANSER,AL_17,266,0.6855670103092784
KANSER,AL_18,266,0.6855670103092784
KANSER,AL_19,266,0.6855670103092784
KANSER,AL_20,266,0.6855670103092784
KANSER,AL_21,266,0.6855670103092784
KANSER,AL_22,266,0.6855670103092784
KANSER,AL_23,266,0.6855670103092784
KANSER,AL_24,266,0.6855670103092784
KANSER,AL_25,266,0.6855670103092784
KANSER,AL_26,166,0.42783505154639173
KANSER,CAT_1,166,0.42783505154639173
KANSER,AL_27,349,0.8994845360824743
KANSER,AL_28,349,0.8994845360824743
KANSER,AL_29,349,0.8994845360824743
KANSER,AL_30,349,0.8994845360824743
KANSER,AL_31,349,0.8994845360824743
KANSER,AL_32,349,0.8994845360824743
KANSER,AL_33,349,0.8994845360824743
KANSER,AL_34,349,0.8994845360824743
KANSER,AL_35,349,0.8994845360824743
KANSER,AL_36,349,0.8994845360824743
KANSER,AL_37,349,0.8994845360824743
KANSER,AL_38,349,0.8994845360824743
KANSER,AL_39,146,0.37628865979381443
KANSER,AL_40,146,0.37628865979381443
KANSER,AL_41,146,0.37628865979381443
KANSER,AL_42,146,0.37628865979381443
KANSER,AL_43,146,0.37628865979381443
KANSER,AL_44,146,0.37628865979381443
KANSER,AL_45,146,0.37628865979381443
KANSER,AL_46,146,0.37628865979381443
KANSER,AL_47,146,0.37628865979381443
KANSER,AL_48,146,0.37628865979381443
KANSER,AL_49,146,0.37628865979381443
KANSER,AL_50,146,0.37628865979381443
KANSER,AL_51,146,0.37628865979381443
KANSER,AL_52,146,0.37628865979381443
KANSER,AL_53,146,0.37628865979381443
KANSER,AL_54,146,0.37628865979381443
KANSER,AL_55,146,0.37628865979381443
KANSER,AL_56,146,0.37628865979381443
KANSER,AL_57,146,0.37628865979381443
KANSER,AL_58,146,0.37628865979381443
KANSER,AL_59,146,0.37628865979381443
KANSER,AL_60,146,0.37628865979381443
KANSER,AL_61,146,0.37628865979381443
KANSER,AL_62,146,0.37628865979381443
KANSER,AL_63,146,0.37628865979381443
KANSER,AL_64,146,0.37628865979381443
KANSER,AL_65,146,0.37628865979381443
KANSER,AL_66,146,0.37628865979381443
KANSER,AL_67,146,0.37628865979381443
KANSER,AL_68,146,0.37628865979381443
KANSER,AL_69,146,0.37628865979381443
KANSER,AL_70,146,0.37628865979381443
KANSER,AL_71,146,0.37628865979381443
KANSER,AL_72,146,0.37628865979381443
KANSER,AL_73,146,0.37628865979381443
KANSER,AL_74,146,0.37628865979381443
KANSER,AL_75,249,0.6417525773195877
KANSER,AL_76,249,0.6417525773195877
KANSER,AL_77,249,0.6417525773195877
KANSER,AL_78,249,0.6417525773195877
KANSER,AL_79,249,0.6417525773195877
KANSER,AL_80,249,0.6417525773195877
KANSER,AL_81,249,0.6417525773195877
KANSER,AL_82,249,0.6417525773195877
KANSER,AL_83,249,0.6417525773195877
KANSER,AL_84,249,0.6417525773195877
KANSER,AL_85,249,0.6417525773195877
KANSER,AL_86,249,0.6417525773195877
KANSER,AL_87,249,0.6417525773195877
KANSER,AL_88,249,0.6417525773195877
KANSER,AL_89,249,0.6417525773195877
KANSER,AL_90,249,0.6417525773195877
KANSER,AL_91,249,0.6417525773195877
KANSER,AL_92,249,0.6417525773195877
KANSER,AL_93,249,0.6417525773195877
KANSER,AL_94,249,0.6417525773195877
KANSER,AL_95,249,0.6417525773195877
KANSER,CAT_2,249,0.6417525773195877
KANSER,AL_96,249,0.6417525773195877
KANSER,AL_97,249,0.6417525773195877
KANSER,AL_98,249,0.6417525773195877
KANSER,CAT_3,23,0.059278350515463915
KANSER,CAT_4,23,0.059278350515463915
KANSER,EK_1,23,0.059278350515463915
KANSER,EK_2,23,0.059278350515463915
KANSER,EK_3,129,0.3324742268041237
KANSER,AL_99,205,0.5283505154639175
KANSER,AL_100,205,0.5283505154639175
KANSER,AL_101,205,0.5283505154639175
KANSER,AL_102,205,0.5283505154639175
KANSER,AL_103,205,0.5283505154639175
KANSER,AL_104,205,0.5283505154639175
KANSER,AL_105,205,0.5283505154639175
KANSER,AL_106,205,0.5283505154639175
KANSER,AL_107,205,0.5283505154639175
KANSER,AL_108,205,0.5283505154639175
KANSER,AL_109,205,0.5283505154639175
KANSER,AL_110,205,0.5283505154639175
KANSER,AL_111,205,0.5283505154639175
KANSER,AL_112,205,0.5283505154639175
KANSER,AL_113,205,0.5283505154639175
KANSER,AL_114,205,0.5283505154639175
KANSER,AL_115,205,0.5283505154639175
KANSER,AL_116,205,0.5283505154639175
KANSER,AL_117,205,0.5283505154639175
KANSER,AL_118,205,0.5283505154639175
KANSER,AL_119,205,0.5283505154639175
KANSER,AL_120,205,0.5283505154639175
KANSER,AL_121,205,0.5283505154639175
KANSER,AL_122,205,0.5283505154639175
KANSER,AL_123,205,0.5283505154639175
KANSER,AL_124,205,0.5283505154639175
KANSER,AL_125,205,0.5283505154639175
KANSER,AL_126,205,0.5283505154639175
KANSER,AL_127,205,0.5283505154639175
KANSER,AL_128,205,0.5283505154639175
KANSER,AL_129,205,0.5283505154639175
KANSER,AL_130,205,0.5283505154639175
KANSER,AL_131,205,0.5283505154639175
KANSER,AL_132,205,0.5283505154639175
KANSER,AL_133,205,0.5283505154639175
KANSER,AL_134,205,0.5283505154639175
KANSER,AL_135,205,0.5283505154639175
KANSER,AL_136,205,0.5283505154639175
KANSER,AL_137,205,0.5283505154639175
KANSER,AL_138,205,0.5283505154639175
KANSER,AL_139,205,0.5283505154639175
KANSER,AL_140,205,0.5283505154639175
KANSER,AL_141,205,0.5283505154639175
KANSER,AL_142,205,0.5283505154639175
KANSER,AL_143,205,0.5283505154639175
KANSER,AL_144,205,0.5283505154639175
KANSER,AL_145,205,0.5283505154639175
KANSER,AL_146,205,0.5283505154639175
KANSER,AL_147,205,0.5283505154639175
KANSER,AL_148,205,0.5283505154639175
KANSER,AL_149,205,0.5283505154639175
KANSER,AL_150,205,0.5283505154639175
KANSER,AL_151,205,0.5283505154639175
KANSER,AL_152,205,0.5283505154639175
KANSER,AL_153,205,0.5283505154639175
KANSER,AL_154,205,0.5283505154639175
KANSER,AL_155,205,0.5283505154639175
KANSER,AL_156,205,0.5283505154639175
KANSER,AL_157,205,0.5283505154639175
KANSER,AL_158,205,0.5283505154639175
KANSER,AL_159,205,0.5283505154639175
KANSER,AL_160,205,0.5283505154639175
KANSER,AL_161,205,0.5283505154639175
KANSER,AL_162,205,0.5283505154639175
KANSER,AL_163,205,0.5283505154639175
KANSER,AL_164,205,0.5283505154639175
KANSER,AL_165,205,0.5283505154639175
KANSER,AL_166,205,0.5283505154639175
KANSER,AL_167,205,0.5283505154639175
KANSER,AL_168,205,0.5283505154639175
KANSER,AL_169,205,0.5283505154639175
KANSER,AL_170,205,0.5283505154639175
KANSER,AL_171,205,0.5283505154639175
KANSER,AL_172,205,0.5283505154639175
KANSER,AL_173,205,0.5283505154639175
KANSER,AL_174,205,0.5283505154639175
KANSER,AL_175,205,0.5283505154639175
KANSER,AL_176,205,0.5283505154639175
KANSER,AL_177,205,0.5283505154639175
KANSER,AL_178,205,0.5283505154639175
KANSER,AL_179,205,0.5283505154639175
KANSER,AL_180,205,0.5283505154639175
KANSER,AL_181,205,0.5283505154639175
KANSER,AL_182,205,0.5283505154639175
KANSER,AL_183,284,0.7319587628865979
KANSER,AL_184,284,0.7319587628865979
KANSER,AL_185,284,0.7319587628865979
KANSER,CAT_5,23,0.059278350515463915
KANSER,AL_186,101,0.2603092783505155
KANSER,AL_187,271,0.6984536082474226
KANSER,AL_188,271,0.6984536082474226
KANSER,AL_189,271,0.6984536082474226
KANSER,AL_190,271,0.6984536082474226
KANSER,AL_191,271,0.6984536082474226
KANSER,AL_192,271,0.6984536082474226
KANSER,AL_193,271,0.6984536082474226
KANSER,AL_194,271,0.6984536082474226
KANSER,AL_195,271,0.6984536082474226
KANSER,AL_196,271,0.6984536082474226
KANSER,AL_197,271,0.6984536082474226
KANSER,AL_198,271,0.6984536082474226
KANSER,AL_199,271,0.6984536082474226
KANSER,AL_200,271,0.6984536082474226
KANSER,AL_201,271,0.6984536082474226
KANSER,AL_202,271,0.6984536082474226
KANSER,AL_203,271,0.6984536082474226
KANSER,AL_204,271,0.6984536082474226
KANSER,AL_205,271,0.6984536082474226
KANSER,AL_206,271,0.6984536082474226
KANSER,AL_207,271,0.6984536082474226
KANSER,AL_208,271,0.6984536082474226
KANSER,AL_209,271,0.6984536082474226
KANSER,AL_210,271,0.6984536082474226
KANSER,AL_211,271,0.6984536082474226
KANSER,AL_212,271,0.6984536082474226
KANSER,AL_213,271,0.6984536082474226
KANSER,AL_214,300,0.7731958762886598
KANSER,AL_215,300,0.7731958762886598
KANSER,AL_216,300,0.7731958762886598
KANSER,AL_217,300,0.7731958762886598
KANSER,AL_218,271,0.6984536082474226
KANSER,AL_219,271,0.6984536082474226
KANSER,AL_220,271,0.6984536082474226
KANSER,AL_221,271,0.6984536082474226
KANSER,AL_222,271,0.6984536082474226
KANSER,CAT_6,384,0.9896907216494846
KANSER,AL_223,271,0.6984536082474226
KANSER,AL_224,271,0.6984536082474226
KANSER,AL_225,271,0.6984536082474226
KANSER,AL_226,271,0.6984536082474226
KANSER,AL_227,271,0.6984536082474226
KANSER,AL_228,271,0.6984536082474226
KANSER,AL_229,271,0.6984536082474226
KANSER,AL_230,271,0.6984536082474226
KANSER,AL_231,271,0.6984536082474226
KANSER,AL_232,271,0.6984536082474226
KANSER,AL_233,271,0.6984536082474226
KANSER,AL_234,271,0.6984536082474226
KANSER,AL_235,271,0.6984536082474226
KANSER,AL_236,271,0.6984536082474226
KANSER,AL_237,271,0.6984536082474226
KANSER,AL_238,271,0.6984536082474226
KANSER,AL_239,271,0.6984536082474226
KANSER,AL_240,271,0.6984536082474226
KANSER,AL_241,271,0.6984536082474226
KANSER,AL_242,271,0.6984536082474226
KANSER,AL_243,271,0.6984536082474226
KANSER,AL_244,271,0.6984536082474226
KANSER,AL_245,271,0.6984536082474226
KANSER,AL_246,271,0.6984536082474226
KANSER,AL_247,271,0.6984536082474226
KANSER,AL_248,271,0.6984536082474226
KANSER,AL_249,271,0.6984536082474226
KANSER,AL_250,280,0.7216494845360825
KANSER,AL_251,280,0.7216494845360825
KANSER,AL_252,280,0.7216494845360825
KANSER,AL_253,280,0.7216494845360825
KANSER,AL_254,271,0.6984536082474226
KANSER,AL_255,271,0.6984536082474226
KANSER,AL_256,271,0.6984536082474226
KANSER,AL_257,271,0.6984536082474226
KANSER,AL_258,271,0.6984536082474226
KANSER,AL_259,271,0.6984536082474226
KANSER,AL_260,271,0.6984536082474226
KANSER,AL_261,271,0.6984536082474226
KANSER,AL_262,271,0.6984536082474226
KANSER,AL_263,271,0.6984536082474226
KANSER,AL_264,271,0.6984536082474226
KANSER,AL_265,271,0.6984536082474226
KANSER,AL_266,271,0.6984536082474226
KANSER,AL_267,271,0.6984536082474226
KANSER,AL_268,271,0.6984536082474226
KANSER,AL_269,271,0.6984536082474226
KANSER,AL_270,271,0.6984536082474226
KANSER,AL_271,271,0.6984536082474226
KANSER,AL_272,271,0.6984536082474226
KANSER,AL_273,271,0.6984536082474226
KANSER,AL_274,271,0.6984536082474226
KANSER,AL_275,271,0.6984536082474226
KANSER,AL_276,271,0.6984536082474226
KANSER,AL_277,271,0.6984536082474226
KANSER,AL_278,271,0.6984536082474226
KANSER,AL_279,271,0.6984536082474226
KANSER,AL_280,271,0.6984536082474226
KANSER,AL_281,271,0.6984536082474226
KANSER,AL_282,271,0.6984536082474226
KANSER,AL_283,271,0.6984536082474226
KANSER,AL_284,271,0.6984536082474226
KANSER,AL_285,271,0.6984536082474226
KANSER,AL_286,278,0.7164948453608248
KANSER,AL_287,278,0.7164948453608248
KANSER,AL_288,278,0.7164948453608248
KANSER,AL_289,278,0.7164948453608248
KANSER,AL_290,271,0.6984536082474226
KANSER,AL_291,271,0.6984536082474226
KANSER,AL_292,271,0.6984536082474226
KANSER,AL_293,271,0.6984536082474226
KANSER,AL_294,271,0.6984536082474226
KANSER,AL_295,190,0.4896907216494845
KANSER,AL_296,190,0.4896907216494845
KANSER,AL_297,190,0.4896907216494845
KANSER,AL_298,190,0.4896907216494845
KANSER,AL_299,190,0.4896907216494845
KANSER,AL_300,190,0.4896907216494845
KANSER,AL_301,190,0.4896907216494845
KANSER,AL_302,190,0.4896907216494845
KANSER,AL_303,190,0.4896907216494845
KANSER,AL_304,190,0.4896907216494845
KANSER,AL_305,190,0.4896907216494845
KANSER,AL_306,190,0.4896907216494845
KANSER,AL_307,190,0.4896907216494845
KANSER,AL_308,190,0.4896907216494845
KANSER,AL_309,190,0.4896907216494845
KANSER,AL_310,190,0.4896907216494845
KANSER,AL_311,190,0.4896907216494845
KANSER,AL_312,190,0.4896907216494845
KANSER,AL_313,190,0.4896907216494845
KANSER,AL_314,190,0.4896907216494845
KANSER,AL_315,190,0.4896907216494845
KANSER,AL_316,190,0.4896907216494845
KANSER,AL_317,190,0.4896907216494845
KANSER,AL_318,190,0.4896907216494845
KANSER,AL_319,190,0.4896907216494845
KANSER,AL_320,190,0.4896907216494845
KANSER,AL_321,190,0.4896907216494845
KANSER,AL_322,190,0.4896907216494845
KANSER,AL_323,190,0.4896907216494845
KANSER,AL_324,190,0.4896907216494845
KANSER,AL_325,190,0.4896907216494845
KANSER,AL_326,190,0.4896907216494845
KANSER,AL_327,190,0.4896907216494845
KANSER,AL_328,190,0.4896907216494845
KANSER,AL_329,190,0.4896907216494845
KANSER,AL_330,190,0.4896907216494845
KANSER,AL_331,190,0.4896907216494845
KANSER,AL_332,190,0.4896907216494845
KANSER,AL_333,190,0.4896907216494845
KANSER,AL_334,190,0.4896907216494845
KANSER,EK_4,23,0.059278350515463915
KANSER,EK_5,23,0.059278350515463915
KANSER,EK_6,24,0.061855670103092786
KANSER,EK_7,23,0.059278350515463915
KANSER,EK_8,23,0.059278350515463915
KANSER,EK_9,24,0.061855670103092786
KANSER,AA_1,22,0.05670103092783505
KANSER,AA_2,22,0.05670103092783505
KANSER,Label,0,0.0
PAH,Variant_ID,0,0.0
PAH,AL_1,358,0.9623655913978495
PAH,AL_2,358,0.9623655913978495
PAH,AL_3,358,0.9623655913978495
PAH,AL_4,358,0.9623655913978495
PAH,AL_5,358,0.9623655913978495
PAH,AL_6,358,0.9623655913978495
PAH,AL_7,152,0.40860215053763443
PAH,AL_8,152,0.40860215053763443
PAH,AL_9,152,0.40860215053763443
PAH,AL_10,152,0.40860215053763443
PAH,AL_11,152,0.40860215053763443
PAH,AL_12,152,0.40860215053763443
PAH,AL_13,152,0.40860215053763443
PAH,AL_14,152,0.40860215053763443
PAH,AL_15,152,0.40860215053763443
PAH,AL_16,250,0.6720430107526881
PAH,AL_17,250,0.6720430107526881
PAH,AL_18,250,0.6720430107526881
PAH,AL_19,250,0.6720430107526881
PAH,AL_20,250,0.6720430107526881
PAH,AL_21,250,0.6720430107526881
PAH,AL_22,250,0.6720430107526881
PAH,AL_23,250,0.6720430107526881
PAH,AL_24,250,0.6720430107526881
PAH,AL_25,250,0.6720430107526881
PAH,AL_26,135,0.3629032258064516
PAH,CAT_1,135,0.3629032258064516
PAH,AL_27,358,0.9623655913978495
PAH,AL_28,358,0.9623655913978495
PAH,AL_29,358,0.9623655913978495
PAH,AL_30,358,0.9623655913978495
PAH,AL_31,358,0.9623655913978495
PAH,AL_32,358,0.9623655913978495
PAH,AL_33,358,0.9623655913978495
PAH,AL_34,358,0.9623655913978495
PAH,AL_35,358,0.9623655913978495
PAH,AL_36,358,0.9623655913978495
PAH,AL_37,358,0.9623655913978495
PAH,AL_38,358,0.9623655913978495
PAH,AL_39,216,0.5806451612903226
PAH,AL_40,216,0.5806451612903226
PAH,AL_41,216,0.5806451612903226
PAH,AL_42,216,0.5806451612903226
PAH,AL_43,216,0.5806451612903226
PAH,AL_44,216,0.5806451612903226
PAH,AL_45,216,0.5806451612903226
PAH,AL_46,216,0.5806451612903226
PAH,AL_47,216,0.5806451612903226
PAH,AL_48,216,0.5806451612903226
PAH,AL_49,216,0.5806451612903226
PAH,AL_50,216,0.5806451612903226
PAH,AL_51,216,0.5806451612903226
PAH,AL_52,216,0.5806451612903226
PAH,AL_53,216,0.5806451612903226
PAH,AL_54,216,0.5806451612903226
PAH,AL_55,216,0.5806451612903226
PAH,AL_56,216,0.5806451612903226
PAH,AL_57,216,0.5806451612903226
PAH,AL_58,216,0.5806451612903226
PAH,AL_59,216,0.5806451612903226
PAH,AL_60,216,0.5806451612903226
PAH,AL_61,216,0.5806451612903226
PAH,AL_62,216,0.5806451612903226
PAH,AL_63,216,0.5806451612903226
PAH,AL_64,216,0.5806451612903226
PAH,AL_65,216,0.5806451612903226
PAH,AL_66,216,0.5806451612903226
PAH,AL_67,216,0.5806451612903226
PAH,AL_68,216,0.5806451612903226
PAH,AL_69,216,0.5806451612903226
PAH,AL_70,216,0.5806451612903226
PAH,AL_71,216,0.5806451612903226
PAH,AL_72,216,0.5806451612903226
PAH,AL_73,216,0.5806451612903226
PAH,AL_74,216,0.5806451612903226
PAH,AL_75,228,0.6129032258064516
PAH,AL_76,228,0.6129032258064516
PAH,AL_77,228,0.6129032258064516
PAH,AL_78,228,0.6129032258064516
PAH,AL_79,228,0.6129032258064516
PAH,AL_80,228,0.6129032258064516
PAH,AL_81,228,0.6129032258064516
PAH,AL_82,228,0.6129032258064516
PAH,AL_83,228,0.6129032258064516
PAH,AL_84,228,0.6129032258064516
PAH,AL_85,228,0.6129032258064516
PAH,AL_86,228,0.6129032258064516
PAH,AL_87,228,0.6129032258064516
PAH,AL_88,228,0.6129032258064516
PAH,AL_89,228,0.6129032258064516
PAH,AL_90,228,0.6129032258064516
PAH,AL_91,228,0.6129032258064516
PAH,AL_92,228,0.6129032258064516
PAH,AL_93,228,0.6129032258064516
PAH,AL_94,228,0.6129032258064516
PAH,AL_95,228,0.6129032258064516
PAH,CAT_2,228,0.6129032258064516
PAH,AL_96,228,0.6129032258064516
PAH,AL_97,228,0.6129032258064516
PAH,AL_98,228,0.6129032258064516
PAH,CAT_3,11,0.02956989247311828
PAH,CAT_4,11,0.02956989247311828
PAH,EK_1,11,0.02956989247311828
PAH,EK_2,11,0.02956989247311828
PAH,EK_3,178,0.478494623655914
PAH,AL_99,170,0.45698924731182794
PAH,AL_100,170,0.45698924731182794
PAH,AL_101,170,0.45698924731182794
PAH,AL_102,170,0.45698924731182794
PAH,AL_103,170,0.45698924731182794
PAH,AL_104,170,0.45698924731182794
PAH,AL_105,170,0.45698924731182794
PAH,AL_106,170,0.45698924731182794
PAH,AL_107,170,0.45698924731182794
PAH,AL_108,170,0.45698924731182794
PAH,AL_109,170,0.45698924731182794
PAH,AL_110,170,0.45698924731182794
PAH,AL_111,170,0.45698924731182794
PAH,AL_112,170,0.45698924731182794
PAH,AL_113,170,0.45698924731182794
PAH,AL_114,170,0.45698924731182794
PAH,AL_115,170,0.45698924731182794
PAH,AL_116,170,0.45698924731182794
PAH,AL_117,170,0.45698924731182794
PAH,AL_118,170,0.45698924731182794
PAH,AL_119,170,0.45698924731182794
PAH,AL_120,170,0.45698924731182794
PAH,AL_121,170,0.45698924731182794
PAH,AL_122,170,0.45698924731182794
PAH,AL_123,170,0.45698924731182794
PAH,AL_124,170,0.45698924731182794
PAH,AL_125,170,0.45698924731182794
PAH,AL_126,170,0.45698924731182794
PAH,AL_127,170,0.45698924731182794
PAH,AL_128,170,0.45698924731182794
PAH,AL_129,170,0.45698924731182794
PAH,AL_130,170,0.45698924731182794
PAH,AL_131,170,0.45698924731182794
PAH,AL_132,170,0.45698924731182794
PAH,AL_133,170,0.45698924731182794
PAH,AL_134,170,0.45698924731182794
PAH,AL_135,170,0.45698924731182794
PAH,AL_136,170,0.45698924731182794
PAH,AL_137,170,0.45698924731182794
PAH,AL_138,170,0.45698924731182794
PAH,AL_139,170,0.45698924731182794
PAH,AL_140,170,0.45698924731182794
PAH,AL_141,170,0.45698924731182794
PAH,AL_142,170,0.45698924731182794
PAH,AL_143,170,0.45698924731182794
PAH,AL_144,170,0.45698924731182794
PAH,AL_145,170,0.45698924731182794
PAH,AL_146,170,0.45698924731182794
PAH,AL_147,170,0.45698924731182794
PAH,AL_148,170,0.45698924731182794
PAH,AL_149,170,0.45698924731182794
PAH,AL_150,170,0.45698924731182794
PAH,AL_151,170,0.45698924731182794
PAH,AL_152,170,0.45698924731182794
PAH,AL_153,170,0.45698924731182794
PAH,AL_154,170,0.45698924731182794
PAH,AL_155,170,0.45698924731182794
PAH,AL_156,170,0.45698924731182794
PAH,AL_157,170,0.45698924731182794
PAH,AL_158,170,0.45698924731182794
PAH,AL_159,170,0.45698924731182794
PAH,AL_160,170,0.45698924731182794
PAH,AL_161,170,0.45698924731182794
PAH,AL_162,170,0.45698924731182794
PAH,AL_163,170,0.45698924731182794
PAH,AL_164,170,0.45698924731182794
PAH,AL_165,170,0.45698924731182794
PAH,AL_166,170,0.45698924731182794
PAH,AL_167,170,0.45698924731182794
PAH,AL_168,170,0.45698924731182794
PAH,AL_169,170,0.45698924731182794
PAH,AL_170,170,0.45698924731182794
PAH,AL_171,170,0.45698924731182794
PAH,AL_172,170,0.45698924731182794
PAH,AL_173,170,0.45698924731182794
PAH,AL_174,170,0.45698924731182794
PAH,AL_175,170,0.45698924731182794
PAH,AL_176,170,0.45698924731182794
PAH,AL_177,170,0.45698924731182794
PAH,AL_178,170,0.45698924731182794
PAH,AL_179,170,0.45698924731182794
PAH,AL_180,170,0.45698924731182794
PAH,AL_181,170,0.45698924731182794
PAH,AL_182,170,0.45698924731182794
PAH,AL_183,253,0.6801075268817204
PAH,AL_184,253,0.6801075268817204
PAH,AL_185,253,0.6801075268817204
PAH,CAT_5,11,0.02956989247311828
PAH,AL_186,99,0.2661290322580645
PAH,AL_187,242,0.6505376344086021
PAH,AL_188,242,0.6505376344086021
PAH,AL_189,242,0.6505376344086021
PAH,AL_190,242,0.6505376344086021
PAH,AL_191,242,0.6505376344086021
PAH,AL_192,242,0.6505376344086021
PAH,AL_193,242,0.6505376344086021
PAH,AL_194,242,0.6505376344086021
PAH,AL_195,242,0.6505376344086021
PAH,AL_196,242,0.6505376344086021
PAH,AL_197,242,0.6505376344086021
PAH,AL_198,242,0.6505376344086021
PAH,AL_199,242,0.6505376344086021
PAH,AL_200,242,0.6505376344086021
PAH,AL_201,242,0.6505376344086021
PAH,AL_202,242,0.6505376344086021
PAH,AL_203,242,0.6505376344086021
PAH,AL_204,242,0.6505376344086021
PAH,AL_205,242,0.6505376344086021
PAH,AL_206,242,0.6505376344086021
PAH,AL_207,242,0.6505376344086021
PAH,AL_208,242,0.6505376344086021
PAH,AL_209,242,0.6505376344086021
PAH,AL_210,242,0.6505376344086021
PAH,AL_211,242,0.6505376344086021
PAH,AL_212,242,0.6505376344086021
PAH,AL_213,242,0.6505376344086021
PAH,AL_214,287,0.771505376344086
PAH,AL_215,287,0.771505376344086
PAH,AL_216,287,0.771505376344086
PAH,AL_217,287,0.771505376344086
PAH,AL_218,242,0.6505376344086021
PAH,AL_219,242,0.6505376344086021
PAH,AL_220,242,0.6505376344086021
PAH,AL_221,242,0.6505376344086021
PAH,AL_222,242,0.6505376344086021
PAH,CAT_6,372,1.0
PAH,AL_223,242,0.6505376344086021
PAH,AL_224,242,0.6505376344086021
PAH,AL_225,242,0.6505376344086021
PAH,AL_226,242,0.6505376344086021
PAH,AL_227,242,0.6505376344086021
PAH,AL_228,242,0.6505376344086021
PAH,AL_229,242,0.6505376344086021
PAH,AL_230,242,0.6505376344086021
PAH,AL_231,242,0.6505376344086021
PAH,AL_232,242,0.6505376344086021
PAH,AL_233,242,0.6505376344086021
PAH,AL_234,242,0.6505376344086021
PAH,AL_235,242,0.6505376344086021
PAH,AL_236,242,0.6505376344086021
PAH,AL_237,242,0.6505376344086021
PAH,AL_238,242,0.6505376344086021
PAH,AL_239,242,0.6505376344086021
PAH,AL_240,242,0.6505376344086021
PAH,AL_241,242,0.6505376344086021
PAH,AL_242,242,0.6505376344086021
PAH,AL_243,242,0.6505376344086021
PAH,AL_244,242,0.6505376344086021
PAH,AL_245,242,0.6505376344086021
PAH,AL_246,242,0.6505376344086021
PAH,AL_247,242,0.6505376344086021
PAH,AL_248,242,0.6505376344086021
PAH,AL_249,242,0.6505376344086021
PAH,AL_250,249,0.6693548387096774
PAH,AL_251,249,0.6693548387096774
PAH,AL_252,249,0.6693548387096774
PAH,AL_253,249,0.6693548387096774
PAH,AL_254,242,0.6505376344086021
PAH,AL_255,242,0.6505376344086021
PAH,AL_256,242,0.6505376344086021
PAH,AL_257,242,0.6505376344086021
PAH,AL_258,242,0.6505376344086021
PAH,AL_259,242,0.6505376344086021
PAH,AL_260,242,0.6505376344086021
PAH,AL_261,242,0.6505376344086021
PAH,AL_262,242,0.6505376344086021
PAH,AL_263,242,0.6505376344086021
PAH,AL_264,242,0.6505376344086021
PAH,AL_265,242,0.6505376344086021
PAH,AL_266,242,0.6505376344086021
PAH,AL_267,242,0.6505376344086021
PAH,AL_268,242,0.6505376344086021
PAH,AL_269,242,0.6505376344086021
PAH,AL_270,242,0.6505376344086021
PAH,AL_271,242,0.6505376344086021
PAH,AL_272,242,0.6505376344086021
PAH,AL_273,242,0.6505376344086021
PAH,AL_274,242,0.6505376344086021
PAH,AL_275,242,0.6505376344086021
PAH,AL_276,242,0.6505376344086021
PAH,AL_277,242,0.6505376344086021
PAH,AL_278,242,0.6505376344086021
PAH,AL_279,242,0.6505376344086021
PAH,AL_280,242,0.6505376344086021
PAH,AL_281,242,0.6505376344086021
PAH,AL_282,242,0.6505376344086021
PAH,AL_283,242,0.6505376344086021
PAH,AL_284,242,0.6505376344086021
PAH,AL_285,242,0.6505376344086021
PAH,AL_286,250,0.6720430107526881
PAH,AL_287,250,0.6720430107526881
PAH,AL_288,250,0.6720430107526881
PAH,AL_289,250,0.6720430107526881
PAH,AL_290,242,0.6505376344086021
PAH,AL_291,242,0.6505376344086021
PAH,AL_292,242,0.6505376344086021
PAH,AL_293,242,0.6505376344086021
PAH,AL_294,242,0.6505376344086021
PAH,AL_295,126,0.3387096774193548
PAH,AL_296,126,0.3387096774193548
PAH,AL_297,126,0.3387096774193548
PAH,AL_298,126,0.3387096774193548
PAH,AL_299,126,0.3387096774193548
PAH,AL_300,126,0.3387096774193548
PAH,AL_301,126,0.3387096774193548
PAH,AL_302,126,0.3387096774193548
PAH,AL_303,126,0.3387096774193548
PAH,AL_304,126,0.3387096774193548
PAH,AL_305,126,0.3387096774193548
PAH,AL_306,126,0.3387096774193548
PAH,AL_307,126,0.3387096774193548
PAH,AL_308,126,0.3387096774193548
PAH,AL_309,126,0.3387096774193548
PAH,AL_310,126,0.3387096774193548
PAH,AL_311,126,0.3387096774193548
PAH,AL_312,126,0.3387096774193548
PAH,AL_313,126,0.3387096774193548
PAH,AL_314,126,0.3387096774193548
PAH,AL_315,126,0.3387096774193548
PAH,AL_316,126,0.3387096774193548
PAH,AL_317,126,0.3387096774193548
PAH,AL_318,126,0.3387096774193548
PAH,AL_319,126,0.3387096774193548
PAH,AL_320,126,0.3387096774193548
PAH,AL_321,126,0.3387096774193548
PAH,AL_322,126,0.3387096774193548
PAH,AL_323,126,0.3387096774193548
PAH,AL_324,126,0.3387096774193548
PAH,AL_325,126,0.3387096774193548
PAH,AL_326,126,0.3387096774193548
PAH,AL_327,126,0.3387096774193548
PAH,AL_328,126,0.3387096774193548
PAH,AL_329,126,0.3387096774193548
PAH,AL_330,126,0.3387096774193548
PAH,AL_331,126,0.3387096774193548
PAH,AL_332,126,0.3387096774193548
PAH,AL_333,126,0.3387096774193548
PAH,AL_334,126,0.3387096774193548
PAH,EK_4,11,0.02956989247311828
PAH,EK_5,11,0.02956989247311828
PAH,EK_6,11,0.02956989247311828
PAH,EK_7,11,0.02956989247311828
PAH,EK_8,11,0.02956989247311828
PAH,EK_9,11,0.02956989247311828
PAH,AA_1,9,0.024193548387096774
PAH,AA_2,9,0.024193548387096774
PAH,Label,0,0.0
CFTR,Variant_ID,0,0.0
CFTR,AL_1,96,0.8648648648648649
CFTR,AL_2,96,0.8648648648648649
CFTR,AL_3,96,0.8648648648648649
CFTR,AL_4,96,0.8648648648648649
CFTR,AL_5,96,0.8648648648648649
CFTR,AL_6,96,0.8648648648648649
CFTR,AL_7,17,0.15315315315315314
CFTR,AL_8,17,0.15315315315315314
CFTR,AL_9,17,0.15315315315315314
CFTR,AL_10,17,0.15315315315315314
CFTR,AL_11,17,0.15315315315315314
CFTR,AL_12,17,0.15315315315315314
CFTR,AL_13,17,0.15315315315315314
CFTR,AL_14,17,0.15315315315315314
CFTR,AL_15,17,0.15315315315315314
CFTR,AL_16,56,0.5045045045045045
CFTR,AL_17,56,0.5045045045045045
CFTR,AL_18,56,0.5045045045045045
CFTR,AL_19,56,0.5045045045045045
CFTR,AL_20,56,0.5045045045045045
CFTR,AL_21,56,0.5045045045045045
CFTR,AL_22,56,0.5045045045045045
CFTR,AL_23,56,0.5045045045045045
CFTR,AL_24,56,0.5045045045045045
CFTR,AL_25,56,0.5045045045045045
CFTR,AL_26,16,0.14414414414414414
CFTR,CAT_1,16,0.14414414414414414
CFTR,AL_27,96,0.8648648648648649
CFTR,AL_28,96,0.8648648648648649
CFTR,AL_29,96,0.8648648648648649
CFTR,AL_30,96,0.8648648648648649
CFTR,AL_31,96,0.8648648648648649
CFTR,AL_32,96,0.8648648648648649
CFTR,AL_33,96,0.8648648648648649
CFTR,AL_34,96,0.8648648648648649
CFTR,AL_35,96,0.8648648648648649
CFTR,AL_36,96,0.8648648648648649
CFTR,AL_37,96,0.8648648648648649
CFTR,AL_38,96,0.8648648648648649
CFTR,AL_39,33,0.2972972972972973
CFTR,AL_40,33,0.2972972972972973
CFTR,AL_41,33,0.2972972972972973
CFTR,AL_42,33,0.2972972972972973
CFTR,AL_43,33,0.2972972972972973
CFTR,AL_44,33,0.2972972972972973
CFTR,AL_45,33,0.2972972972972973
CFTR,AL_46,33,0.2972972972972973
CFTR,AL_47,33,0.2972972972972973
CFTR,AL_48,33,0.2972972972972973
CFTR,AL_49,33,0.2972972972972973
CFTR,AL_50,33,0.2972972972972973
CFTR,AL_51,33,0.2972972972972973
CFTR,AL_52,33,0.2972972972972973
CFTR,AL_53,33,0.2972972972972973
CFTR,AL_54,33,0.2972972972972973
CFTR,AL_55,33,0.2972972972972973
CFTR,AL_56,33,0.2972972972972973
CFTR,AL_57,33,0.2972972972972973
CFTR,AL_58,33,0.2972972972972973
CFTR,AL_59,33,0.2972972972972973
CFTR,AL_60,33,0.2972972972972973
CFTR,AL_61,33,0.2972972972972973
CFTR,AL_62,33,0.2972972972972973
CFTR,AL_63,33,0.2972972972972973
CFTR,AL_64,33,0.2972972972972973
CFTR,AL_65,33,0.2972972972972973
CFTR,AL_66,33,0.2972972972972973
CFTR,AL_67,33,0.2972972972972973
CFTR,AL_68,33,0.2972972972972973
CFTR,AL_69,33,0.2972972972972973
CFTR,AL_70,33,0.2972972972972973
CFTR,AL_71,33,0.2972972972972973
CFTR,AL_72,33,0.2972972972972973
CFTR,AL_73,33,0.2972972972972973
CFTR,AL_74,33,0.2972972972972973
CFTR,AL_75,37,0.3333333333333333
CFTR,AL_76,37,0.3333333333333333
CFTR,AL_77,37,0.3333333333333333
CFTR,AL_78,37,0.3333333333333333
CFTR,AL_79,37,0.3333333333333333
CFTR,AL_80,37,0.3333333333333333
CFTR,AL_81,37,0.3333333333333333
CFTR,AL_82,37,0.3333333333333333
CFTR,AL_83,37,0.3333333333333333
CFTR,AL_84,37,0.3333333333333333
CFTR,AL_85,37,0.3333333333333333
CFTR,AL_86,37,0.3333333333333333
CFTR,AL_87,37,0.3333333333333333
CFTR,AL_88,37,0.3333333333333333
CFTR,AL_89,37,0.3333333333333333
CFTR,AL_90,37,0.3333333333333333
CFTR,AL_91,37,0.3333333333333333
CFTR,AL_92,37,0.3333333333333333
CFTR,AL_93,37,0.3333333333333333
CFTR,AL_94,37,0.3333333333333333
CFTR,AL_95,37,0.3333333333333333
CFTR,CAT_2,37,0.3333333333333333
CFTR,AL_96,37,0.3333333333333333
CFTR,AL_97,37,0.3333333333333333
CFTR,AL_98,37,0.3333333333333333
CFTR,CAT_3,0,0.0
CFTR,CAT_4,0,0.0
CFTR,EK_1,0,0.0
CFTR,EK_2,0,0.0
CFTR,EK_3,49,0.44144144144144143
CFTR,AL_99,22,0.1981981981981982
CFTR,AL_100,22,0.1981981981981982
CFTR,AL_101,22,0.1981981981981982
CFTR,AL_102,22,0.1981981981981982
CFTR,AL_103,22,0.1981981981981982
CFTR,AL_104,22,0.1981981981981982
CFTR,AL_105,22,0.1981981981981982
CFTR,AL_106,22,0.1981981981981982
CFTR,AL_107,22,0.1981981981981982
CFTR,AL_108,22,0.1981981981981982
CFTR,AL_109,22,0.1981981981981982
CFTR,AL_110,22,0.1981981981981982
CFTR,AL_111,22,0.1981981981981982
CFTR,AL_112,22,0.1981981981981982
CFTR,AL_113,22,0.1981981981981982
CFTR,AL_114,22,0.1981981981981982
CFTR,AL_115,22,0.1981981981981982
CFTR,AL_116,22,0.1981981981981982
CFTR,AL_117,22,0.1981981981981982
CFTR,AL_118,22,0.1981981981981982
CFTR,AL_119,22,0.1981981981981982
CFTR,AL_120,22,0.1981981981981982
CFTR,AL_121,22,0.1981981981981982
CFTR,AL_122,22,0.1981981981981982
CFTR,AL_123,22,0.1981981981981982
CFTR,AL_124,22,0.1981981981981982
CFTR,AL_125,22,0.1981981981981982
CFTR,AL_126,22,0.1981981981981982
CFTR,AL_127,22,0.1981981981981982
CFTR,AL_128,22,0.1981981981981982
CFTR,AL_129,22,0.1981981981981982
CFTR,AL_130,22,0.1981981981981982
CFTR,AL_131,22,0.1981981981981982
CFTR,AL_132,22,0.1981981981981982
CFTR,AL_133,22,0.1981981981981982
CFTR,AL_134,22,0.1981981981981982
CFTR,AL_135,22,0.1981981981981982
CFTR,AL_136,22,0.1981981981981982
CFTR,AL_137,22,0.1981981981981982
CFTR,AL_138,22,0.1981981981981982
CFTR,AL_139,22,0.1981981981981982
CFTR,AL_140,22,0.1981981981981982
CFTR,AL_141,22,0.1981981981981982
CFTR,AL_142,22,0.1981981981981982
CFTR,AL_143,22,0.1981981981981982
CFTR,AL_144,22,0.1981981981981982
CFTR,AL_145,22,0.1981981981981982
CFTR,AL_146,22,0.1981981981981982
CFTR,AL_147,22,0.1981981981981982
CFTR,AL_148,22,0.1981981981981982
CFTR,AL_149,22,0.1981981981981982
CFTR,AL_150,22,0.1981981981981982
CFTR,AL_151,22,0.1981981981981982
CFTR,AL_152,22,0.1981981981981982
CFTR,AL_153,22,0.1981981981981982
CFTR,AL_154,22,0.1981981981981982
CFTR,AL_155,22,0.1981981981981982
CFTR,AL_156,22,0.1981981981981982
CFTR,AL_157,22,0.1981981981981982
CFTR,AL_158,22,0.1981981981981982
CFTR,AL_159,22,0.1981981981981982
CFTR,AL_160,22,0.1981981981981982
CFTR,AL_161,22,0.1981981981981982
CFTR,AL_162,22,0.1981981981981982
CFTR,AL_163,22,0.1981981981981982
CFTR,AL_164,22,0.1981981981981982
CFTR,AL_165,22,0.1981981981981982
CFTR,AL_166,22,0.1981981981981982
CFTR,AL_167,22,0.1981981981981982
CFTR,AL_168,22,0.1981981981981982
CFTR,AL_169,22,0.1981981981981982
CFTR,AL_170,22,0.1981981981981982
CFTR,AL_171,22,0.1981981981981982
CFTR,AL_172,22,0.1981981981981982
CFTR,AL_173,22,0.1981981981981982
CFTR,AL_174,22,0.1981981981981982
CFTR,AL_175,22,0.1981981981981982
CFTR,AL_176,22,0.1981981981981982
CFTR,AL_177,22,0.1981981981981982
CFTR,AL_178,22,0.1981981981981982
CFTR,AL_179,22,0.1981981981981982
CFTR,AL_180,22,0.1981981981981982
CFTR,AL_181,22,0.1981981981981982
CFTR,AL_182,22,0.1981981981981982
CFTR,AL_183,55,0.4954954954954955
CFTR,AL_184,55,0.4954954954954955
CFTR,AL_185,55,0.4954954954954955
CFTR,CAT_5,0,0.0
CFTR,AL_186,7,0.06306306306306306
CFTR,AL_187,41,0.36936936936936937
CFTR,AL_188,41,0.36936936936936937
CFTR,AL_189,41,0.36936936936936937
CFTR,AL_190,41,0.36936936936936937
CFTR,AL_191,41,0.36936936936936937
CFTR,AL_192,41,0.36936936936936937
CFTR,AL_193,41,0.36936936936936937
CFTR,AL_194,41,0.36936936936936937
CFTR,AL_195,41,0.36936936936936937
CFTR,AL_196,41,0.36936936936936937
CFTR,AL_197,41,0.36936936936936937
CFTR,AL_198,41,0.36936936936936937
CFTR,AL_199,41,0.36936936936936937
CFTR,AL_200,41,0.36936936936936937
CFTR,AL_201,41,0.36936936936936937
CFTR,AL_202,41,0.36936936936936937
CFTR,AL_203,41,0.36936936936936937
CFTR,AL_204,41,0.36936936936936937
CFTR,AL_205,41,0.36936936936936937
CFTR,AL_206,41,0.36936936936936937
CFTR,AL_207,41,0.36936936936936937
CFTR,AL_208,41,0.36936936936936937
CFTR,AL_209,41,0.36936936936936937
CFTR,AL_210,41,0.36936936936936937
CFTR,AL_211,41,0.36936936936936937
CFTR,AL_212,41,0.36936936936936937
CFTR,AL_213,41,0.36936936936936937
CFTR,AL_214,56,0.5045045045045045
CFTR,AL_215,56,0.5045045045045045
CFTR,AL_216,56,0.5045045045045045
CFTR,AL_217,56,0.5045045045045045
CFTR,AL_218,41,0.36936936936936937
CFTR,AL_219,41,0.36936936936936937
CFTR,AL_220,41,0.36936936936936937
CFTR,AL_221,41,0.36936936936936937
CFTR,AL_222,41,0.36936936936936937
CFTR,CAT_6,109,0.9819819819819819
CFTR,AL_223,41,0.36936936936936937
CFTR,AL_224,41,0.36936936936936937
CFTR,AL_225,41,0.36936936936936937
CFTR,AL_226,41,0.36936936936936937
CFTR,AL_227,41,0.36936936936936937
CFTR,AL_228,41,0.36936936936936937
CFTR,AL_229,41,0.36936936936936937
CFTR,AL_230,41,0.36936936936936937
CFTR,AL_231,41,0.36936936936936937
CFTR,AL_232,41,0.36936936936936937
CFTR,AL_233,41,0.36936936936936937
CFTR,AL_234,41,0.36936936936936937
CFTR,AL_235,41,0.36936936936936937
CFTR,AL_236,41,0.36936936936936937
CFTR,AL_237,41,0.36936936936936937
CFTR,AL_238,41,0.36936936936936937
CFTR,AL_239,41,0.36936936936936937
CFTR,AL_240,41,0.36936936936936937
CFTR,AL_241,41,0.36936936936936937
CFTR,AL_242,41,0.36936936936936937
CFTR,AL_243,41,0.36936936936936937
CFTR,AL_244,41,0.36936936936936937
CFTR,AL_245,41,0.36936936936936937
CFTR,AL_246,41,0.36936936936936937
CFTR,AL_247,41,0.36936936936936937
CFTR,AL_248,41,0.36936936936936937
CFTR,AL_249,41,0.36936936936936937
CFTR,AL_250,43,0.38738738738738737
CFTR,AL_251,43,0.38738738738738737
CFTR,AL_252,43,0.38738738738738737
CFTR,AL_253,43,0.38738738738738737
CFTR,AL_254,41,0.36936936936936937
CFTR,AL_255,41,0.36936936936936937
CFTR,AL_256,41,0.36936936936936937
CFTR,AL_257,41,0.36936936936936937
CFTR,AL_258,41,0.36936936936936937
CFTR,AL_259,41,0.36936936936936937
CFTR,AL_260,41,0.36936936936936937
CFTR,AL_261,41,0.36936936936936937
CFTR,AL_262,41,0.36936936936936937
CFTR,AL_263,41,0.36936936936936937
CFTR,AL_264,41,0.36936936936936937
CFTR,AL_265,41,0.36936936936936937
CFTR,AL_266,41,0.36936936936936937
CFTR,AL_267,41,0.36936936936936937
CFTR,AL_268,41,0.36936936936936937
CFTR,AL_269,41,0.36936936936936937
CFTR,AL_270,41,0.36936936936936937
CFTR,AL_271,41,0.36936936936936937
CFTR,AL_272,41,0.36936936936936937
CFTR,AL_273,41,0.36936936936936937
CFTR,AL_274,41,0.36936936936936937
CFTR,AL_275,41,0.36936936936936937
CFTR,AL_276,41,0.36936936936936937
CFTR,AL_277,41,0.36936936936936937
CFTR,AL_278,41,0.36936936936936937
CFTR,AL_279,41,0.36936936936936937
CFTR,AL_280,41,0.36936936936936937
CFTR,AL_281,41,0.36936936936936937
CFTR,AL_282,41,0.36936936936936937
CFTR,AL_283,41,0.36936936936936937
CFTR,AL_284,41,0.36936936936936937
CFTR,AL_285,41,0.36936936936936937
CFTR,AL_286,42,0.3783783783783784
CFTR,AL_287,42,0.3783783783783784
CFTR,AL_288,42,0.3783783783783784
CFTR,AL_289,42,0.3783783783783784
CFTR,AL_290,41,0.36936936936936937
CFTR,AL_291,41,0.36936936936936937
CFTR,AL_292,41,0.36936936936936937
CFTR,AL_293,41,0.36936936936936937
CFTR,AL_294,41,0.36936936936936937
CFTR,AL_295,15,0.13513513513513514
CFTR,AL_296,15,0.13513513513513514
CFTR,AL_297,15,0.13513513513513514
CFTR,AL_298,15,0.13513513513513514
CFTR,AL_299,15,0.13513513513513514
CFTR,AL_300,15,0.13513513513513514
CFTR,AL_301,15,0.13513513513513514
CFTR,AL_302,15,0.13513513513513514
CFTR,AL_303,15,0.13513513513513514
CFTR,AL_304,15,0.13513513513513514
CFTR,AL_305,15,0.13513513513513514
CFTR,AL_306,15,0.13513513513513514
CFTR,AL_307,15,0.13513513513513514
CFTR,AL_308,15,0.13513513513513514
CFTR,AL_309,15,0.13513513513513514
CFTR,AL_310,15,0.13513513513513514
CFTR,AL_311,15,0.13513513513513514
CFTR,AL_312,15,0.13513513513513514
CFTR,AL_313,15,0.13513513513513514
CFTR,AL_314,15,0.13513513513513514
CFTR,AL_315,15,0.13513513513513514
CFTR,AL_316,15,0.13513513513513514
CFTR,AL_317,15,0.13513513513513514
CFTR,AL_318,15,0.13513513513513514
CFTR,AL_319,15,0.13513513513513514
CFTR,AL_320,15,0.13513513513513514
CFTR,AL_321,15,0.13513513513513514
CFTR,AL_322,15,0.13513513513513514
CFTR,AL_323,15,0.13513513513513514
CFTR,AL_324,15,0.13513513513513514
CFTR,AL_325,15,0.13513513513513514
CFTR,AL_326,15,0.13513513513513514
CFTR,AL_327,15,0.13513513513513514
CFTR,AL_328,15,0.13513513513513514
CFTR,AL_329,15,0.13513513513513514
CFTR,AL_330,15,0.13513513513513514
CFTR,AL_331,15,0.13513513513513514
CFTR,AL_332,15,0.13513513513513514
CFTR,AL_333,15,0.13513513513513514
CFTR,AL_334,15,0.13513513513513514
CFTR,EK_4,0,0.0
CFTR,EK_5,0,0.0
CFTR,EK_6,0,0.0
CFTR,EK_7,0,0.0
CFTR,EK_8,0,0.0
CFTR,EK_9,0,0.0
CFTR,AA_1,0,0.0
CFTR,AA_2,0,0.0
CFTR,Label,0,0.0
