,EK_1,EK_2,EK_3,EK_4,EK_5,EK_6,EK_7,EK_8,EK_9
EK_1,1.0,0.5834663593789736,0.1497122340415826,0.08254079421750928,0.17756030045159457,0.07444792771348496,0.11754481000476324,0.1273102760239431,0.09741829023847855
EK_2,0.5834663593789736,1.0,0.5673912963961865,0.2607672560283526,0.209317735873451,0.26701311726795246,0.4958158192101694,0.26668056817671415,0.4677784960444442
EK_3,0.1497122340415826,0.5673912963961865,1.0,0.3497142474738972,0.19081306398839964,0.3354775852194046,0.6384171484851144,0.27424819447818705,0.5692736965801581
EK_4,0.08254079421750928,0.2607672560283526,0.3497142474738972,1.0,0.14769434471632417,0.2597353493877698,0.3280530072824248,0.14170431186192867,0.2732453195898312
EK_5,0.17756030045159457,0.209317735873451,0.19081306398839964,0.14769434471632417,1.0,0.1458073077838798,0.17865844156713873,0.12531361783011297,0.15065410306894605
EK_6,0.07444792771348496,0.26701311726795246,0.3354775852194046,0.2597353493877698,0.1458073077838798,1.0,0.2740455926843117,0.12097997628372664,0.261111950345533
EK_7,0.11754481000476324,0.4958158192101694,0.6384171484851144,0.3280530072824248,0.17865844156713873,0.2740455926843117,1.0,0.33678997030301555,0.7538883827860774
EK_8,0.1273102760239431,0.26668056817671415,0.27424819447818705,0.14170431186192867,0.12531361783011297,0.12097997628372664,0.33678997030301555,1.0,0.44076042063990556
EK_9,0.09741829023847855,0.4677784960444442,0.5692736965801581,0.2732453195898312,0.15065410306894605,0.261111950345533,0.7538883827860774,0.44076042063990556,1.0
