threshold,roc_auc,pr_auc,accuracy,balanced_accuracy,precision,pathogenic_recall,specificity,f1,f1_binary,f1_macro,f1_weighted,mcc,cohen_kappa,brier_score,log_loss,ppv,npv,tn,fp,fn,tp,false_negative_rate,false_positive_rate,calibration_quality,medical_utility_score,clinical_safety_score,dataset_split,panel,n
0.05,0.8478143022783056,0.9040847361024198,0.730556736081598,0.5767746506915896,0.7197480881691408,0.9931719428926132,0.160377358490566,0.8346374543557642,0.8346374543557642,0.553786617086139,0.6575092594946831,0.3122886211764514,0.1974795792771624,0.142691432010178,0.4519997382294056,0.7197480881691408,0.9153846153846154,119,623,11,1600,0.0068280571073867,0.839622641509434,0.4292342719592878,0.6493881636774829,0.6335968127868339,MASTER_ONLY_CV,,2353
0.055,0.8478143022783056,0.9040847361024198,0.7331066723331917,0.5811812655915112,0.7218961625282168,0.9925512104283054,0.1698113207547169,0.8358599059069525,0.8358599059069525,0.5611117711352944,0.6625805892893832,0.321076949074447,0.2080362387504233,0.142691432010178,0.4519997382294056,0.7218961625282168,0.9130434782608696,126,616,12,1599,0.0074487895716946,0.8301886792452831,0.4292342719592878,0.6533213487053788,0.6372414645841443,MASTER_ONLY_CV,,2353
0.06,0.8478143022783056,0.9040847361024198,0.7373565660858479,0.5879198100659048,0.7251700680272108,0.9925512104283054,0.183288409703504,0.8380503144654088,0.8380503144654088,0.5718341459967493,0.6701519744707252,0.3365358269125138,0.2242600576782119,0.142691432010178,0.4519997382294056,0.7251700680272108,0.918918918918919,136,606,12,1599,0.0074487895716946,0.816711590296496,0.4292342719592878,0.6596512248651473,0.6432893052758546,MASTER_ONLY_CV,,2353
0.065,0.8478143022783056,0.9040847361024198,0.7433064173395665,0.5973537723300557,0.7298037425832953,0.9925512104283054,0.2021563342318059,0.8411362440820621,0.8411362440820621,0.5864973255808541,0.6805394931021247,0.3573171052667633,0.2467223263426589,0.142691432010178,0.4519997382294056,0.7298037425832953,0.925925925925926,150,592,12,1599,0.0074487895716946,0.7978436657681941,0.4292342719592878,0.6682953782374473,0.6515318303371505,MASTER_ONLY_CV,,2353
0.07,0.8478143022783056,0.9040847361024198,0.7513812154696132,0.6101570068314034,0.7361878453038674,0.9925512104283054,0.2277628032345013,0.845360824742268,0.845360824742268,0.6057790039204298,0.6942603478618566,0.3841692921931333,0.2767475035663338,0.142691432010178,0.4519997382294056,0.7361878453038674,0.9337016574585636,169,573,12,1599,0.0074487895716946,0.7722371967654986,0.4292342719592878,0.6796722502656409,0.6623551663736303,MASTER_ONLY_CV,,2353
0.075,0.8478143022783056,0.9040847361024198,0.7556311092222694,0.6172590395210823,0.7398148148148148,0.9919304779639976,0.2425876010781671,0.8475205515778308,0.8475205515778308,0.6162736447728726,0.7016767735503944,0.3971188671801222,0.2929846371554151,0.142691432010178,0.4519997382294056,0.7398148148148148,0.932642487046632,180,562,13,1598,0.0080695220360024,0.7574123989218329,0.4292342719592878,0.6855718676636893,0.6678465741671842,MASTER_ONLY_CV,,2353
0.08,0.8478143022783056,0.9040847361024198,0.7569060773480663,0.6203710675092566,0.7415155741515574,0.990068280571074,0.2506738544474393,0.847953216374269,0.847953216374269,0.6210105064922192,0.7048240274813825,0.3993060962580739,0.2995361869907529,0.142691432010178,0.4519997382294056,0.7415155741515574,0.9207920792079208,186,556,16,1595,0.0099317194289261,0.7493261455525606,0.4292342719592878,0.6874906028286479,0.6693376252293728,MASTER_ONLY_CV,,2353
0.0849999999999999,0.8478143022783056,0.9040847361024198,0.7624309392265194,0.629858151756539,0.746485473289597,0.988826815642458,0.2708894878706199,0.8507343124165554,0.8507343124165554,0.634524284199953,0.714374056626739,0.4153647821551065,0.3206787185659607,0.142691432010178,0.4519997382294056,0.746485473289597,0.9178082191780822,201,541,18,1593,0.0111731843575419,0.72911051212938,0.4292342719592878,0.695040887899709,0.6762876261751036,MASTER_ONLY_CV,,2353
0.09,0.8478143022783056,0.9040847361024198,0.768380790480238,0.63929211402069,0.7514150943396226,0.988826815642458,0.2897574123989218,0.8539265612436344,0.8539265612436344,0.6474761011346377,0.7237215111791419,0.4333715099642569,0.3418276403803525,0.142691432010178,0.4519997382294056,0.7514150943396226,0.9227467811158798,215,527,18,1593,0.0111731843575419,0.7102425876010782,0.4292342719592878,0.7028775768969956,0.6837185367299666,MASTER_ONLY_CV,,2353
0.095,0.8478143022783056,0.9040847361024198,0.7709307267318317,0.644062217135897,0.7540284360189573,0.9875853507138423,0.3005390835579515,0.8551464660037624,0.8551464660037624,0.6539691720881756,0.7282671187148841,0.4399318939850264,0.3519638565975148,0.142691432010178,0.4519997382294056,0.7540284360189573,0.9176954732510288,223,519,20,1591,0.0124146492861576,0.6994609164420486,0.4292342719592878,0.7063223649428758,0.6867723750609002,MASTER_ONLY_CV,,2353
0.0999999999999999,0.8478143022783056,0.9040847361024198,0.7726306842328942,0.6485750760020814,0.7566793893129771,0.9844816883923028,0.3126684636118598,0.8556784461828972,0.8556784461828972,0.6600714553236808,0.7323122012041139,0.4426530681504701,0.3607468596055674,0.142691432010178,0.4519997382294056,0.7566793893129771,0.9027237354085604,232,510,25,1586,0.015518311607697,0.6873315363881402,0.4292342719592878,0.7088695269100694,0.6886689748043205,MASTER_ONLY_CV,,2353
0.105,0.8478143022783056,0.9040847361024198,0.7768805779855503,0.6553136204764749,0.7603068072866731,0.9844816883923028,0.3261455525606469,0.85799296727076,0.85799296727076,0.6688379107909797,0.7386958555767549,0.4550681906818304,0.3754515409649086,0.142691432010178,0.4519997382294056,0.7603068072866731,0.906367041198502,242,500,25,1586,0.015518311607697,0.6738544474393531,0.4292342719592878,0.7142994616236825,0.6938146765255663,MASTER_ONLY_CV,,2353
0.1099999999999999,0.8478143022783056,0.9040847361024198,0.7781555461113472,0.6580621602493637,0.7619047619047619,0.9832402234636872,0.3328840970350404,0.8585365853658536,0.8585365853658536,0.6723785289033992,0.7411296343287596,0.4579363366783719,0.3809242996080708,0.142691432010178,0.4519997382294056,0.7619047619047619,0.9014598540145984,247,495,27,1584,0.0167597765363128,0.6671159029649596,0.4292342719592878,0.7160630301116442,0.6952828866570229,MASTER_ONLY_CV,,2353
0.1149999999999999,0.8478143022783056,0.9040847361024198,0.779430514237144,0.6608107000222526,0.7635135135135135,0.9819987585350712,0.3396226415094339,0.8590822698886778,0.8590822698886778,0.6758754457947788,0.7435366145740385,0.4608362410188771,0.386363602103396,0.142691432010178,0.4519997382294056,0.7635135135135135,0.896797153024911,252,490,29,1582,0.0180012414649286,0.660377358490566,0.4292342719592878,0.717824448881732,0.6967508932741162,MASTER_ONLY_CV,,2353
0.12,0.8478143022783056,0.9040847361024198,0.7832554186145346,0.6672388782644922,0.7671033478893741,0.9813780260707636,0.353099730458221,0.8611111111111112,0.8611111111111112,0.6839404685149366,0.7493723802939742,0.4713967052916945,0.3998871816106025,0.142691432010178,0.4519997382294056,0.7671033478893741,0.8972602739726028,262,480,30,1581,0.0186219739292365,0.6469002695417789,0.4292342719592878,0.7226949700200329,0.701265265315505,MASTER_ONLY_CV,,2353
0.1249999999999999,0.8478143022783056,0.9040847361024198,0.7849553761155971,0.6699342960542497,0.768595041322314,0.9813780260707636,0.3584905660377358,0.8620501635768811,0.8620501635768811,0.6872871241776506,0.7518298701351226,0.4762091699072069,0.4056271372588174,0.142691432010178,0.4519997382294056,0.768595041322314,0.8986486486486487,266,476,30,1581,0.0186219739292365,0.6415094339622641,0.4292342719592878,0.7248105119396554,0.7032688401459661,MASTER_ONLY_CV,,2353
0.13,0.8478143022783056,0.9040847361024198,0.7900552486187845,0.6783840376388073,0.7733724914341654,0.9807572936064556,0.376010781671159,0.8648056923918993,0.8648056923918993,0.6976119716712348,0.7593592488944637,0.4901405999444029,0.4232259357837679,0.142691432010178,0.4519997382294056,0.7733724914341654,0.9,279,463,31,1580,0.0192427063935443,0.623989218328841,0.4292342719592878,0.7311797505769173,0.7092006917247083,MASTER_ONLY_CV,,2353
0.135,0.8478143022783056,0.9040847361024198,0.7921801954951126,0.681753309876004,0.7752698724239451,0.9807572936064556,0.3827493261455525,0.8659906823787339,0.8659906823787339,0.7016802986160462,0.7623627140388153,0.4960262728724407,0.4302920143529039,0.142691432010178,0.4519997382294056,0.7752698724239451,0.9015873015873016,284,458,31,1580,0.0192427063935443,0.6172506738544474,0.4292342719592878,0.7337800958909574,0.711661929799477,MASTER_ONLY_CV,,2353
0.1399999999999999,0.8478143022783056,0.9040847361024198,0.795155121121972,0.686833779223365,0.7782158698866437,0.9801365611421478,0.3935309973045822,0.8675824175824176,0.8675824175824176,0.7077124095416778,0.7667549241984576,0.5038735815398127,0.4406135294912606,0.142691432010178,0.4519997382294056,0.7782158698866437,0.9012345679012346,292,450,32,1579,0.0198634388578522,0.6064690026954178,0.4292342719592878,0.7374728747624923,0.7150591921716222,MASTER_ONLY_CV,,2353
0.145,0.8478143022783056,0.9040847361024198,0.7977050573735657,0.691603882338572,0.7810797424467558,0.978895096213532,0.4043126684636118,0.8688705234159779,0.8688705234159779,0.7132456706299221,0.770720382517335,0.5102025563321408,0.4499344849059902,0.142691432010178,0.4519997382294056,0.7810797424467558,0.8982035928143712,300,442,34,1577,0.021104903786468,0.5956873315363881,0.4292342719592878,0.7407032433715004,0.7179227771770735,MASTER_ONLY_CV,,2353
0.1499999999999999,0.8478143022783056,0.9040847361024198,0.800679983000425,0.6963208634706474,0.7837972166998012,0.978895096213532,0.4137466307277628,0.8705492685619652,0.8705492685619652,0.7187464717694406,0.7748096381156812,0.5182687181801635,0.4596379981931737,0.142691432010178,0.4519997382294056,0.7837972166998012,0.9002932551319648,307,435,34,1577,0.021104903786468,0.5862533692722371,0.4292342719592878,0.7442773721809559,0.7213045259440208,MASTER_ONLY_CV,,2353
0.1549999999999999,0.8478143022783056,0.9040847361024198,0.8015299617509563,0.6987590370113823,0.7854291417165669,0.9770328988206084,0.4204851752021563,0.8708160442600277,0.8708160442600277,0.7213841907826262,0.7765717303796774,0.5196908020433816,0.4637676915997261,0.142691432010178,0.4519997382294056,0.7854291417165669,0.8939828080229226,312,430,37,1574,0.0229671011793916,0.5795148247978437,0.4292342719592878,0.7455188104527681,0.7221929056678508,MASTER_ONLY_CV,,2353
0.1599999999999999,0.8478143022783056,0.9040847361024198,0.8036549086272843,0.7024917974638645,0.7876815222834251,0.9764121663563003,0.4285714285714285,0.8719512195121951,0.8719512195121951,0.7255930960948953,0.779645458716924,0.5251376091816847,0.4710790204788619,0.142691432010178,0.4519997382294056,0.7876815222834251,0.8932584269662921,318,424,38,1573,0.0235878336436995,0.5714285714285714,0.4292342719592878,0.7481278719038945,0.7245670451132018,MASTER_ONLY_CV,,2353
0.1649999999999999,0.8478143022783056,0.9040847361024198,0.80407989800255,0.7042561165571601,0.7889447236180904,0.9745499689633768,0.4339622641509434,0.8719800055540128,0.8719800055540128,0.727392717709133,0.7807910828333151,0.5255026838086259,0.4737813098357259,0.142691432010178,0.4519997382294056,0.7889447236180904,0.8870523415977961,322,420,41,1570,0.0254500310366232,0.5660377358490566,0.4292342719592878,0.7488664659139807,0.7249835374904464,MASTER_ONLY_CV,,2353
0.1699999999999999,0.8478143022783056,0.9040847361024198,0.8057798555036124,0.7080419989927738,0.7914141414141415,0.9726877715704532,0.4433962264150943,0.8727373990531885,0.8727373990531885,0.7314359641005852,0.7836208119432594,0.5293509850310651,0.4805370657801235,0.142691432010178,0.4519997382294056,0.7914141414141415,0.8820375335120644,329,413,44,1567,0.0273122284295468,0.5566037735849056,0.4292342719592878,0.7511210683733114,0.7268375315718363,MASTER_ONLY_CV,,2353
0.175,0.8478143022783056,0.9040847361024198,0.8079048023799406,0.7117747594452559,0.7937151545869234,0.9720670391061452,0.4514824797843665,0.8738839285714286,0.8738839285714286,0.7355159393302776,0.7866174194197635,0.5348088368686389,0.487725815043836,0.142691432010178,0.4519997382294056,0.7937151545869234,0.881578947368421,335,407,45,1566,0.0279329608938547,0.5485175202156334,0.4292342719592878,0.7537089104554429,0.729194540444655,MASTER_ONLY_CV,,2353
0.18,0.8478143022783056,0.9040847361024198,0.8091797705057373,0.713796322787574,0.7949238578680203,0.9720670391061452,0.4555256064690027,0.874616029042167,0.874616029042167,0.737752458965528,0.7882983333372233,0.5382046549744993,0.4917640527758709,0.142691432010178,0.4519997382294056,0.7949238578680203,0.8825065274151436,338,404,45,1566,0.0279329608938547,0.5444743935309974,0.4292342719592878,0.7552079064509991,0.7306134946795785,MASTER_ONLY_CV,,2353
0.185,0.8478143022783056,0.9040847361024198,0.809604759881003,0.7151971536655841,0.7959287531806616,0.9708255741775296,0.4595687331536388,0.8747203579418344,0.8747203579418344,0.739130090475342,0.7892057141168133,0.5389135473448298,0.4939537170118736,0.142691432010178,0.4519997382294056,0.7959287531806616,0.8788659793814433,341,401,47,1564,0.0291744258224705,0.5404312668463612,0.4292342719592878,0.7558700215630028,0.7310558643164262,MASTER_ONLY_CV,,2353
0.19,0.8478143022783056,0.9040847361024198,0.8125796855078623,0.7199141347976596,0.7987742594484167,0.9708255741775296,0.4690026954177897,0.8764359764639955,0.8764359764639955,0.7442865898151112,0.7930914419179078,0.5467993267141862,0.5033111061224469,0.142691432010178,0.4519997382294056,0.7987742594484167,0.8810126582278481,348,394,47,1564,0.0291744258224705,0.5309973045822103,0.4292342719592878,0.7593497072023435,0.734349891317678,MASTER_ONLY_CV,,2353
0.195,0.8478143022783056,0.9040847361024198,0.8142796430089247,0.7237000172332733,0.8013347022587269,0.968963376784606,0.4784366576819407,0.8772127001966845,0.8772127001966845,0.7481094015368775,0.7957892853173163,0.5507109961254001,0.5098549910838178,0.142691432010178,0.4519997382294056,0.8013347022587269,0.8765432098765432,355,387,50,1561,0.0310366232153941,0.5215633423180593,0.4292342719592878,0.7615760376951104,0.73618349383637,MASTER_ONLY_CV,,2353
0.1999999999999999,0.8478143022783056,0.9040847361024198,0.8134296642583936,0.7234427729842507,0.801440329218107,0.9671011793916822,0.4797843665768194,0.8765119549929676,0.8765119549929676,0.747552241614642,0.7951790970867053,0.5479440894437595,0.508426261821584,0.142691432010178,0.4519997382294056,0.801440329218107,0.8704156479217604,356,386,53,1558,0.0328988206083178,0.5202156334231806,0.4292342719592878,0.7608414791909304,0.7352157600529634,MASTER_ONLY_CV,,2353
0.2049999999999999,0.8478143022783056,0.9040847361024198,0.8147046323841904,0.7258278245418543,0.8029912325941206,0.9664804469273744,0.4851752021563342,0.8771830985915493,0.8771830985915493,0.750010234416882,0.7969771783045938,0.5511478204289679,0.5127929440772914,0.142691432010178,0.4519997382294056,0.8029912325941206,0.8695652173913043,360,382,54,1557,0.0335195530726257,0.5148247978436657,0.4292342719592878,0.7624081725479236,0.7366091056122156,MASTER_ONLY_CV,,2353
0.2099999999999999,0.8478143022783056,0.9040847361024198,0.8155546111347216,0.7275390216520183,0.8041343669250646,0.9658597144630664,0.4892183288409703,0.8776085730400451,0.8776085730400451,0.7517353210027812,0.7982222976370279,0.553231601000307,0.5158270939062227,0.142691432010178,0.4519997382294056,0.8041343669250646,0.868421052631579,363,379,55,1556,0.0341402855369335,0.5107816711590296,0.4292342719592878,0.7634796266440934,0.7375337542667549,MASTER_ONLY_CV,,2353
0.2149999999999999,0.8478143022783056,0.9040847361024198,0.8159796005099873,0.7289398525300286,0.805181347150259,0.9646182495344506,0.4932614555256064,0.8777181587122281,0.8777181587122281,0.7530221694848694,0.7990743644013907,0.554054235298972,0.5179357780150866,0.142691432010178,0.4519997382294056,0.805181347150259,0.8652482269503546,366,376,57,1554,0.0353817504655493,0.5067385444743935,0.4292342719592878,0.764145874358207,0.7379852548351109,MASTER_ONLY_CV,,2353
0.2199999999999999,0.8478143022783056,0.9040847361024198,0.8164045898852529,0.729613706977468,0.8055987558320373,0.9646182495344506,0.4946091644204852,0.8779661016949153,0.8779661016949153,0.7537343372968572,0.7996150866644358,0.5551731914346899,0.5192467586273436,0.142691432010178,0.4519997382294056,0.8055987558320373,0.8655660377358491,367,375,57,1554,0.0353817504655493,0.5053908355795148,0.4292342719592878,0.7646372017361793,0.7384506421235405,MASTER_ONLY_CV,,2353
0.2249999999999999,0.8478143022783056,0.9040847361024198,0.8164045898852529,0.7307041716233241,0.8065522620904836,0.962756052141527,0.4986522911051212,0.8777589134125636,0.8777589134125636,0.7545791154093535,0.8000713570008493,0.5547678644894802,0.5204293648412246,0.142691432010178,0.4519997382294056,0.8065522620904836,0.8604651162790697,370,372,60,1551,0.037243947858473,0.5013477088948787,0.4292342719592878,0.7649035265655796,0.7384350567716058,MASTER_ONLY_CV,,2353
0.2299999999999999,0.8478143022783056,0.9040847361024198,0.817254568635784,0.7324153687334882,0.8077123501823866,0.9621353196772192,0.5026954177897575,0.8781869688385269,0.8781869688385269,0.7562703551675627,0.801296082868399,0.5568807546462211,0.5234311412896029,0.142691432010178,0.4519997382294056,0.8077123501823866,0.8594470046082949,373,369,61,1550,0.0378646803227808,0.4973045822102426,0.4292342719592878,0.7659741279581377,0.7393604503190719,MASTER_ONLY_CV,,2353
0.235,0.8478143022783056,0.9040847361024198,0.8168295792605185,0.7328319789319051,0.8082549634273772,0.9602731222842956,0.5053908355795148,0.8777304964539007,0.8777304964539007,0.7563927672786015,0.8012047038078557,0.5554169395610629,0.5232984412552876,0.142691432010178,0.4519997382294056,0.8082549634273772,0.8542141230068337,375,367,64,1547,0.0397268777157045,0.4946091644204852,0.4292342719592878,0.7657581739746993,0.7388900415494408,MASTER_ONLY_CV,,2353
0.24,0.8478143022783056,0.9040847361024198,0.8181045473863153,0.7366709833506502,0.8111520252498685,0.957169459962756,0.5161725067385444,0.878132118451025,0.878132118451025,0.7598365784884941,0.8035249865749537,0.5582959249642909,0.5291170301405425,0.142691432010178,0.4519997382294056,0.8111520252498685,0.8473451327433629,383,359,69,1542,0.0428305400372439,0.4838274932614555,0.4292342719592878,0.7676934919326981,0.7402846618470885,MASTER_ONLY_CV,,2353
0.245,0.8478143022783056,0.9040847361024198,0.817254568635784,0.7367772273169132,0.8116094986807388,0.9546865301055244,0.5188679245283019,0.8773531089560753,0.8773531089560753,0.7595098878113711,0.8030312474266486,0.5557536235199493,0.5280671738976308,0.142691432010178,0.4519997382294056,0.8116094986807388,0.8406113537117904,385,357,73,1538,0.0453134698944754,0.4811320754716981,0.4292342719592878,0.7671032547084484,0.7393760072713196,MASTER_ONLY_CV,,2353
0.2499999999999999,0.8478143022783056,0.9040847361024198,0.8176795580110497,0.7385415464102087,0.8130296610169492,0.9528243327126008,0.5242587601078167,0.8773935410117176,0.8773935410117176,0.7609834316491894,0.8039755204872842,0.5566936627518535,0.5304968207139406,0.142691432010178,0.4519997382294056,0.8130296610169492,0.8365591397849462,389,353,76,1535,0.0471756672873991,0.4757412398921833,0.4292342719592878,0.7678866483476724,0.7398585809030938,MASTER_ONLY_CV,,2353
0.2549999999999999,0.8478143022783056,0.9040847361024198,0.8176795580110497,0.7392685228407796,0.8136942675159236,0.9515828677839852,0.5269541778975741,0.8772532188841202,0.8772532188841202,0.7615002675758338,0.8042496575830165,0.5565938666510173,0.5312546581428167,0.142691432010178,0.4519997382294056,0.8136942675159236,0.8336886993603412,391,351,78,1533,0.0484171322160148,0.4730458221024258,0.4292342719592878,0.7680865312625103,0.7398753226187449,MASTER_ONLY_CV,,2353
0.2599999999999999,0.8478143022783056,0.9040847361024198,0.8185295367615809,0.7417066963815145,0.8155650319829424,0.9497206703910616,0.5336927223719676,0.877545167765988,0.877545167765988,0.7636290235876699,0.805700051760623,0.558718169056774,0.5349412781383783,0.142691432010178,0.4519997382294056,0.8155650319829424,0.8301886792452831,396,346,81,1530,0.0502793296089385,0.4663072776280323,0.4292342719592878,0.7693627555317365,0.7408278016008802,MASTER_ONLY_CV,,2353
0.2649999999999999,0.8478143022783056,0.9040847361024198,0.8185295367615809,0.7424336728120854,0.8162393162393162,0.9484792054624456,0.5363881401617251,0.877404536319265,0.877404536319265,0.764131540440908,0.805965043806098,0.5586595138658582,0.5356883241716981,0.142691432010178,0.4519997382294056,0.8162393162393162,0.8274428274428275,398,344,83,1528,0.0515207945375543,0.4636118598382749,0.4292342719592878,0.7695674663771469,0.7408506236375046,MASTER_ONLY_CV,,2353
0.2699999999999999,0.8478143022783056,0.9040847361024198,0.8193795155121122,0.7441448699222495,0.8174518201284796,0.947858472998138,0.5404312668463612,0.8778384593273929,0.8778384593273929,0.7657325955968668,0.8071350586575669,0.5608774975079832,0.5386042481490418,0.142691432010178,0.4519997382294056,0.8174518201284796,0.8268041237113402,401,341,84,1527,0.0521415270018622,0.4595687331536388,0.4292342719592878,0.7706407513686688,0.74178350819171,MASTER_ONLY_CV,,2353
0.2749999999999999,0.8478143022783056,0.9040847361024198,0.8189545261368466,0.7445614801206664,0.8180354267310789,0.9459962756052142,0.5431266846361186,0.8773747841105354,0.8773747841105354,0.7657977816656574,0.8070049279149557,0.5597103079353435,0.5384438992584735,0.142691432010178,0.4519997382294056,0.8180354267310789,0.8224489795918367,403,339,87,1524,0.0540037243947858,0.4568733153638814,0.4292342719592878,0.7704678892898793,0.7413638406182455,MASTER_ONLY_CV,,2353
0.2799999999999999,0.8478143022783056,0.9040847361024198,0.8189545261368466,0.7456519447665226,0.8190630048465266,0.9441340782122905,0.5471698113207547,0.8771626297577855,0.8771626297577855,0.7665296185945631,0.8073881339795356,0.5596972010581459,0.5395493695307656,0.142691432010178,0.4519997382294056,0.8190630048465266,0.8185483870967742,406,336,90,1521,0.0558659217877094,0.4528301886792453,0.4292342719592878,0.7707844843184752,0.7414097581023745,MASTER_ONLY_CV,,2353
0.285,0.8478143022783056,0.9040847361024198,0.8189545261368466,0.7467424094123789,0.820097244732577,0.9422718808193667,0.5512129380053908,0.8769497400346621,0.8769497400346621,0.7672530050655626,0.8077657388896796,0.5597169408545337,0.5406495570452083,0.142691432010178,0.4519997382294056,0.820097244732577,0.8147410358565738,409,333,93,1518,0.0577281191806331,0.4487870619946091,0.4292342719592878,0.7711054706658936,0.7414609773525347,MASTER_ONLY_CV,,2353
0.29,0.8478143022783056,0.9040847361024198,0.8198045048873778,0.7488170947378283,0.8216802168021681,0.9410304158907512,0.5566037735849056,0.8773148148148148,0.8773148148148148,0.7690574074074075,0.8090385748689615,0.5619916875587541,0.5438959338532252,0.142691432010178,0.4519997382294056,0.8216802168021681,0.812992125984252,413,329,95,1516,0.0589695841092489,0.4433962264150943,0.4292342719592878,0.7722879833751485,0.7424153043704531,MASTER_ONLY_CV,,2353
0.295,0.8478143022783056,0.9040847361024198,0.8189545261368466,0.7492868269193766,0.8225367446924333,0.9379267535692116,0.5606469002695418,0.8764501160092807,0.8764501160092807,0.7689086828059122,0.8086254297050737,0.5598860143693527,0.5431963287199282,0.142691432010178,0.4519997382294056,0.8225367446924333,0.8062015503875969,416,326,100,1511,0.0620732464307883,0.4393530997304582,0.4292342719592878,0.7718707810034972,0.7416002581304272,MASTER_ONLY_CV,,2353
0.3,0.8478143022783056,0.9040847361024198,0.8164045898852529,0.7481516059570239,0.8226600985221675,0.9329608938547486,0.5633423180592992,0.8743455497382199,0.8743455497382199,0.7668257717145358,0.8065345210144005,0.5535217146498803,0.5385897540648746,0.142691432010178,0.4519997382294056,0.8226600985221675,0.7946768060836502,418,324,108,1503,0.0670391061452514,0.4366576819407008,0.4292342719592878,0.7698791956380011,0.7390430383731863,MASTER_ONLY_CV,,2353
0.3049999999999999,0.8478143022783056,0.9040847361024198,0.815129621759456,0.7472205072605621,0.8223684210526315,0.931098696461825,0.5633423180592992,0.8733624454148472,0.8733624454148472,0.7655561243596659,0.8053706985190167,0.5503309765635658,0.5359346797985335,0.142691432010178,0.4519997382294056,0.8223684210526315,0.7901701323251418,418,324,111,1500,0.068901303538175,0.4366576819407008,0.4292342719592878,0.7687783746757203,0.737748894304462,MASTER_ONLY_CV,,2353
0.3099999999999999,0.8478143022783056,0.9040847361024198,0.8147046323841904,0.7480006056742643,0.8233351678591084,0.9286157666045934,0.5673854447439353,0.8728121353558926,0.8728121353558926,0.765827037943987,0.8053383212635561,0.5495062058418103,0.5361471440649994,0.142691432010178,0.4519997382294056,0.8233351678591084,0.7854477611940298,421,321,115,1496,0.0713842333954065,0.4326145552560647,0.4292342719592878,0.7687665868159813,0.7374081574019148,MASTER_ONLY_CV,,2353
0.3149999999999999,0.8478143022783056,0.9040847361024198,0.8138546536336592,0.7481068496405273,0.8238542241855329,0.926132836747362,0.5700808625336927,0.8720046756282875,0.8720046756282875,0.7654415901505924,0.8047970178089506,0.5475951643622252,0.5351153219505946,0.142691432010178,0.4519997382294056,0.8238542241855329,0.7804428044280443,423,319,119,1492,0.0738671632526381,0.4299191374663073,0.4292342719592878,0.7682794001044588,0.7366169412516563,MASTER_ONLY_CV,,2353
0.3199999999999999,0.8478143022783056,0.9040847361024198,0.8142796430089247,0.749144192303252,0.8246681415929203,0.925512104283054,0.5727762803234502,0.8721848493711611,0.8721848493711611,0.7663177549109108,0.8054161421127627,0.5488239084041051,0.5367214965684192,0.142691432010178,0.4519997382294056,0.8246681415929203,0.7798165137614679,425,317,120,1491,0.074487895716946,0.4272237196765499,0.4292342719592878,0.7688824166293361,0.7371084734369789,MASTER_ONLY_CV,,2353
0.3249999999999999,0.8478143022783056,0.9040847361024198,0.8147046323841904,0.7512719996118331,0.8265703168426903,0.9230291744258224,0.5795148247978437,0.8721407624633432,0.8721407624633432,0.7678605046884617,0.8063728480825849,0.5503682224441069,0.5394046383328724,0.142691432010178,0.4519997382294056,0.8265703168426903,0.776173285198556,430,312,124,1487,0.0769708255741775,0.4204851752021563,0.4292342719592878,0.7698494446762657,0.7377018706947434,MASTER_ONLY_CV,,2353
0.3299999999999999,0.8478143022783056,0.9040847361024198,0.817254568635784,0.7553151262964692,0.8293363078639152,0.9230291744258224,0.5876010781671159,0.8736780258519389,0.8736780258519389,0.7717084445695946,0.8093674187023431,0.5571499627651257,0.5468039914609467,0.142691432010178,0.4519997382294056,0.8293363078639152,0.7785714285714286,436,306,124,1487,0.0769708255741775,0.4123989218328841,0.4292342719592878,0.7727331375169658,0.7404440350780442,MASTER_ONLY_CV,,2353
0.3349999999999999,0.8478143022783056,0.9040847361024198,0.817254568635784,0.7567690791576108,0.830812324929972,0.9205462445685908,0.5929919137466307,0.8733804475853946,0.8733804475853946,0.7725680863881171,0.8097996808974389,0.5576082158057026,0.5482108203640248,0.142691432010178,0.4519997382294056,0.830812324929972,0.7746478873239436,440,302,128,1483,0.079453755431409,0.4070080862533692,0.4292342719592878,0.7732199900839883,0.7405829830525816,MASTER_ONLY_CV,,2353
0.3399999999999999,0.8478143022783056,0.9040847361024198,0.8176795580110497,0.7585333982509064,0.8323959505061868,0.9186840471756672,0.5983827493261455,0.8734139864266746,0.8734139864266746,0.7738368337600343,0.8106122462833282,0.5591091151172224,0.550482476628751,0.142691432010178,0.4519997382294056,0.8323959505061868,0.7721739130434783,444,298,131,1480,0.0813159528243327,0.4016172506738544,0.4292342719592878,0.7740674751736809,0.7411470092303937,MASTER_ONLY_CV,,2353
0.3449999999999999,0.8478143022783056,0.9040847361024198,0.8155546111347216,0.758072031735993,0.8330503678551217,0.9137181874612044,0.6024258760107817,0.8715216104203671,0.8715216104203671,0.7723571907523523,0.8089801744716489,0.5545664301528594,0.5471709324393834,0.142691432010178,0.4519997382294056,0.8330503678551217,0.7627986348122867,447,295,139,1472,0.0862818125387957,0.3975741239892183,0.4292342719592878,0.7726740937865552,0.7391793735262168,MASTER_ONLY_CV,,2353
0.3499999999999999,0.8478143022783056,0.9040847361024198,0.8168295792605185,0.7604570832935964,0.8348467650397275,0.9130974549968964,0.6078167115902965,0.8722205751556478,0.8722205751556478,0.7744448712237353,0.8105549803256613,0.5581092222178629,0.5511658526978255,0.142691432010178,0.4519997382294056,0.8348467650397275,0.7631133671742809,451,291,140,1471,0.0869025450031036,0.3921832884097035,0.4292342719592878,0.7742351619183572,0.7405849844517994,MASTER_ONLY_CV,,2353
0.3549999999999999,0.8478143022783056,0.9040847361024198,0.8164045898852529,0.7612371817072987,0.8358974358974359,0.9106145251396648,0.6118598382749326,0.8716577540106952,0.8716577540106952,0.7746348471546014,0.8104669364269964,0.5576035832609524,0.5513323693451766,0.142691432010178,0.4519997382294056,0.8358974358974359,0.7591973244147158,454,288,144,1467,0.0893854748603352,0.3881401617250674,0.4292342719592878,0.7742662489986686,0.740295933254203,MASTER_ONLY_CV,,2353
0.3599999999999999,0.8478143022783056,0.9040847361024198,0.8155546111347216,0.7620704021041325,0.8372492836676217,0.9068901303538176,0.6172506738544474,0.8706793802145412,0.8706793802145412,0.7745989493665298,0.8100829673890211,0.5563501228493967,0.5509774970342236,0.142691432010178,0.4519997382294056,0.8372492836676217,0.7532894736842105,458,284,150,1461,0.0931098696461825,0.3827493261455525,0.4292342719592878,0.7740851616265418,0.7396478413651706,MASTER_ONLY_CV,,2353
0.3649999999999999,0.8478143022783056,0.9040847361024198,0.8138546536336592,0.7608289371755167,0.8368753589890867,0.904407200496586,0.6172506738544474,0.8693317422434368,0.8693317422434368,0.772922887369872,0.8085281975632964,0.552535763667488,0.5475305937340029,0.142691432010178,0.4519997382294056,0.8368753589890867,0.7483660130718954,458,284,154,1457,0.095592799503414,0.3827493261455525,0.4292342719592878,0.7726996170372428,0.7380128277649823,MASTER_ONLY_CV,,2353
0.3699999999999999,0.8478143022783056,0.9040847361024198,0.8147046323841904,0.7625401342856808,0.8382268278641336,0.903786468032278,0.6212938005390836,0.8697729988052568,0.8697729988052568,0.7743563079446019,0.8095951963245038,0.5549899978579653,0.550282961384867,0.142691432010178,0.4519997382294056,0.8382268278641336,0.7483766233766234,461,281,155,1456,0.0962135319677219,0.3787061994609164,0.4292342719592878,0.7737852529028473,0.738967817241674,MASTER_ONLY_CV,,2353
0.3749999999999999,0.8478143022783056,0.9040847361024198,0.8147046323841904,0.7625401342856808,0.8382268278641336,0.903786468032278,0.6212938005390836,0.8697729988052568,0.8697729988052568,0.7743563079446019,0.8095951963245038,0.5549899978579653,0.550282961384867,0.142691432010178,0.4519997382294056,0.8382268278641336,0.7483766233766234,461,281,155,1456,0.0962135319677219,0.3787061994609164,0.4292342719592878,0.7737852529028473,0.738967817241674,MASTER_ONLY_CV,,2353
0.3799999999999999,0.8478143022783056,0.9040847361024198,0.8142796430089247,0.7629567444840977,0.8389145496535797,0.9019242706393544,0.623989218328841,0.8692790906371523,0.8692790906371523,0.774331401518136,0.8093970801600506,0.5544268942289795,0.5501083972304561,0.142691432010178,0.4519997382294056,0.8389145496535797,0.7455716586151369,463,279,158,1453,0.0980757293606455,0.376010781671159,0.4292342719592878,0.773704909644769,0.7386554529826518,MASTER_ONLY_CV,,2353
0.3849999999999999,0.8478143022783056,0.9040847361024198,0.815129621759456,0.7650314298095473,0.8406720741599073,0.9006828057107387,0.6293800539083558,0.8696433922685046,0.8696433922685046,0.7759466048267285,0.8105503057561393,0.5570868818842813,0.5531866968105749,0.142691432010178,0.4519997382294056,0.8406720741599073,0.74481658692185,467,275,160,1451,0.0993171942892613,0.3706199460916442,0.4292342719592878,0.7749227098992332,0.7396584483357985,MASTER_ONLY_CV,,2353
0.3899999999999999,0.8478143022783056,0.9040847361024198,0.8142796430089247,0.7658646502063811,0.8420745920745921,0.8969584109248914,0.6347708894878706,0.8686504358280733,0.8686504358280733,0.775877067080099,0.8101397349262485,0.5560475829273464,0.5528287059807896,0.142691432010178,0.4519997382294056,0.8420745920745921,0.7394034536891679,471,271,166,1445,0.1030415890751086,0.3652291105121293,0.4292342719592878,0.7747741163963977,0.7390481427439067,MASTER_ONLY_CV,,2353
0.3949999999999999,0.8478143022783056,0.9040847361024198,0.8134296642583936,0.7652439177420731,0.8418903150525088,0.8957169459962756,0.6347708894878706,0.8679699248120301,0.8679699248120301,0.7750421673299832,0.8093618533698891,0.5542035643390317,0.5511214283572563,0.142691432010178,0.4519997382294056,0.8418903150525088,0.7370892018779343,471,271,168,1443,0.1042830540037244,0.3652291105121293,0.4292342719592878,0.7740932767069018,0.7382437378315726,MASTER_ONLY_CV,,2353
0.3999999999999999,0.8478143022783056,0.9040847361024198,0.8142796430089247,0.7669551148522373,0.8432748538011696,0.8950962135319678,0.6388140161725068,0.8684131285757302,0.8684131285757302,0.7764448314358795,0.8104101736434997,0.556691285918494,0.5538403596487689,0.142691432010178,0.4519997382294056,0.8432748538011696,0.7371695178849145,474,268,169,1442,0.1049037864680322,0.3611859838274933,0.4292342719592878,0.7751794041381335,0.739200811315736,MASTER_ONLY_CV,,2353
0.4049999999999999,0.8478143022783056,0.9040847361024198,0.8138546536336592,0.7673717250506541,0.8439882697947214,0.8932340161390441,0.6415094339622641,0.867913148371532,0.867913148371532,0.7764026173512336,0.8101988993132563,0.5562185927974763,0.5536608752216291,0.142691432010178,0.4519997382294056,0.8439882697947214,0.7345679012345679,476,266,172,1439,0.1067659838609559,0.3584905660377358,0.4292342719592878,0.775112219393017,0.7389039330095805,MASTER_ONLY_CV,,2353
0.4099999999999999,0.8478143022783056,0.9040847361024198,0.8147046323841904,0.7701733868066745,0.8466076696165191,0.8907510862818125,0.6495956873315364,0.868118572292801,0.868118572292801,0.7783450004321149,0.8114997959896738,0.5594026088494762,0.5573647986303829,0.142691432010178,0.4519997382294056,0.8466076696165191,0.7325227963525835,482,260,176,1435,0.1092489137181874,0.3504043126684636,0.4292342719592878,0.7766080528640914,0.740019986554732,MASTER_ONLY_CV,,2353
0.4149999999999999,0.8478143022783056,0.9040847361024198,0.8125796855078623,0.7689850438611902,0.8465639810426541,0.8870266914959652,0.6509433962264151,0.8663231282206729,0.8663231282206729,0.7764451461998887,0.8096385020758179,0.5551505925413857,0.5534606730065397,0.142691432010178,0.4519997382294056,0.8465639810426541,0.7263157894736842,483,259,182,1429,0.1129733085040347,0.3490566037735849,0.4292342719592878,0.7750665380684842,0.7380882773513061,MASTER_ONLY_CV,,2353
0.4199999999999999,0.8478143022783056,0.9040847361024198,0.8125796855078623,0.7700755085070463,0.8478002378121284,0.8851644941030415,0.6549865229110512,0.8660795627087762,0.8660795627087762,0.7769888259403753,0.8098914397320203,0.5558923086531111,0.5544603428473288,0.142691432010178,0.4519997382294056,0.8478002378121284,0.7242921013412816,486,256,185,1426,0.1148355058969584,0.3450134770889488,0.4292342719592878,0.7754851329411708,0.7382569358549567,MASTER_ONLY_CV,,2353
0.4249999999999999,0.8478143022783056,0.9040847361024198,0.8138546536336592,0.7739145129257915,0.8514080287597364,0.8820608317815022,0.6657681940700808,0.8664634146341463,0.8664634146341463,0.7796552697294155,0.8117148863559395,0.5605812176611392,0.5596272649661029,0.142691432010178,0.4519997382294056,0.8514080287597364,0.7222222222222222,494,248,190,1421,0.1179391682184978,0.3342318059299191,0.4292342719592878,0.7776063110122805,0.7398969357604366,MASTER_ONLY_CV,,2353
0.4299999999999999,0.8478143022783056,0.9040847361024198,0.8142796430089247,0.775678832019087,0.8531889290012034,0.8801986343885785,0.6711590296495957,0.8664833486098381,0.8664833486098381,0.7807643539978709,0.8124217302485294,0.562507872864501,0.5617717316490546,0.142691432010178,0.4519997382294056,0.8531889290012034,0.7206946454413893,498,244,193,1418,0.1198013656114214,0.3288409703504043,0.4292342719592878,0.7785016928038815,0.7405221636510978,MASTER_ONLY_CV,,2353
0.4349999999999999,0.8478143022783056,0.9040847361024198,0.8142796430089247,0.7760423202343725,0.8536144578313253,0.8795779019242707,0.6725067385444744,0.8664017120146744,0.8664017120146744,0.7809360476449678,0.8124998650428749,0.5627749088905755,0.5620960903999458,0.142691432010178,0.4519997382294056,0.8536144578313253,0.7200577200577201,499,243,194,1417,0.1204220980757293,0.3274932614555256,0.4292342719592878,0.7786430720181486,0.740580912676788,MASTER_ONLY_CV,,2353
0.4399999999999999,0.8478143022783056,0.9040847361024198,0.8138546536336592,0.7771859068633602,0.8552392489400363,0.8764742396027312,0.6778975741239892,0.8657265481299816,0.8657265481299816,0.7812012242034949,0.8124177590492736,0.5630004878968515,0.562551040678041,0.142691432010178,0.4519997382294056,0.8552392489400363,0.7165242165242165,503,239,199,1412,0.1235257603972687,0.3221024258760108,0.4292342719592878,0.7788817223179085,0.740428972939389,MASTER_ONLY_CV,,2353
0.4449999999999999,0.8478143022783056,0.9040847361024198,0.8121546961325967,0.7763079301500299,0.8553191489361702,0.8733705772811918,0.6792452830188679,0.8642506142506142,0.8642506142506142,0.7797115140218589,0.8109331366732777,0.5598523274846242,0.5595308782311201,0.142691432010178,0.4519997382294056,0.8553191489361702,0.711864406779661,504,238,204,1407,0.1266294227188082,0.320754716981132,0.4292342719592878,0.7777120447069524,0.7389347396388013,MASTER_ONLY_CV,,2353
0.4499999999999999,0.8478143022783056,0.9040847361024198,0.811729706757331,0.7770880285637322,0.8565323565323565,0.8708876474239603,0.683288409703504,0.8636503539550631,0.8636503539550631,0.7798004686727957,0.8107675533775516,0.5598704056856925,0.5596687479749803,0.142691432010178,0.4519997382294056,0.8565323565323565,0.7090909090909091,507,235,208,1403,0.1291123525760397,0.316711590296496,0.4292342719592878,0.7778192170453124,0.738735278680811,MASTER_ONLY_CV,,2353
0.4549999999999999,0.8478143022783056,0.9040847361024198,0.811729706757331,0.7789054696401592,0.8587223587223587,0.8677839851024208,0.6900269541778976,0.8632293917875887,0.8632293917875887,0.7806262841691863,0.8111329142246014,0.5613588144060507,0.5612792519711054,0.142691432010178,0.4519997382294056,0.8587223587223587,0.7062068965517241,512,230,213,1398,0.1322160148975791,0.3099730458221024,0.4292342719592878,0.7785478167698082,0.739054771616396,MASTER_ONLY_CV,,2353
0.4599999999999999,0.8478143022783056,0.9040847361024198,0.8125796855078623,0.7809801549656088,0.8606658446362515,0.8665425201738051,0.6954177897574124,0.8635941849675224,0.8635941849675224,0.7821025914654313,0.8121987218323319,0.5642495907854821,0.5642162554883849,0.142691432010178,0.4519997382294056,0.8606658446362515,0.7058823529411765,516,226,215,1396,0.1334574798261949,0.3045822102425876,0.4292342719592878,0.7797821577123933,0.7400830903125164,MASTER_ONLY_CV,,2353
0.4649999999999999,0.8478143022783056,0.9040847361024198,0.8121546961325967,0.7806697887334548,0.8605798889574336,0.8659217877094972,0.6954177897574124,0.8632425742574258,0.8632425742574258,0.781689129733869,0.8118081026582085,0.5634149132303576,0.5633874243608614,0.142691432010178,0.4519997382294056,0.8605798889574336,0.7049180327868853,516,226,216,1395,0.1340782122905028,0.3045822102425876,0.4292342719592878,0.7794581754465004,0.7396989524256802,MASTER_ONLY_CV,,2353
0.4699999999999999,0.8478143022783056,0.9040847361024198,0.8125796855078623,0.7824341078267504,0.862453531598513,0.8640595903165735,0.7008086253369272,0.8632558139534884,0.8632558139534884,0.7827420190631722,0.8124770329856902,0.5654873273074673,0.5654848568977149,0.142691432010178,0.4519997382294056,0.862453531598513,0.7036535859269283,520,222,219,1392,0.1359404096834264,0.2991913746630728,0.4292342719592878,0.7803696787463288,0.7403449028502183,MASTER_ONLY_CV,,2353
0.4749999999999999,0.8478143022783056,0.9040847361024198,0.8104547386315342,0.7812457648812661,0.8624766645924082,0.8603351955307262,0.7021563342318059,0.8614045991298943,0.8614045991298943,0.7808367081670977,0.8105917006221213,0.5616792210951833,0.5616748809623255,0.142691432010178,0.4519997382294056,0.8624766645924082,0.6983914209115282,521,221,225,1386,0.1396648044692737,0.297843665768194,0.4292342719592878,0.778907085568474,0.7385011571663762,MASTER_ONLY_CV,,2353
0.4799999999999999,0.8478143022783056,0.9040847361024198,0.8083297917552061,0.7800574219357819,0.8625,0.8566108007448789,0.7035040431266847,0.8595453129866085,0.8595453129866085,0.7789365360919664,0.8087066283662733,0.5579166543180774,0.5578842161528453,0.142691432010178,0.4519997382294056,0.8625,0.6932270916334662,522,220,231,1380,0.143389199255121,0.2964959568733153,0.4292342719592878,0.7774536144767213,0.7366672901927114,MASTER_ONLY_CV,,2353
0.4849999999999999,0.8478143022783056,0.9040847361024198,0.8070548236294093,0.7794898114546054,0.8626959247648903,0.8541278708876474,0.7048517520215634,0.8583905177791641,0.8583905177791641,0.7778619255562487,0.8076024043670067,0.555815626629749,0.5557475002370429,0.142691432010178,0.4519997382294056,0.8626959247648903,0.6899736147757256,523,219,235,1376,0.1458721291123526,0.2951482479784366,0.4292342719592878,0.7766464558866213,0.735599931499868,MASTER_ONLY_CV,,2353
0.4899999999999999,0.8478143022783056,0.9040847361024198,0.8074798130046749,0.781254130547901,0.8646095717884131,0.8522656734947238,0.7102425876010782,0.8583932478899656,0.8583932478899656,0.7788980174419968,0.8082568594561426,0.5579851759991409,0.5578445529140572,0.142691432010178,0.4519997382294056,0.8646095717884131,0.6888888888888889,527,215,238,1373,0.1477343265052762,0.2897574123989218,0.4292342719592878,0.7775724199992207,0.7362627893663293,MASTER_ONLY_CV,,2353
0.4949999999999999,0.8478143022783056,0.9040847361024198,0.806204844878878,0.78105000828201,0.8652751423149905,0.8491620111731844,0.7129380053908356,0.8571428571428571,0.8571428571428571,0.7779769767880732,0.807214184619908,0.5562739668539046,0.5560366336559922,0.142691432010178,0.4519997382294056,0.8652751423149905,0.6852331606217616,529,213,243,1368,0.1508379888268156,0.2870619946091644,0.4292342719592878,0.7769254791986964,0.7352760176377842,MASTER_ONLY_CV,,2353
0.4999999999999999,0.8478143022783056,0.9040847361024198,0.806204844878878,0.7817769847125808,0.8662016487000634,0.8479205462445686,0.715633423180593,0.8569636135508155,0.8569636135508155,0.7782841783169097,0.8073417342957726,0.5569786249462992,0.5566742553516757,0.142691432010178,0.4519997382294056,0.8662016487000634,0.6842783505154639,531,211,245,1366,0.1520794537554314,0.284366576819407,0.4292342719592878,0.7772324296767102,0.7354222050324105,MASTER_ONLY_CV,,2353
0.5049999999999999,0.8478143022783056,0.9040847361024198,0.8023799405014874,0.7789836886231953,0.8654336734693877,0.8423339540657977,0.715633423180593,0.8537275872916011,0.8537275872916011,0.774604461622225,0.803825879474621,0.5498581581986896,0.5493805627548556,0.142691432010178,0.4519997382294056,0.8654336734693877,0.6764331210191082,531,211,254,1357,0.1576660459342023,0.284366576819407,0.4292342719592878,0.774394541908494,0.7320495061339931,MASTER_ONLY_CV,,2353
0.5099999999999999,0.8478143022783056,0.9040847361024198,0.7981300467488313,0.7758800263016559,0.8645699614890886,0.8361266294227188,0.715633423180593,0.8501104449353108,0.8501104449353108,0.7705334267617348,0.7999224742725031,0.5420416844653576,0.5413313711818994,0.142691432010178,0.4519997382294056,0.8645699614890886,0.6679245283018868,531,211,264,1347,0.1638733705772811,0.284366576819407,0.4292342719592878,0.7712616184187133,0.7283237249974834,MASTER_ONLY_CV,,2353
0.5149999999999999,0.8478143022783056,0.9040847361024198,0.7943051423714407,0.7734502184275558,0.8642533936651584,0.8299193047796399,0.7169811320754716,0.8467384420519316,0.8467384420519316,0.7670384716719607,0.7964729273711509,0.5354825407790025,0.5344669996811563,0.142691432010178,0.4519997382294056,0.8642533936651584,0.6600496277915633,532,210,274,1337,0.17008069522036,0.2830188679245283,0.4292342719592878,0.768620433763503,0.7250705927254645,MASTER_ONLY_CV,,2353
0.5199999999999999,0.8478143022783056,0.9040847361024198,0.7930301742456438,0.7728826079463794,0.8644617380025941,0.8274363749224084,0.7183288409703504,0.8455439264192832,0.8455439264192832,0.765978659925675,0.7953633673557412,0.5335842004415148,0.5324119582892131,0.142691432010178,0.4519997382294056,0.8644617380025941,0.657213316892725,533,209,278,1333,0.1725636250775915,0.2816711590296496,0.4292342719592878,0.7678524226786521,0.7240459913212042,MASTER_ONLY_CV,,2353
0.5249999999999999,0.8478143022783056,0.9040847361024198,0.7913302167445814,0.7723681194483345,0.8650586701434159,0.8237119801365611,0.7210242587601078,0.843879173290938,0.843879173290938,0.7646686065045336,0.7939223177401415,0.5313508260641061,0.5299049452787372,0.142691432010178,0.4519997382294056,0.8650586701434159,0.6532356532356532,535,207,284,1327,0.1762880198634388,0.2789757412398921,0.4292342719592878,0.7669421526439485,0.7227412515150651,MASTER_ONLY_CV,,2353
0.5299999999999999,0.8478143022783056,0.9040847361024198,0.7904802379940501,0.7724743634145974,0.8658376963350786,0.8212290502793296,0.7237196765498652,0.8429436126154827,0.8429436126154827,0.7641648503409257,0.793259089362001,0.5306604411502585,0.5289893704491258,0.142691432010178,0.4519997382294056,0.8658376963350786,0.6509090909090909,537,205,288,1323,0.1787709497206704,0.2762803234501347,0.4292342719592878,0.7666533886076202,0.7221764204224222,MASTER_ONLY_CV,,2353
0.5349999999999999,0.8478143022783056,0.9040847361024198,0.7892052698682533,0.7726337293639918,0.8670177748518763,0.8175046554934823,0.7277628032345014,0.8415335463258786,0.8415335463258786,0.7634063670715687,0.7922599662096884,0.5296602614838848,0.5276232539163435,0.142691432010178,0.4519997382294056,0.8670177748518763,0.6474820143884892,540,202,294,1317,0.1824953445065177,0.2722371967654987,0.4292342719592878,0.7662261013156094,0.7213358259707457,MASTER_ONLY_CV,,2353
0.5399999999999999,0.8478143022783056,0.9040847361024198,0.7875053123671908,0.7721192408659469,0.8676373262739907,0.813780260707635,0.7304582210242587,0.8398462524023063,0.8398462524023063,0.7620948433728703,0.7908096646421351,0.5275342864483487,0.5251499016799966,0.142691432010178,0.4519997382294056,0.8676373262739907,0.6437054631828979,542,200,300,1311,0.186219739292365,0.2695417789757412,0.4292342719592878,0.7653348985124826,0.7200523454913477,MASTER_ONLY_CV,,2353
0.5449999999999999,0.8478143022783056,0.9040847361024198,0.7853803654908628,0.7716578743510334,0.8686666666666667,0.8088144009931719,0.7345013477088949,0.8376727740276438,0.8376727740276438,0.760529176982474,0.7890195237025134,0.525148188272039,0.5222446438400391,0.142691432010178,0.4519997382294056,0.8686666666666667,0.6389214536928488,545,197,308,1303,0.191185599006828,0.2654986522911051,0.4292342719592878,0.7643142185383179,0.7185031236373741,MASTER_ONLY_CV,,2353
0.5499999999999999,0.8478143022783056,0.9040847361024198,0.7853803654908628,0.7734753154274605,0.8711409395973154,0.8057107386716326,0.7412398921832885,0.837149306675266,0.837149306675266,0.7612537810634896,0.7892831953247025,0.5273504468809697,0.5239080674377261,0.142691432010178,0.4519997382294056,0.8711409395973154,0.6373117033603708,550,192,313,1298,0.1942892613283674,0.2587601078167116,0.4292342719592878,0.7651530931879891,0.7189502048383671,MASTER_ONLY_CV,,2353
0.5549999999999999,0.8478143022783056,0.9040847361024198,0.7824054398640033,0.7716662400176684,0.8710330857528696,0.8007448789571695,0.7425876010781671,0.8344113842173351,0.8344113842173351,0.7585935483664124,0.7865942705739991,0.5227326399800023,0.5188165965968685,0.142691432010178,0.4519997382294056,0.8710330857528696,0.6318807339449541,551,191,321,1290,0.1992551210428305,0.2574123989218329,0.4292342719592878,0.7632102335734123,0.7165209145144842,MASTER_ONLY_CV,,2353
0.5599999999999999,0.8478143022783056,0.9040847361024198,0.7815554611134722,0.7714089957686459,0.8713608666215301,0.7988826815642458,0.7439353099730458,0.8335492227979274,0.8335492227979274,0.757936539705515,0.7858614957647186,0.5217490366870576,0.5176067039730055,0.142691432010178,0.4519997382294056,0.8713608666215301,0.6301369863013698,552,190,324,1287,0.2011173184357542,0.2560646900269542,0.4292342719592878,0.7627786969062385,0.7158948640980176,MASTER_ONLY_CV,,2353
0.565,0.8478143022783056,0.9040847361024198,0.7802804929876753,0.7708413852874694,0.8716032608695652,0.7963997517070143,0.7452830188679245,0.8323061952643529,0.8323061952643529,0.7568801463074691,0.784736175437742,0.520059322347231,0.5156306054313831,0.142691432010178,0.4519997382294056,0.8716032608695652,0.6276958002270148,553,189,328,1283,0.2036002482929857,0.2547169811320754,0.4292342719592878,0.7620488538036498,0.7149125006455254,MASTER_ONLY_CV,,2353
0.57,0.8478143022783056,0.9040847361024198,0.7756056098597535,0.7677908449490615,0.8711446196024675,0.7889509621353197,0.7466307277628033,0.8280130293159609,0.8280130293159609,0.7526373215039461,0.7804747588556846,0.5127185598796399,0.50753999901697,0.142691432010178,0.4519997382294056,0.8711446196024675,0.6196868008948546,554,188,340,1271,0.2110490378646803,0.2533692722371967,0.4292342719592878,0.7589337268307637,0.711080497928043,MASTER_ONLY_CV,,2353
0.575,0.8478143022783056,0.9040847361024198,0.7756056098597535,0.7696082860254885,0.8737060041407867,0.7858472998137802,0.7533692722371967,0.8274509803921568,0.8274509803921568,0.7533366688109022,0.7807082526460533,0.5151035536283939,0.5092304884610006,0.142691432010178,0.4519997382294056,0.8737060041407867,0.6183628318584071,559,183,345,1266,0.2141527001862197,0.2466307277628032,0.4292342719592878,0.7598009475862724,0.7115603376408915,MASTER_ONLY_CV,,2353
0.58,0.8478143022783056,0.9040847361024198,0.7743306417339566,0.7697676519748828,0.875,0.7821229050279329,0.7574123989218329,0.8259587020648967,0.8259587020648967,0.7525563903073729,0.7796650213814436,0.5144615899692325,0.5079621615682605,0.142691432010178,0.4519997382294056,0.875,0.615553121577218,562,180,351,1260,0.217877094972067,0.2425876010781671,0.4292342719592878,0.7594342160334088,0.7107881171055318,MASTER_ONLY_CV,,2353
0.585,0.8478143022783056,0.9040847361024198,0.773905652358691,0.7705477503885851,0.8764829030006979,0.7796399751707014,0.761455525606469,0.8252299605781866,0.8252299605781866,0.7525668455117167,0.7794024795927886,0.5152365182086935,0.5082136209311992,0.142691432010178,0.4519997382294056,0.8764829030006979,0.6141304347826086,565,177,355,1256,0.2203600248292985,0.238544474393531,0.4292342719592878,0.7596634914782929,0.7107282512382312,MASTER_ONLY_CV,,2353
0.59,0.8478143022783056,0.9040847361024198,0.7722056948576286,0.7693062854599695,0.8761371588523443,0.7771570453134699,0.761455525606469,0.8236842105263158,0.8236842105263158,0.7509777595248626,0.7778293982500061,0.512476680484657,0.5051916879635856,0.142691432010178,0.4519997382294056,0.8761371588523443,0.6114718614718615,565,177,359,1252,0.2228429546865301,0.238544474393531,0.4292342719592878,0.7584834164331756,0.7093171883310879,MASTER_ONLY_CV,,2353
0.595,0.8478143022783056,0.9040847361024198,0.7696557586060349,0.7681710644976166,0.8766737138830162,0.7721911855990068,0.7641509433962265,0.8211221122112211,0.8211221122112211,0.7488665453657537,0.7755516654629535,0.5093625353849185,0.5013528455894888,0.142691432010178,0.4519997382294056,0.8766737138830162,0.607066381156317,567,175,367,1244,0.2278088144009931,0.2358490566037736,0.4292342719592878,0.7570717643470398,0.707405754037634,MASTER_ONLY_CV,,2353
0.6,0.8478143022783056,0.9040847361024198,0.7671058223544411,0.7666723553199783,0.8766832034018427,0.7678460583488517,0.7654986522911051,0.8186631369953673,0.8186631369953673,0.7466237300178737,0.7732290188676152,0.5057882744293732,0.497199480293419,0.142691432010178,0.4519997382294056,0.8766832034018427,0.6029723991507431,568,174,374,1237,0.2321539416511483,0.2345013477088948,0.4292342719592878,0.7554911953197839,0.7054029686212919,MASTER_ONLY_CV,,2353
0.605,0.8478143022783056,0.9040847361024198,0.7637059073523161,0.7649164018933177,0.8770550393137956,0.7616387337057728,0.7681940700808625,0.815282392026578,0.815282392026578,0.7437261016736664,0.7701529679365988,0.501424467219384,0.4919252863742702,0.142691432010178,0.4519997382294056,0.8770550393137956,0.5974842767295597,570,172,384,1227,0.2383612662942272,0.2318059299191374,0.4292342719592878,0.7535144151119068,0.7028132735458691,MASTER_ONLY_CV,,2353
0.61,0.8478143022783056,0.9040847361024198,0.7615809604759881,0.7640915471631188,0.8776978417266187,0.7572936064556176,0.77088948787062,0.8130623125624792,0.8130623125624792,0.7420150272489816,0.7682539099253223,0.499130002245945,0.4889086265033744,0.142691432010178,0.4519997382294056,0.8776978417266187,0.5939771547248183,572,170,391,1220,0.2427063935443823,0.22911051212938,0.4292342719592878,0.7524216477949907,0.7012809793539154,MASTER_ONLY_CV,,2353
0.615,0.8478143022783056,0.9040847361024198,0.7603059923501913,0.7638874248972278,0.8785249457700651,0.7541899441340782,0.7735849056603774,0.811623246492986,0.811623246492986,0.7410919970782688,0.7671402995607971,0.4981973997426623,0.4873828440052286,0.142691432010178,0.4519997382294056,0.8785249457700651,0.5917525773195876,574,168,396,1215,0.2458100558659217,0.2264150943396226,0.4292342719592878,0.751914498076996,0.7004496305262428,MASTER_ONLY_CV,,2353
0.62,0.8478143022783056,0.9040847361024198,0.75945601359966,0.7643571570787762,0.88,0.7510862818125388,0.7776280323450134,0.8104487608841259,0.8104487608841259,0.7406894967211327,0.7664526928782261,0.4984826130371909,0.4869427939200433,0.142691432010178,0.4519997382294056,0.88,0.5899795501022495,577,165,401,1210,0.2489137181874612,0.2223719676549865,0.4292342719592878,0.7518819756364366,0.7000746952196568,MASTER_ONLY_CV,,2353
0.625,0.8478143022783056,0.9040847361024198,0.7581810454738631,0.7637895465975997,0.8802919708029197,0.7486033519553073,0.7789757412398922,0.8091244548809124,0.8091244548809124,0.7396346912085722,0.7652983565852249,0.4970502052052864,0.4850853007496097,0.142691432010178,0.4519997382294056,0.8802919708029197,0.5879959308240081,578,164,405,1206,0.2513966480446927,0.2210242587601078,0.4292342719592878,0.7511987335246613,0.6991440312515719,MASTER_ONLY_CV,,2353
0.63,0.8478143022783056,0.9040847361024198,0.7564810879728007,0.762548081668984,0.8799414348462665,0.7461204220980757,0.7789757412398922,0.8075243533758818,0.8075243533758818,0.7380594583536436,0.7637139393457069,0.4944298039867423,0.4821577882255882,0.142691432010178,0.4519997382294056,0.8799414348462665,0.585612968591692,578,164,409,1202,0.2538795779019243,0.2210242587601078,0.4292342719592878,0.7500462506142793,0.6977629336153159,MASTER_ONLY_CV,,2353
0.635,0.8478143022783056,0.9040847361024198,0.7552061198470038,0.762343959403093,0.8807947019867549,0.7430167597765364,0.7816711590296496,0.806060606060606,0.806060606060606,0.7371316855187823,0.7625882226844621,0.4935689908748501,0.4806599348893671,0.142691432010178,0.4519997382294056,0.8807947019867549,0.5835010060362174,580,162,414,1197,0.2569832402234637,0.2183288409703504,0.4292342719592878,0.749551169307188,0.6969452312662993,MASTER_ONLY_CV,,2353
0.6399999999999999,0.8478143022783056,0.9040847361024198,0.7543561410964726,0.7624502033693559,0.8817442719881744,0.7405338299193048,0.784366576819407,0.8049932523616734,0.8049932523616734,0.7365953632646485,0.7618557821449352,0.4933756753117654,0.4798957981984958,0.142691432010178,0.4519997382294056,0.8817442719881744,0.582,582,160,418,1193,0.2594661700806952,0.215633423180593,0.4292342719592878,0.7493460158577028,0.69647492913023,MASTER_ONLY_CV,,2353
0.6449999999999999,0.8478143022783056,0.9040847361024198,0.7535061623459414,0.7632834237661896,0.8838421444527178,0.7368094351334574,0.7897574123989218,0.8036560595802302,0.8036560595802302,0.7363029156348639,0.7611774936580358,0.4943158569376505,0.4798247914328926,0.142691432010178,0.4519997382294056,0.8838421444527178,0.5801980198019802,586,156,424,1187,0.2631905648665425,0.2102425876010781,0.4292342719592878,0.749513605080807,0.696227083172429,MASTER_ONLY_CV,,2353
0.6499999999999999,0.8478143022783056,0.9040847361024198,0.7530811729706758,0.7637000339646065,0.8849028400597907,0.7349472377405338,0.7924528301886793,0.8029840623940319,0.8029840623940319,0.7361533857786893,0.7608350083790857,0.4947990149982504,0.4797894641511042,0.142691432010178,0.4519997382294056,0.8849028400597907,0.5793103448275863,588,154,427,1184,0.2650527622594661,0.2075471698113207,0.4292342719592878,0.7495991567095067,0.6961052777368676,MASTER_ONLY_CV,,2353
0.6549999999999999,0.8478143022783056,0.9040847361024198,0.7522311942201445,0.7641697661461548,0.8864661654135338,0.7318435754189944,0.7964959568733153,0.8017681060863652,0.8017681060863652,0.7357282456777434,0.760117807384115,0.4952211597725907,0.4793759793966632,0.142691432010178,0.4519997382294056,0.8864661654135338,0.5777126099706745,591,151,432,1179,0.2681564245810056,0.2035040431266846,0.4292342719592878,0.7495872067814277,0.6957543327646726,MASTER_ONLY_CV,,2353
0.6599999999999999,0.8478143022783056,0.9040847361024198,0.7509562260943476,0.7639656438802639,0.8873771730914588,0.728739913097455,0.7991913746630728,0.8002726653033402,0.8002726653033402,0.7347864455184873,0.7589715390131907,0.4944570683158242,0.4779022762624403,0.142691432010178,0.4519997382294056,0.8873771730914588,0.5757281553398058,593,149,437,1174,0.271260086902545,0.2008086253369272,0.4292342719592878,0.7491070104538681,0.6949538706480217,MASTER_ONLY_CV,,2353
0.6649999999999999,0.8478143022783056,0.9040847361024198,0.7479813004674883,0.7621565684704716,0.8873668188736682,0.7237740533829919,0.8005390835579514,0.7972649572649573,0.7972649572649573,0.7321529727369143,0.7561998552506709,0.490608429411169,0.4732255946711304,0.142691432010178,0.4519997382294056,0.8873668188736682,0.5717035611164581,594,148,445,1166,0.276225946617008,0.1994609164420485,0.4292342719592878,0.7473074178634184,0.6926824279107269,MASTER_ONLY_CV,,2353
0.6699999999999999,0.8478143022783056,0.9040847361024198,0.7454313642158946,0.7606578592928335,0.8874425727411945,0.7194289261328367,0.8018867924528302,0.7946520397668838,0.7946520397668838,0.7299140578935034,0.7538228153299537,0.4874225455080693,0.4692885563465798,0.142691432010178,0.4519997382294056,0.8874425727411945,0.5682903533906399,595,147,452,1159,0.2805710738671632,0.1981132075471698,0.4292342719592878,0.7457974587964072,0.6907579029805443,MASTER_ONLY_CV,,2353
0.6749999999999999,0.8478143022783056,0.9040847361024198,0.7441563960900978,0.7608172252422278,0.8889745566692367,0.7157045313469894,0.8059299191374663,0.7929848693259972,0.7929848693259972,0.7290842032948117,0.752683726788692,0.4873197824282197,0.4681966819217672,0.142691432010178,0.4519997382294056,0.8889745566692367,0.5662878787878788,598,144,458,1153,0.2842954686530105,0.1940700808625337,0.4292342719592878,0.7455188596506905,0.6900860861467725,MASTER_ONLY_CV,,2353
0.6799999999999999,0.8478143022783056,0.9040847361024198,0.741606459838504,0.7600454924951605,0.890272373540856,0.7101179391682185,0.8099730458221024,0.7900552486187845,0.7900552486187845,0.7270718232044199,0.7503325952762783,0.4853911555392166,0.4649908863739885,0.142691432010178,0.4519997382294056,0.890272373540856,0.5627340823970037,601,141,467,1144,0.2898820608317815,0.1900269541778975,0.4292342719592878,0.7444007988479524,0.6884061683791839,MASTER_ONLY_CV,,2353
0.6849999999999999,0.8478143022783056,0.9040847361024198,0.738206544836379,0.7586530272837851,0.8914240755310779,0.7032898820608318,0.8140161725067385,0.7862595419847328,0.7862595419847328,0.7242701218695593,0.7471637921118397,0.482292911163828,0.4604062863899122,0.142691432010178,0.4519997382294056,0.8914240755310779,0.5582255083179297,604,138,478,1133,0.2967101179391682,0.1859838274932614,0.4292342719592878,0.742731494685082,0.6860635626954941,MASTER_ONLY_CV,,2353
0.69,0.8478143022783056,0.9040847361024198,0.7339566510837229,0.7555493649622458,0.8905630452022204,0.6970825574177529,0.8140161725067385,0.782033426183844,0.782033426183844,0.7203515004419765,0.7431316081638987,0.4761959112554524,0.4534148906405272,0.142691432010178,0.4519997382294056,0.8905630452022204,0.5531135531135531,604,138,488,1123,0.302917442582247,0.1859838274932614,0.4292342719592878,0.7399355109017168,0.6827045383389119,MASTER_ONLY_CV,,2353
0.695,0.8478143022783056,0.9040847361024198,0.7335316617084573,0.7563294633759481,0.8923444976076556,0.6945996275605214,0.8180592991913747,0.7811518324607329,0.7811518324607329,0.7202880292124414,0.742765991398062,0.4774530064635227,0.453774717627863,0.142691432010178,0.4519997382294056,0.8923444976076556,0.5523202911737943,607,135,492,1119,0.3054003724394786,0.1819407008086253,0.4292342719592878,0.7402382696428524,0.6827300169002513,MASTER_ONLY_CV,,2353
0.7,0.8478143022783056,0.9040847361024198,0.7280067998300043,0.7522947023579468,0.8912167606768735,0.686530105524519,0.8180592991913747,0.7755960729312763,0.7755960729312763,0.7151982522153685,0.737504119704584,0.4696232238181069,0.4447717654762423,0.142691432010178,0.4519997382294056,0.8912167606768735,0.545863309352518,607,135,505,1106,0.313469894475481,0.1819407008086253,0.4292342719592878,0.736621625381444,0.6783832133126066,MASTER_ONLY_CV,,2353
0.705,0.8478143022783056,0.9040847361024198,0.7246068848278793,0.7509022371465714,0.8924205378973105,0.6797020484171322,0.8221024258760108,0.7716701902748414,0.7716701902748414,0.7123875576641874,0.7342815686028437,0.4667590804409975,0.4403417975202061,0.142691432010178,0.4519997382294056,0.8924205378973105,0.5417406749555951,610,132,516,1095,0.3202979515828678,0.1778975741239892,0.4292342719592878,0.7349928406193263,0.6760860788461246,MASTER_ONLY_CV,,2353
0.71,0.8478143022783056,0.9040847361024198,0.7212069698257544,0.7487827955046253,0.8923582580115037,0.6741154562383612,0.8234501347708895,0.768033946251768,0.768033946251768,0.709363086011933,0.7310311597681661,0.4626638924202586,0.4352338544734753,0.142691432010178,0.4519997382294056,0.8923582580115037,0.5378521126760564,611,131,525,1086,0.3258845437616387,0.1765498652291105,0.4292342719592878,0.7329791721969696,0.6735514933389336,MASTER_ONLY_CV,,2353
0.715,0.8478143022783056,0.9040847361024198,0.7203569910752231,0.7492525276861737,0.8941273779983457,0.6710117939168219,0.8274932614555256,0.7666666666666667,0.7666666666666667,0.7088900671615412,0.7302278763285425,0.4634395855111336,0.4349492821695275,0.142691432010178,0.4519997382294056,0.8941273779983457,0.5367132867132867,614,128,530,1081,0.3289882060831781,0.1725067385444744,0.4292342719592878,0.7330222427909665,0.6732640762176286,MASTER_ONLY_CV,,2353
0.72,0.8478143022783056,0.9040847361024198,0.7182320441988951,0.7480641847406895,0.8943427620632279,0.6672873991309746,0.8288409703504043,0.7643085673658017,0.7643085673658017,0.7070354247288596,0.7281872993363832,0.4611623978430308,0.4319167414684949,0.142691432010178,0.4519997382294056,0.8943427620632279,0.5343179843614249,615,127,536,1075,0.3327126008690254,0.1711590296495957,0.4292342719592878,0.7318443352744753,0.6717341145121319,MASTER_ONLY_CV,,2353
0.725,0.8478143022783056,0.9040847361024198,0.7173820654483638,0.7485339169222378,0.8961474036850922,0.6641837368094351,0.8328840970350404,0.7629233511586453,0.7629233511586453,0.7065537323915267,0.7273719213879679,0.461978220371649,0.4316418927484211,0.142691432010178,0.4519997382294056,0.8961474036850922,0.5332182916307161,618,124,541,1070,0.3358162631905648,0.1671159029649595,0.4292342719592878,0.7318930679396166,0.6714534222553343,MASTER_ONLY_CV,,2353
0.73,0.8478143022783056,0.9040847361024198,0.7156821079473014,0.7472924519936219,0.8957983193277311,0.6617008069522036,0.8328840970350404,0.7611567297393788,0.7611567297393788,0.704987813688587,0.7257318800073878,0.4596499754144165,0.4289441999177964,0.142691432010178,0.4519997382294056,0.8957983193277311,0.531384350816853,618,124,545,1066,0.3382991930477964,0.1671159029649595,0.4292342719592878,0.7307948497036285,0.6701321529941391,MASTER_ONLY_CV,,2353
0.735,0.8478143022783056,0.9040847361024198,0.712707182320442,0.7454833765838298,0.8958509737510584,0.6567349472377405,0.8342318059299192,0.7578796561604585,0.7578796561604585,0.7023463066591216,0.7228556482301636,0.4562606892053061,0.4246015582438682,0.142691432010178,0.4519997382294056,0.8958509737510584,0.5281569965870307,619,123,553,1058,0.3432650527622595,0.1657681940700808,0.4292342719592878,0.7290764944337563,0.6679513756587693,MASTER_ONLY_CV,,2353
0.74,0.8478143022783056,0.9040847361024198,0.7105822354441139,0.7453854982842019,0.8981164383561644,0.6511483550589696,0.839622641509434,0.7549478229578985,0.7549478229578985,0.7007743785261729,0.7207814857132402,0.4560873378682897,0.4227048327785765,0.142691432010178,0.4519997382294056,0.8981164383561644,0.5257383966244725,623,119,562,1049,0.3488516449410304,0.160377358490566,0.4292342719592878,0.728515389650101,0.6668233516846824,MASTER_ONLY_CV,,2353
0.7449999999999999,0.8478143022783056,0.9040847361024198,0.7097322566935826,0.7454917422504648,0.8993115318416524,0.6486654252017381,0.8423180592991913,0.7536963577353047,0.7536963577353047,0.7001797877657383,0.7199443008569211,0.4563075575905305,0.4220949654878537,0.142691432010178,0.4519997382294056,0.8993115318416524,0.5247691015952981,625,117,566,1045,0.3513345747982619,0.1576819407008086,0.4292342719592878,0.7283741842208399,0.6664270163297333,MASTER_ONLY_CV,,2353
0.7499999999999999,0.8478143022783056,0.9040847361024198,0.7071823204419889,0.7439930330728265,0.8994800693240901,0.6443202979515829,0.8436657681940701,0.7508137432188066,0.7508137432188066,0.6979210395640658,0.7174551489886173,0.4535703410527743,0.4184719661015612,0.142691432010178,0.4519997382294056,0.8994800693240901,0.5221017514595496,626,116,573,1038,0.3556797020484171,0.1563342318059299,0.4292342719592878,0.7269414152751035,0.6645892498688802,MASTER_ONLY_CV,,2353
0.7549999999999999,0.8478143022783056,0.9040847361024198,0.7033574160645983,0.7415632251987264,0.8993875765529309,0.638112973308504,0.8450134770889488,0.7465504720406682,0.7465504720406682,0.6944842524137766,0.7137131282555823,0.4491534475797911,0.4128888946084529,0.142691432010178,0.4519997382294056,0.8993875765529309,0.5181818181818182,627,115,583,1028,0.3618870266914959,0.1549865229110512,0.4292342719592878,0.7246963058874073,0.6617732928304584,MASTER_ONLY_CV,,2353
0.7599999999999999,0.8478143022783056,0.9040847361024198,0.6969825754356141,0.7383616845775589,0.9008928571428572,0.6263190564866542,0.8504043126684636,0.7389234712559501,0.7389234712559501,0.6889554065140511,0.7074094006749989,0.4435326700680252,0.4045264379998174,0.142691432010178,0.4519997382294056,0.9008928571428572,0.5117599351175993,631,111,602,1009,0.3736809435133457,0.1495956873315364,0.4292342719592878,0.7214492472513846,0.6574104147956354,MASTER_ONLY_CV,,2353
0.7649999999999999,0.8478143022783056,0.9040847361024198,0.6931576710582236,0.7362953649187443,0.9015356820234868,0.6194909993792675,0.8530997304582211,0.7343635025754232,0.7343635025754232,0.6855922140643715,0.7036042198935699,0.4399487515876982,0.3994181072577508,0.142691432010178,0.4519997382294056,0.9015356820234868,0.5080256821829856,633,109,613,998,0.3805090006207324,0.1469002695417789,0.4292342719592878,0.7194297282815725,0.6547516797342471,MASTER_ONLY_CV,,2353
0.7699999999999999,0.8478143022783056,0.9040847361024198,0.6889077773055674,0.7335551908124902,0.9013698630136986,0.6126629422718808,0.8544474393530997,0.729490022172949,0.729490022172949,0.6817450110864745,0.6993779964813519,0.4351328411307336,0.3933362638105785,0.142691432010178,0.4519997382294056,0.9013698630136986,0.5039745627980922,634,108,624,987,0.3873370577281191,0.1455525606469002,0.4292342719592878,0.7169396037935009,0.6516391738088109,MASTER_ONLY_CV,,2353
0.7749999999999999,0.8478143022783056,0.9040847361024198,0.6867828304292393,0.7327303360822914,0.9023941068139965,0.6083178150217257,0.8571428571428571,0.7267334074898035,0.7267334074898035,0.6799421143969675,0.6972228766994215,0.4338399037890542,0.3908703668383241,0.142691432010178,0.4519997382294056,0.9023941068139965,0.5019731649565904,636,106,631,980,0.3916821849782743,0.1428571428571428,0.4292342719592878,0.7160105834426335,0.6502934118034859,MASTER_ONLY_CV,,2353
0.7799999999999999,0.8478143022783056,0.9040847361024198,0.6846578835529111,0.7329959459979487,0.9056956115779644,0.6021104903786468,0.8638814016172507,0.7233407904548844,0.7233407904548844,0.6783699999705253,0.6949784219556115,0.4347997994636708,0.3895329484360752,0.142691432010178,0.4519997382294056,0.9056956115779644,0.5,641,101,641,970,0.3978895096213532,0.1361185983827493,0.4292342719592878,0.7157158374613394,0.6493715970611126,MASTER_ONLY_CV,,2353
0.7849999999999999,0.8478143022783056,0.9040847361024198,0.6829579260518487,0.7324814574999038,0.9068673565380996,0.5983860955927995,0.866576819407008,0.7210172026925954,0.7210172026925954,0.6769456092203134,0.6932219435711052,0.4341167577712096,0.3877303155703511,0.142691432010178,0.4519997382294056,0.9068673565380996,0.4984496124031007,643,99,647,964,0.4016139044072005,0.1334231805929919,0.4292342719592878,0.7150640465906936,0.6483597731926024,MASTER_ONLY_CV,,2353
0.7899999999999999,0.8478143022783056,0.9040847361024198,0.6799830004249894,0.7303088938748261,0.90625,0.5940409683426443,0.866576819407008,0.7176602924634421,0.7176602924634421,0.6741808083209805,0.6902384673604192,0.4303169775314092,0.3832936712218053,0.142691432010178,0.4519997382294056,0.90625,0.4957594448727833,643,99,654,957,0.4059590316573557,0.1334231805929919,0.4292342719592878,0.7131872016256247,0.6460988151972035,MASTER_ONLY_CV,,2353
0.7949999999999999,0.8478143022783056,0.9040847361024198,0.6757331066723332,0.7275687197685723,0.9061302681992336,0.5872129112352577,0.8679245283018868,0.7126177024482109,0.7126177024482109,0.670302025285539,0.6859298720574735,0.425669185295614,0.3773636206942593,0.142691432010178,0.4519997382294056,0.9061302681992336,0.4919786096256685,644,98,665,946,0.4127870887647424,0.1320754716981132,0.4292342719592878,0.7107216540070057,0.6430151959073696,MASTER_ONLY_CV,,2353
0.7999999999999999,0.8478143022783056,0.9040847361024198,0.6736081597960051,0.7267438650383733,0.9072463768115944,0.5828677839851024,0.8706199460916442,0.7097505668934241,0.7097505668934241,0.6684675164564208,0.683713997897031,0.4245094707723399,0.3749787290559021,0.142691432010178,0.4519997382294056,0.9072463768115944,0.4901365705614567,646,96,672,939,0.4171322160148976,0.1293800539083558,0.4292342719592878,0.7098109235783212,0.6416913366447838,MASTER_ONLY_CV,,2353
0.8049999999999999,0.8478143022783056,0.9040847361024198,0.6668083297917552,0.7221414935391957,0.9065880039331368,0.5723153320918684,0.871967654986523,0.7016742770167428,0.7016742770167428,0.6621942126180923,0.6767748228868672,0.4167213011489846,0.3653907413714219,0.142691432010178,0.4519997382294056,0.9065880039331368,0.4842814371257485,647,95,689,922,0.4276846679081316,0.1280323450134771,0.4292342719592878,0.7057531911196862,0.6366893650605429,MASTER_ONLY_CV,,2353
0.8099999999999999,0.8478143022783056,0.9040847361024198,0.662558436039099,0.7194013194329416,0.9064676616915422,0.5654872749844817,0.8733153638814016,0.6964831804281345,0.6964831804281345,0.6582894371040193,0.6723949887184079,0.4121838548296229,0.3595935746903512,0.142691432010178,0.4519997382294056,0.9064676616915422,0.4807121661721068,648,94,700,911,0.4345127250155183,0.1266846361185983,0.4292342719592878,0.7033028271198714,0.6336239160822009,MASTER_ONLY_CV,,2353
0.815,0.8478143022783056,0.9040847361024198,0.6583085422864429,0.717024633541973,0.9071644803229062,0.5580384854127871,0.876010781671159,0.6910069177555727,0.6910069177555727,0.6544388200945164,0.66794399513381,0.4084730131905297,0.3542210558510928,0.142691432010178,0.4519997382294056,0.9071644803229062,0.4772393538913362,650,92,712,899,0.4419615145872129,0.1239892183288409,0.4292342719592878,0.7010734083664238,0.6307114995890089,MASTER_ONLY_CV,,2353
0.82,0.8478143022783056,0.9040847361024198,0.6557586060348491,0.7177068536560473,0.9124613800205972,0.5499689633767846,0.8854447439353099,0.686289697908598,0.686289697908598,0.6524668828526041,0.6649581817406868,0.4109492416690391,0.3532388787614307,0.142691432010178,0.4519997382294056,0.9124613800205972,0.4753979739507959,657,85,725,886,0.4500310366232154,0.11455525606469,0.4292342719592878,0.701005132734949,0.6298369704158383,MASTER_ONLY_CV,,2353
0.825,0.8478143022783056,0.9040847361024198,0.6510837229069273,0.7146563133176393,0.9123173277661796,0.54252017380509,0.8867924528301887,0.6804203970416505,0.6804203970416505,0.6481184811600391,0.6600480880028441,0.4060257024013902,0.3469591617281025,0.142691432010178,0.4519997382294056,0.9123173277661796,0.47168458781362,658,84,737,874,0.45747982619491,0.1132075471698113,0.4292342719592878,0.6983061020980249,0.626472575804988,MASTER_ONLY_CV,,2353
0.83,0.8478143022783056,0.9040847361024198,0.6438589035274118,0.7093800873710223,0.9107332624867164,0.531967721911856,0.8867924528301887,0.6716300940438872,0.6716300940438872,0.6412932271519343,0.6524971104197231,0.3971942338566505,0.3367492399815134,0.142691432010178,0.4519997382294056,0.9107332624867164,0.4660056657223796,658,84,754,857,0.468032278088144,0.1132075471698113,0.4292342719592878,0.6937994997355955,0.6210443810215159,MASTER_ONLY_CV,,2353
0.835,0.8478143022783056,0.9040847361024198,0.63918402039949,0.7074200116784706,0.913232104121475,0.5226567349472377,0.8921832884097035,0.6648243189893407,0.6648243189893407,0.6370601116345691,0.6473138711718817,0.3948617768521217,0.3317543440046964,0.142691432010178,0.4519997382294056,0.913232104121475,0.4626135569531795,662,80,769,842,0.4773432650527622,0.1078167115902965,0.4292342719592878,0.6917748390368573,0.6181542591098023,MASTER_ONLY_CV,,2353
0.84,0.8478143022783056,0.9040847361024198,0.6328091797705058,0.7034914946267323,0.9136212624584718,0.5121042830540037,0.894878706199461,0.6563245823389021,0.6563245823389021,0.6310819991986482,0.6404044831548236,0.3888643265627909,0.3236832230197446,0.142691432010178,0.4519997382294056,0.9136212624584718,0.4579310344827586,664,78,786,825,0.4878957169459962,0.105121293800539,0.4292342719592878,0.6882542955781655,0.6136894809922152,MASTER_ONLY_CV,,2353
0.845,0.8478143022783056,0.9040847361024198,0.6277093072673183,0.7008575644867412,0.9152542372881356,0.5027932960893855,0.898921832884097,0.6490384615384616,0.6490384615384616,0.626329185520362,0.6347160792134043,0.385330377275972,0.3178396475001142,0.142691432010178,0.4519997382294056,0.9152542372881356,0.4543596730245232,667,75,801,810,0.4972067039106145,0.1010781671159029,0.4292342719592878,0.685758095532264,0.6103463350104176,MASTER_ONLY_CV,,2353
0.8499999999999999,0.8478143022783056,0.9040847361024198,0.6226094347641309,0.6993140989926064,0.9198606271777005,0.4916201117318435,0.9070080862533692,0.6407766990291263,0.6407766990291263,0.6216417067213671,0.6287085610840711,0.3845313493588832,0.3132352158144983,0.142691432010178,0.4519997382294056,0.9198606271777005,0.4510723860589812,673,69,819,792,0.5083798882681564,0.0929919137466307,0.4292342719592878,0.6839531652304749,0.6074987368546924,MASTER_ONLY_CV,,2353
0.8549999999999999,0.8478143022783056,0.9040847361024198,0.6170845728856779,0.696006314405176,0.9206161137440758,0.4823091247672253,0.9097035040431268,0.6329938900203665,0.6329938900203665,0.6163636709097835,0.6225054730377463,0.3797816157461036,0.3065483423485247,0.142691432010178,0.4519997382294056,0.9206161137440758,0.4473161033797216,675,67,834,777,0.5176908752327747,0.0902964959568733,0.4292342719592878,0.6809818589545215,0.60369887979822,MASTER_ONLY_CV,,2353
0.8599999999999999,0.8478143022783056,0.9040847361024198,0.6115597110072248,0.693062018033031,0.9224242424242424,0.4723774053382992,0.9137466307277629,0.6247947454844006,0.6247947454844006,0.6110757868391166,0.6161424145750927,0.3760000551056568,0.3003216258404207,0.142691432010178,0.4519997382294056,0.9224242424242424,0.443717277486911,678,64,850,761,0.5276225946617008,0.0862533692722372,0.4292342719592878,0.6782454590000492,0.6000707678707627,MASTER_ONLY_CV,,2353
0.8649999999999999,0.8478143022783056,0.9040847361024198,0.6034849128771781,0.6878920360526769,0.9226932668329176,0.4593420235878336,0.9164420485175202,0.613344384583506,0.613344384583506,0.6032269240841648,0.6069634617696418,0.3683791216631232,0.2903910955815687,0.142691432010178,0.4519997382294056,0.9226932668329176,0.4384268214055448,680,62,871,740,0.5406579764121664,0.0835579514824797,0.4292342719592878,0.6736986847391983,0.5943799481103725,MASTER_ONLY_CV,,2353
0.8699999999999999,0.8478143022783056,0.9040847361024198,0.5996600084997875,0.6858257163938624,0.9239543726235742,0.4525139664804469,0.9191374663072776,0.6075,0.6075,0.5995002168256722,0.6024546628853793,0.3657873298624745,0.2861526510752511,0.142691432010178,0.4519997382294056,0.9239543726235742,0.4360613810741688,682,60,882,729,0.547486033519553,0.0808625336927223,0.4292342719592878,0.6717923159061417,0.591865111163598,MASTER_ONLY_CV,,2353
0.8749999999999999,0.8478143022783056,0.9040847361024198,0.5937101572460689,0.6822075655742779,0.9247730220492868,0.4425822470515207,0.921832884097035,0.5986565910999161,0.5986565910999161,0.5936484332435897,0.5954980249040859,0.3607577715606872,0.279174693753036,0.142691432010178,0.4519997382294056,0.9247730220492868,0.4323640960809102,684,58,898,713,0.5574177529484792,0.0781671159029649,0.4292342719592878,0.6685680493931879,0.5877680438876723,MASTER_ONLY_CV,,2353
0.8799999999999999,0.8478143022783056,0.9040847361024198,0.589035274118147,0.6798840016664408,0.9270557029177718,0.4338919925512104,0.9258760107816713,0.5911205073995772,0.5911205073995772,0.5890245851820611,0.5897986423036172,0.358230330669343,0.2743159928520787,0.142691432010178,0.4519997382294056,0.9270557029177718,0.4296435272045028,687,55,912,699,0.5661080074487895,0.0741239892183288,0.4292342719592878,0.6663755518637776,0.5848007275435603,MASTER_ONLY_CV,,2353
0.8849999999999999,0.8478143022783056,0.9040847361024198,0.583510412239694,0.6769397052942958,0.929251700680272,0.4239602731222843,0.9299191374663072,0.5822676896845694,0.5822676896845694,0.583506726198217,0.5830491304777071,0.3547905877656234,0.268412623478411,0.142691432010178,0.4519997382294056,0.929251700680272,0.4264524103831891,690,52,928,683,0.5760397268777157,0.0700808625336927,0.4292342719592878,0.6636592836175443,0.5812064829264718,MASTER_ONLY_CV,,2353
0.8899999999999999,0.8478143022783056,0.9040847361024198,0.5762855928601784,0.6723904557782496,0.9299719887955182,0.4121663563004345,0.9326145552560648,0.5711827956989247,0.5711827956989247,0.5762255851657161,0.5743632035054349,0.3484611405036937,0.260006176233362,0.142691432010178,0.4519997382294056,0.9299719887955182,0.4222086638194021,692,50,947,664,0.5878336436995655,0.0673854447439353,0.4292342719592878,0.6596458011678217,0.576169484892724,MASTER_ONLY_CV,,2353
0.8949999999999999,0.8478143022783056,0.9040847361024198,0.566935826604335,0.6659258868861483,0.9289855072463769,0.3978895096213532,0.9339622641509434,0.5571490656236419,0.5571490656236419,0.5667242209615091,0.5631879651227473,0.3387062387883676,0.2486204483570261,0.142691432010178,0.4519997382294056,0.9289855072463769,0.4167167769092002,693,49,970,641,0.6021104903786468,0.0660377358490566,0.4292342719592878,0.654057102901038,0.5693588591387453,MASTER_ONLY_CV,,2353
0.8999999999999999,0.8478143022783056,0.9040847361024198,0.5563110922226945,0.6581667310822997,0.9263157894736842,0.3823711980136561,0.9339622641509434,0.5413005272407733,0.5413005272407733,0.5558354488055719,0.5504674730980453,0.326435824164206,0.2353917052986214,0.142691432010178,0.4519997382294056,0.9263157894736842,0.4105450236966824,693,49,995,616,0.6176288019863438,0.0660377358490566,0.4292342719592878,0.6474055194233888,0.5613918824885982,MASTER_ONLY_CV,,2353
0.905,0.8478143022783056,0.9040847361024198,0.5490862728431789,0.6547079462121098,0.9310344827586208,0.3687150837988827,0.9407008086253368,0.5282347710093375,0.5282347710093375,0.5482036695909529,0.5408288404930252,0.3234073887000236,0.2285748893553393,0.142691432010178,0.4519997382294056,0.9310344827586208,0.4069970845481049,698,44,1017,594,0.6312849162011173,0.059299191374663,0.4292342719592878,0.644110327843768,0.5569012544073147,MASTER_ONLY_CV,,2353
0.91,0.8478143022783056,0.9040847361024198,0.5410114747131322,0.6499014524470411,0.933115823817292,0.3550589695841092,0.944743935309973,0.5143884892086331,0.5143884892086331,0.5396277659580635,0.5303065031041514,0.3173808347189222,0.2199966482360575,0.142691432010178,0.4519997382294056,0.933115823817292,0.4028735632183908,701,41,1039,572,0.6449410304158908,0.0552560646900269,0.4292342719592878,0.6397820824010423,0.5513998421809314,MASTER_ONLY_CV,,2353
0.915,0.8478143022783056,0.9040847361024198,0.5303867403314917,0.6421422966431926,0.9302721088435374,0.3395406579764121,0.944743935309973,0.4974988631195998,0.4974988631195998,0.5283665037576459,0.5169665973766592,0.3050998743776245,0.2072274050975833,0.142691432010178,0.4519997382294056,0.9302721088435374,0.3971671388101983,701,41,1064,547,0.6604593420235878,0.0552560646900269,0.4292342719592878,0.633061552486302,0.5433748828806849,MASTER_ONLY_CV,,2353
0.92,0.8478143022783056,0.9040847361024198,0.522311942201445,0.6376992910934094,0.9340463458110516,0.3252638112973308,0.9501347708894878,0.4825046040515653,0.4825046040515653,0.5194685609050249,0.5058171888244231,0.3003039119553214,0.1993240440860821,0.142691432010178,0.4519997382294056,0.9340463458110516,0.3934151785714285,705,37,1087,524,0.6747361887026692,0.0498652291105121,0.4292342719592878,0.6289592543377044,0.5380508708565124,MASTER_ONLY_CV,,2353
0.925,0.8478143022783056,0.9040847361024198,0.5095622609434765,0.6294787687746474,0.9352380952380952,0.3047796399751707,0.954177897574124,0.4597378277153558,0.4597378277153558,0.5053552951806352,0.4885080451902706,0.2890084442205624,0.185666156238885,0.142691432010178,0.4519997382294056,0.9352380952380952,0.387308533916849,708,34,1120,491,0.6952203600248293,0.045822102425876,0.4292342719592878,0.6215933901056684,0.5289580572888255,MASTER_ONLY_CV,,2353
0.93,0.8478143022783056,0.9040847361024198,0.5002124946876328,0.6233776880978315,0.935871743486974,0.2898820608317815,0.9568733153638814,0.442654028436019,0.442654028436019,0.4948247029699355,0.4755572502840139,0.2804860127601595,0.1757267983933522,0.142691432010178,0.4519997382294056,0.935871743486974,0.3829557713052858,710,32,1144,467,0.7101179391682185,0.0431266846361186,0.4292342719592878,0.6161036833166985,0.5222191291582685,MASTER_ONLY_CV,,2353
0.935,0.8478143022783056,0.9040847361024198,0.4883127921801955,0.6154144100280918,0.9357601713062098,0.271260086902545,0.9595687331536388,0.4205967276227141,0.4205967276227141,0.4812268265206417,0.4588351750364516,0.2689121778331458,0.1630342170724933,0.142691432010178,0.4519997382294056,0.9357601713062098,0.3775185577942735,712,30,1174,437,0.728739913097455,0.0404312668463611,0.4292342719592878,0.6089167095750562,0.5134787290021383,MASTER_ONLY_CV,,2353
0.94,0.8478143022783056,0.9040847361024198,0.4772630684232894,0.6077083762073748,0.9339407744874716,0.2545003103662321,0.9609164420485176,0.4,0.4,0.4684487951807229,0.4431695758810849,0.2569365984544923,0.1510627738185471,0.142691432010178,0.4519997382294056,0.9339407744874716,0.3725182863113898,713,29,1201,410,0.7454996896337679,0.0390835579514824,0.4292342719592878,0.6019412204672885,0.5051117351808295,MASTER_ONLY_CV,,2353
0.945,0.8478143022783056,0.9040847361024198,0.4679133021674458,0.6019707837458443,0.9367396593673966,0.238981998758535,0.9649595687331536,0.380811078140455,0.380811078140455,0.457171559934609,0.4289704300242308,0.2495800986761265,0.1420022111393425,0.142691432010178,0.4519997382294056,0.9367396593673966,0.368692070030896,716,26,1226,385,0.7610180012414649,0.0350404312668463,0.4292342719592878,0.5965893935078069,0.4984735847047785,MASTER_ONLY_CV,,2353
0.95,0.8478143022783056,0.9040847361024198,0.4538886527836804,0.5924556745153351,0.9358288770053476,0.2172563625077591,0.967654986522911,0.3526448362720403,0.3526448362720403,0.4401959940272366,0.4078619710398733,0.2349928192895909,0.1275571843538794,0.142691432010178,0.4519997382294056,0.9358288770053476,0.3628094997473471,718,24,1261,350,0.7827436374922409,0.0323450134770889,0.4292342719592878,0.5877554296895504,0.4878479266576473,MASTER_ONLY_CV,,2353
