Variant_ID,predicted_label
VAR_004572,1
VAR_004387,0
VAR_001540,1
VAR_000808,1
VAR_000082,1
VAR_002119,0
VAR_006245,0
VAR_000163,1
VAR_005692,1
VAR_006030,1
VAR_004890,0
VAR_000584,0
VAR_003833,0
VAR_001918,1
VAR_002625,1
VAR_001845,0
VAR_001979,1
VAR_000636,1
VAR_005011,1
VAR_005563,1
VAR_002538,1
VAR_002184,1
VAR_005553,1
VAR_006223,0
VAR_003782,1
VAR_000884,1
VAR_001654,0
VAR_005367,0
VAR_004860,1
VAR_002738,1
VAR_000023,1
VAR_005772,1
VAR_002449,1
VAR_004889,1
VAR_002343,1
VAR_004330,0
VAR_000637,1
VAR_001186,1
VAR_005545,0
VAR_000578,1
VAR_005018,0
VAR_002397,0
VAR_005647,1
VAR_004634,0
VAR_002020,1
VAR_001239,1
VAR_001880,0
VAR_004829,1
VAR_001582,0
VAR_001872,1
VAR_004209,0
VAR_001548,0
VAR_003059,1
VAR_004466,1
VAR_004873,1
VAR_001018,1
VAR_005839,1
VAR_003136,1
VAR_000344,0
VAR_000741,0
VAR_000752,1
VAR_001791,1
VAR_000132,0
VAR_005138,1
VAR_005771,1
VAR_000927,1
VAR_001841,1
VAR_003641,0
VAR_000438,0
VAR_004716,1
VAR_000853,1
VAR_002211,1
VAR_002235,0
VAR_003024,1
VAR_001432,0
VAR_003334,1
VAR_005614,1
VAR_000414,0
VAR_005881,0
VAR_003160,0
VAR_004708,0
VAR_000086,1
VAR_000732,1
VAR_004760,1
VAR_002218,1
VAR_006065,1
VAR_005989,1
VAR_006413,0
VAR_001425,0
VAR_000053,0
VAR_004347,1
VAR_006300,0
VAR_000540,0
VAR_004040,1
VAR_001261,1
VAR_003541,0
VAR_005702,1
VAR_003522,0
VAR_002815,1
VAR_001843,1
VAR_004687,0
VAR_005060,1
VAR_000630,1
VAR_002834,1
VAR_002915,1
VAR_002048,0
VAR_005699,1
VAR_005255,1
VAR_004795,1
VAR_000800,0
VAR_002746,1
VAR_003421,0
VAR_002580,1
VAR_000081,1
VAR_000850,1
VAR_003325,1
VAR_005416,0
VAR_006407,0
VAR_006584,1
VAR_005443,1
VAR_003252,1
VAR_001102,1
VAR_005097,0
VAR_003331,0
VAR_000259,1
VAR_001754,0
VAR_002777,0
VAR_000576,1
VAR_003389,1
VAR_002884,1
VAR_004467,1
VAR_000200,1
VAR_005242,1
VAR_005501,1
VAR_002854,1
VAR_005498,1
VAR_005069,1
VAR_002092,0
VAR_002604,0
VAR_000790,1
VAR_002426,1
VAR_006155,1
VAR_004509,1
VAR_000116,0
VAR_000602,1
VAR_003013,0
VAR_006532,0
VAR_001690,0
VAR_004258,0
VAR_003384,1
VAR_000981,1
VAR_003771,1
VAR_001968,1
VAR_001497,0
VAR_001001,1
VAR_002986,1
VAR_000588,0
VAR_000784,1
VAR_000153,1
VAR_005152,0
VAR_004575,1
VAR_002798,0
VAR_002180,1
VAR_004291,0
VAR_006072,0
VAR_001204,1
VAR_002277,1
VAR_004565,1
VAR_003157,1
VAR_002727,0
VAR_004375,1
VAR_000914,1
VAR_002457,1
VAR_006382,1
VAR_006330,1
VAR_006100,1
VAR_000382,1
VAR_001978,1
VAR_006429,0
VAR_001649,1
VAR_006525,1
VAR_003086,0
VAR_001013,1
VAR_006115,1
VAR_004598,0
VAR_004511,1
VAR_001359,1
VAR_005952,1
VAR_002024,1
VAR_000558,0
VAR_005438,1
VAR_002158,1
VAR_003318,1
VAR_000404,1
VAR_001746,0
VAR_002150,1
VAR_001426,0
VAR_003695,1
VAR_002189,1
VAR_002624,1
VAR_006077,0
VAR_006496,1
VAR_001495,0
VAR_003021,0
VAR_002956,1
VAR_000950,1
VAR_003044,1
VAR_006133,0
VAR_001881,1
VAR_004576,1
VAR_002398,1
VAR_000777,1
VAR_002038,1
VAR_003287,1
VAR_002925,1
VAR_002077,1
VAR_000385,0
VAR_004868,1
VAR_001297,1
VAR_000032,1
VAR_001889,1
VAR_001581,1
VAR_002539,1
VAR_000358,1
VAR_006379,1
VAR_005885,0
VAR_000631,1
VAR_000614,1
VAR_001996,1
VAR_004116,0
VAR_000585,1
VAR_000714,1
VAR_002904,1
VAR_003420,1
VAR_001099,1
VAR_000114,1
VAR_004581,1
VAR_003253,0
VAR_005950,0
VAR_006284,1
VAR_001662,0
VAR_003704,1
VAR_002748,1
VAR_003672,1
VAR_000325,0
VAR_001571,0
VAR_002578,1
VAR_005698,1
VAR_005964,1
VAR_006082,1
VAR_005164,1
VAR_003161,0
VAR_000284,1
VAR_001336,1
VAR_005219,0
VAR_000186,1
VAR_002278,1
VAR_005718,1
VAR_002569,0
VAR_000681,1
VAR_003450,1
VAR_000966,1
VAR_001346,1
VAR_005921,1
VAR_004728,1
VAR_005212,1
VAR_006051,1
VAR_000435,1
VAR_006012,0
VAR_000138,1
VAR_000389,1
VAR_003698,1
VAR_003530,1
VAR_001284,1
VAR_004844,1
VAR_003995,1
VAR_003268,1
VAR_002310,0
VAR_000982,0
VAR_003403,1
VAR_000311,0
VAR_003507,0
VAR_005386,0
VAR_002673,1
VAR_005980,0
VAR_005425,0
VAR_004983,1
VAR_002480,1
VAR_001959,1
VAR_005415,1
VAR_003863,1
VAR_005969,0
VAR_004383,1
VAR_001178,1
VAR_003333,1
VAR_006337,1
VAR_004899,1
VAR_001177,1
VAR_005169,1
VAR_000123,0
VAR_005609,1
VAR_002315,1
VAR_003818,0
VAR_003626,0
VAR_005821,0
VAR_004079,1
VAR_005607,1
VAR_000356,0
VAR_000064,1
VAR_003030,0
VAR_003102,1
VAR_002593,1
VAR_003671,1
VAR_000345,1
VAR_005714,1
VAR_002843,1
VAR_001373,0
VAR_000072,1
VAR_006001,1
VAR_003055,1
VAR_001837,1
VAR_003051,0
VAR_006255,0
VAR_002813,1
VAR_005191,1
VAR_002568,0
VAR_006460,1
VAR_000840,1
VAR_001329,0
VAR_000755,0
VAR_004900,1
VAR_005837,1
VAR_003766,1
VAR_003515,1
VAR_006348,1
VAR_003927,1
VAR_005850,0
VAR_003662,1
VAR_005540,1
VAR_000847,1
VAR_003854,1
VAR_006338,1
VAR_001051,0
VAR_005337,1
VAR_000753,1
VAR_002043,1
VAR_002726,0
VAR_002185,1
VAR_001391,0
VAR_005345,0
VAR_002804,1
VAR_004445,0
VAR_000369,0
VAR_005440,1
VAR_005794,1
VAR_006466,1
VAR_000512,1
VAR_001508,0
VAR_003510,1
VAR_002136,1
VAR_006198,1
VAR_000115,1
VAR_000056,0
VAR_001069,1
VAR_001868,1
VAR_004808,1
VAR_005711,1
VAR_002789,1
VAR_000449,1
VAR_001253,0
VAR_004308,0
VAR_001447,0
VAR_002651,1
VAR_003509,0
VAR_005477,1
VAR_004049,0
VAR_002203,1
VAR_002778,1
VAR_004089,1
VAR_005728,0
VAR_002605,1
VAR_002939,1
VAR_003020,1
VAR_002085,0
VAR_005315,1
VAR_001794,1
VAR_000759,0
VAR_003659,1
VAR_004627,0
VAR_004945,1
VAR_000674,1
VAR_005310,1
VAR_003769,1
VAR_002019,1
VAR_000060,1
VAR_000699,1
VAR_003513,1
VAR_004015,1
VAR_005797,1
VAR_002619,1
VAR_002772,1
VAR_006034,1
VAR_005763,1
VAR_005478,0
VAR_005708,0
VAR_004069,1
VAR_004026,1
VAR_005436,1
VAR_006576,1
VAR_002393,1
VAR_004059,1
VAR_004005,1
VAR_001227,1
VAR_005555,1
VAR_005216,1
VAR_000461,1
VAR_003584,0
VAR_001604,1
VAR_002533,1
VAR_004136,1
VAR_005485,1
VAR_000628,1
VAR_005836,1
VAR_000972,1
VAR_005483,0
VAR_002767,1
VAR_000035,1
VAR_002828,1
VAR_001813,0
VAR_000648,0
VAR_005721,1
VAR_006140,1
VAR_004490,1
VAR_004001,1
VAR_006106,1
VAR_006403,0
VAR_002004,1
VAR_000749,1
VAR_003269,1
VAR_002478,1
VAR_004031,1
VAR_006416,0
VAR_000583,0
VAR_000113,1
VAR_003883,0
VAR_004862,1
VAR_003173,1
VAR_000525,0
VAR_005546,1
VAR_004169,1
VAR_004350,1
VAR_001817,1
VAR_002202,1
VAR_002712,1
VAR_001614,0
VAR_001431,0
VAR_004461,0
VAR_002161,1
VAR_004306,0
VAR_004207,0
VAR_000830,1
VAR_001288,0
VAR_003394,1
VAR_002357,0
VAR_001296,1
VAR_002041,1
VAR_001412,0
VAR_000502,0
VAR_003153,0
VAR_001987,0
VAR_003750,1
VAR_002927,0
VAR_004604,0
VAR_000627,1
VAR_001004,1
VAR_001198,1
VAR_002555,0
VAR_004523,1
VAR_006561,1
VAR_003734,1
VAR_003259,1
VAR_000988,1
VAR_000547,0
VAR_000127,0
VAR_006500,1
VAR_001820,0
VAR_005572,0
VAR_001236,1
VAR_000075,0
VAR_002491,1
VAR_005012,1
VAR_003107,0
VAR_000710,0
VAR_005149,0
VAR_002371,0
VAR_005642,1
VAR_000470,1
VAR_002153,1
VAR_003215,0
VAR_002999,1
VAR_004801,1
VAR_000575,1
VAR_004770,1
VAR_000672,1
VAR_003142,1
VAR_002382,0
VAR_002467,1
VAR_000926,1
VAR_005782,1
VAR_002272,1
VAR_002830,1
VAR_004816,1
VAR_005583,1
VAR_003367,1
VAR_005239,1
VAR_001327,0
VAR_006047,1
VAR_002871,1
VAR_006316,0
VAR_003483,0
VAR_005130,1
VAR_004786,1
VAR_006373,0
VAR_003896,0
VAR_003321,1
VAR_001477,1
VAR_002638,1
VAR_000644,1
VAR_000465,0
VAR_000816,1
VAR_002264,1
VAR_002755,1
VAR_000275,1
VAR_002846,1
VAR_006490,1
VAR_002640,1
VAR_002362,1
VAR_000221,1
VAR_000009,1
VAR_005898,0
VAR_000332,1
VAR_003093,1
VAR_004022,1
VAR_004819,1
VAR_000882,1
VAR_000623,1
VAR_002802,1
VAR_000951,1
VAR_003800,1
VAR_002773,0
VAR_003761,0
VAR_005276,0
VAR_005143,1
VAR_001955,0
VAR_002106,0
VAR_003246,1
VAR_004940,1
VAR_000099,0
VAR_005611,1
VAR_004605,1
VAR_000606,1
VAR_000505,1
VAR_003585,0
VAR_004761,1
VAR_005227,1
VAR_004155,0
VAR_005858,1
VAR_004369,0
VAR_004037,1
VAR_004913,1
VAR_005941,0
VAR_002759,1
VAR_003557,0
VAR_001749,0
VAR_000685,1
VAR_001133,1
VAR_000197,0
VAR_004317,1
VAR_003152,1
VAR_005616,1
VAR_002556,0
VAR_003697,0
VAR_005290,0
VAR_004806,1
VAR_003262,0
VAR_002931,1
VAR_002899,1
VAR_004980,1
VAR_002847,1
VAR_005358,1
VAR_005957,1
VAR_005591,1
VAR_000251,0
VAR_003825,0
VAR_001857,1
VAR_001410,0
VAR_001268,0
VAR_001000,0
VAR_002757,1
VAR_003062,1
VAR_002064,0
VAR_004216,0
VAR_003692,0
VAR_005007,0
VAR_004252,1
VAR_000567,1
VAR_006463,1
VAR_000846,0
VAR_002188,1
VAR_002664,1
VAR_003124,0
VAR_003155,0
VAR_005106,1
VAR_004989,0
VAR_005526,1
VAR_003681,0
VAR_004789,1
VAR_006370,1
VAR_002910,1
VAR_003162,1
VAR_001148,1
VAR_005854,1
VAR_001380,1
VAR_003229,0
VAR_003538,1
VAR_002334,1
VAR_003070,1
VAR_000675,1
VAR_006383,1
VAR_000903,0
VAR_002159,1
VAR_003946,1
VAR_001995,1
VAR_001340,1
VAR_004727,1
VAR_004460,0
VAR_006066,1
VAR_000245,0
VAR_003500,0
VAR_002146,1
VAR_004199,1
VAR_002340,1
VAR_002739,0
VAR_003764,1
VAR_004838,1
VAR_002753,1
VAR_000244,1
VAR_001543,0
VAR_004524,1
VAR_004177,1
VAR_001088,1
VAR_004720,1
VAR_005433,0
VAR_002718,1
VAR_005088,1
VAR_001796,1
VAR_004123,1
VAR_002514,0
VAR_004085,0
VAR_003154,1
VAR_005296,0
VAR_001215,1
VAR_002940,1
VAR_000590,1
VAR_005880,0
VAR_005934,1
VAR_002744,1
VAR_004044,0
VAR_002841,1
VAR_000904,0
VAR_000833,1
VAR_002408,1
VAR_003175,1
VAR_001258,1
VAR_001438,0
VAR_005949,0
VAR_003784,1
VAR_000992,1
VAR_000109,1
VAR_006462,1
VAR_000111,1
VAR_000119,1
VAR_006489,1
VAR_004384,1
VAR_004546,1
VAR_004363,0
VAR_000643,1
VAR_002067,0
VAR_005944,1
VAR_003312,0
VAR_002193,0
VAR_003410,1
VAR_002355,1
VAR_000928,1
VAR_002279,1
VAR_005495,1
VAR_003034,0
VAR_001233,0
VAR_000260,1
VAR_003075,1
VAR_006061,1
VAR_000721,1
VAR_004817,0
VAR_003969,1
VAR_002887,1
VAR_001619,0
VAR_005357,1
VAR_004107,1
VAR_000865,0
VAR_002689,1
VAR_001883,1
VAR_002977,0
VAR_006174,1
VAR_004924,1
VAR_005513,1
VAR_000047,0
VAR_002510,1
VAR_001414,0
VAR_005552,1
VAR_004400,1
VAR_000142,1
VAR_003010,1
VAR_004996,1
VAR_004302,0
VAR_002742,1
VAR_004528,1
VAR_004081,1
VAR_004060,1
VAR_005462,0
VAR_005573,1
VAR_000240,1
VAR_005996,1
VAR_002137,1
VAR_000841,1
VAR_002516,1
VAR_002127,0
VAR_005536,1
VAR_004480,0
VAR_000783,1
VAR_003902,0
VAR_001653,1
VAR_000513,0
VAR_001554,1
VAR_001379,1
VAR_004800,0
VAR_001174,1
VAR_000069,1
VAR_004027,1
VAR_004401,1
VAR_000729,1
VAR_003961,1
VAR_005455,1
VAR_002587,1
VAR_002403,0
VAR_004881,1
VAR_005859,1
VAR_005282,0
VAR_001143,1
VAR_003067,0
VAR_003679,1
VAR_003411,1
VAR_002869,1
VAR_000289,1
VAR_001816,1
VAR_002265,1
VAR_004348,0
VAR_005185,1
VAR_003910,1
VAR_000676,1
VAR_001343,0
VAR_000196,1
VAR_000303,1
VAR_005350,1
VAR_005995,1
VAR_000967,1
VAR_006149,1
VAR_000987,1
VAR_002047,1
VAR_003248,1
VAR_002920,0
VAR_002178,1
VAR_002581,1
VAR_000975,1
VAR_004179,0
VAR_000944,1
VAR_001950,1
VAR_005354,1
VAR_003536,1
VAR_002786,1
VAR_002464,1
VAR_003026,1
VAR_002252,0
VAR_000041,1
VAR_004929,0
VAR_004351,1
VAR_005283,1
VAR_005517,1
VAR_004725,1
VAR_001518,0
VAR_002536,1
VAR_001941,1
VAR_001094,1
VAR_000282,1
VAR_001420,0
VAR_004251,1
VAR_002445,1
VAR_004126,1
VAR_003167,1
VAR_003241,0
VAR_004718,1
VAR_003174,1
VAR_005248,1
VAR_001844,1
VAR_000974,1
VAR_003836,1
VAR_006099,1
VAR_000383,0
VAR_001958,1
VAR_004289,0
VAR_000296,1
VAR_002498,0
VAR_004722,1
VAR_002200,1
VAR_003254,1
VAR_000350,0
VAR_000962,1
VAR_000915,1
VAR_000262,0
VAR_005220,0
VAR_002779,1
VAR_006491,1
VAR_003887,0
VAR_003289,1
VAR_005685,1
VAR_000809,1
VAR_000467,0
VAR_000952,1
VAR_002623,1
VAR_002951,1
VAR_005165,1
VAR_000799,0
VAR_004608,0
VAR_006431,0
VAR_006404,0
VAR_005534,1
VAR_004416,1
VAR_000408,1
VAR_002982,1
VAR_002226,0
VAR_000147,1
VAR_003806,1
VAR_002597,0
VAR_000222,0
VAR_003780,1
VAR_002320,0
VAR_002896,1
VAR_004489,1
VAR_000823,1
VAR_000827,1
VAR_004926,1
VAR_005917,0
VAR_001021,0
VAR_003032,1
VAR_003798,1
VAR_002316,1
VAR_002257,1
VAR_002496,0
VAR_002509,1
VAR_001998,1
VAR_002142,1
VAR_006039,1
VAR_003369,1
VAR_005622,0
VAR_002585,1
VAR_001669,0
VAR_002000,1
VAR_000088,0
VAR_002893,0
VAR_003858,1
VAR_003765,0
VAR_005048,1
VAR_001479,0
VAR_002481,1
VAR_004646,0
VAR_003416,1
VAR_004950,0
VAR_002050,1
VAR_001758,0
VAR_004345,1
VAR_002466,1
VAR_003240,0
VAR_003285,1
VAR_004417,1
VAR_004647,0
VAR_005994,0
VAR_003045,1
VAR_004392,1
VAR_005387,0
VAR_002179,1
VAR_002308,1
VAR_005908,1
VAR_000990,1
VAR_005200,1
VAR_000095,1
VAR_003383,1
VAR_000968,1
VAR_000426,1
VAR_005864,1
VAR_001402,1
VAR_002221,1
VAR_000813,1
VAR_005605,1
VAR_003893,0
VAR_001633,0
VAR_004202,0
VAR_001699,0
VAR_004843,1
VAR_005092,1
VAR_005700,0
VAR_001110,1
VAR_005503,1
VAR_002882,1
VAR_004644,0
VAR_001459,0
VAR_004978,1
VAR_004938,1
VAR_004062,1
VAR_006436,0
VAR_000901,0
VAR_000538,1
VAR_005055,0
VAR_003377,1
VAR_000532,1
VAR_000265,0
VAR_000038,1
VAR_001347,1
VAR_000371,0
VAR_000162,1
VAR_005905,1
VAR_001038,0
VAR_000939,1
VAR_004144,1
VAR_002814,1
VAR_000852,1
VAR_006566,1
VAR_001884,1
VAR_002454,1
VAR_001584,0
VAR_004150,0
VAR_005733,0
VAR_003270,1
VAR_002877,1
VAR_004112,1
VAR_004321,0
VAR_003293,1
VAR_002234,1
VAR_002630,1
VAR_000941,1
VAR_000923,0
VAR_005640,0
VAR_002515,1
VAR_001586,1
VAR_005401,1
VAR_005476,0
VAR_005765,1
VAR_005795,1
VAR_001774,1
VAR_000010,0
VAR_004777,1
VAR_004418,1
VAR_000912,1
VAR_004096,0
VAR_000167,1
VAR_002486,0
VAR_002488,0
VAR_004072,1
VAR_005715,1
VAR_005072,1
VAR_004962,1
VAR_003442,0
VAR_005992,0
VAR_005128,1
VAR_004419,1
VAR_004779,1
VAR_002482,0
VAR_005177,1
VAR_006197,1
VAR_002657,1
VAR_001486,0
VAR_003313,0
VAR_005017,1
VAR_006178,1
VAR_003143,1
VAR_002154,1
VAR_000331,1
VAR_004331,0
VAR_006153,1
VAR_005061,1
VAR_006091,1
VAR_006263,1
VAR_004842,1
VAR_004824,1
VAR_003865,1
VAR_002601,0
VAR_001092,0
VAR_003664,1
VAR_003804,1
VAR_000638,1
VAR_001980,1
VAR_000292,1
VAR_003281,1
VAR_001283,0
VAR_004113,1
VAR_000283,1
VAR_001383,1
VAR_006582,1
VAR_000862,0
VAR_001388,0
VAR_004454,0
VAR_001405,0
VAR_005710,1
VAR_004051,1
VAR_001401,0
VAR_004167,0
VAR_006045,1
VAR_005764,0
VAR_003019,0
VAR_001366,0
VAR_005784,1
VAR_004758,0
VAR_000241,1
VAR_000429,1
VAR_002292,0
VAR_004468,1
VAR_002223,1
VAR_002527,0
VAR_006521,1
VAR_006253,1
VAR_005090,0
VAR_000684,1
VAR_000022,1
VAR_000231,1
VAR_000278,1
VAR_004848,0
VAR_003016,0
VAR_002825,1
VAR_000844,1
VAR_002610,0
VAR_001319,0
VAR_001994,1
VAR_000811,1
VAR_000530,1
VAR_004042,1
VAR_006165,1
VAR_005406,1
VAR_001363,0
VAR_002452,1
VAR_000320,0
VAR_001839,1
VAR_002168,1
VAR_006199,1
VAR_001418,0
VAR_004084,0
VAR_000059,1
VAR_002993,1
VAR_003042,1
VAR_005843,1
VAR_002948,1
VAR_003678,1
VAR_002661,1
VAR_002735,1
VAR_004016,1
VAR_004541,1
VAR_003036,1
VAR_005184,1
VAR_004070,1
VAR_006070,0
VAR_005578,1
VAR_003861,1
VAR_002208,1
VAR_000211,1
VAR_005246,1
VAR_000174,1
VAR_004110,1
VAR_004508,1
VAR_003419,1
VAR_002721,1
VAR_002299,1
VAR_005145,1
VAR_000571,1
VAR_004208,0
VAR_001009,1
VAR_003375,1
VAR_004352,1
VAR_004268,0
VAR_001783,1
VAR_004766,1
VAR_005032,1
VAR_002928,1
VAR_002855,1
VAR_002576,1
VAR_006182,1
VAR_001976,0
VAR_004583,0
VAR_003345,1
VAR_002003,0
VAR_000266,1
VAR_000328,1
VAR_000697,1
VAR_005157,1
VAR_002423,1
VAR_001037,1
VAR_003908,0
VAR_006596,1
VAR_000517,0
VAR_001908,0
VAR_003756,1
VAR_001306,0
VAR_000957,1
VAR_000497,1
VAR_000169,1
VAR_002204,1
VAR_001028,0
VAR_002201,1
VAR_004923,1
VAR_001555,0
VAR_001575,0
VAR_000373,0
VAR_004847,1
VAR_002680,1
VAR_001226,1
VAR_002360,1
VAR_001789,0
VAR_003525,1
VAR_005342,0
VAR_002309,1
VAR_005245,1
VAR_001124,1
VAR_000812,1
VAR_000779,1
VAR_002571,0
VAR_004298,0
VAR_006356,0
VAR_004152,0
VAR_002717,1
VAR_001255,1
VAR_003459,1
VAR_003041,1
VAR_005518,1
VAR_004185,0
VAR_002852,1
VAR_002006,1
VAR_001970,1
VAR_001417,0
VAR_005159,1
VAR_001793,1
VAR_005410,0
VAR_003144,1
VAR_005707,1
VAR_000135,1
VAR_005481,1
VAR_000621,1
VAR_003370,1
VAR_000476,1
VAR_005187,1
VAR_002872,1
VAR_004791,0
VAR_001317,0
VAR_005853,1
VAR_001517,0
VAR_006166,1
VAR_006339,1
VAR_002803,1
VAR_001836,0
VAR_001701,1
VAR_006239,0
VAR_001736,0
VAR_005016,1
VAR_006560,0
VAR_002856,1
VAR_006498,1
VAR_000411,0
VAR_006264,1
VAR_005051,0
VAR_002888,1
VAR_001709,1
VAR_001788,1
VAR_001803,1
VAR_003017,1
VAR_006573,1
VAR_000374,1
VAR_001335,1
VAR_003568,0
VAR_000236,1
VAR_006277,0
VAR_004098,0
VAR_000306,0
VAR_005617,1
VAR_000792,1
VAR_002407,0
VAR_006350,1
VAR_004250,1
VAR_004574,1
VAR_005010,1
VAR_001711,1
VAR_001251,1
VAR_004854,1
VAR_004994,0
VAR_004707,0
VAR_005641,0
VAR_003245,0
VAR_002819,1
VAR_005183,1
VAR_000415,0
VAR_000528,1
VAR_005162,1
VAR_001440,1
VAR_004809,1
VAR_001117,1
VAR_004901,1
VAR_005985,0
VAR_006503,1
VAR_004713,1
VAR_000531,1
VAR_005769,1
VAR_005551,1
VAR_005365,0
VAR_002985,1
VAR_003960,1
VAR_005695,1
VAR_002259,0
VAR_003986,1
VAR_001723,0
VAR_003860,1
VAR_003857,1
VAR_002839,1
VAR_001825,1
VAR_000288,1
VAR_002998,0
VAR_003412,1
VAR_005234,0
VAR_000795,0
VAR_004550,1
VAR_000141,1
VAR_002628,1
VAR_005492,1
VAR_003502,0
VAR_000527,1
VAR_003859,1
VAR_000299,0
VAR_004281,1
VAR_001698,1
VAR_004815,1
VAR_002494,0
VAR_001818,1
VAR_004386,1
VAR_006305,0
VAR_005135,1
VAR_004736,0
VAR_004012,1
VAR_003708,0
VAR_004230,1
VAR_002175,1
VAR_000905,1
VAR_000412,0
VAR_001146,1
VAR_000683,1
VAR_002263,1
VAR_001738,0
VAR_001225,0
VAR_004585,1
VAR_004080,1
VAR_005544,1
VAR_003977,0
VAR_000661,1
VAR_000489,1
VAR_002655,1
VAR_004097,0
VAR_004279,1
VAR_000485,0
VAR_004821,0
VAR_004615,0
VAR_006159,0
VAR_002183,1
VAR_003247,1
VAR_001651,0
VAR_001528,0
VAR_004399,0
VAR_005496,1
VAR_004394,1
VAR_005586,1
VAR_004748,1
VAR_004731,1
VAR_001751,0
VAR_001056,0
VAR_002210,1
VAR_000250,1
VAR_006509,1
VAR_003923,1
VAR_005346,1
VAR_001149,1
VAR_001842,1
VAR_002186,1
VAR_003911,0
VAR_000355,1
VAR_000195,1
VAR_000001,0
VAR_004872,1
VAR_000933,1
VAR_000460,0
VAR_001824,1
VAR_000958,1
VAR_000607,1
VAR_002842,1
VAR_001044,0
VAR_005538,0
VAR_006511,0
VAR_000026,0
VAR_001897,1
VAR_005258,0
VAR_006360,0
VAR_001395,0
VAR_000126,1
VAR_000399,1
VAR_003992,0
VAR_002439,1
VAR_001798,0
VAR_001726,0
VAR_001924,1
VAR_002469,1
VAR_002524,1
VAR_005094,1
VAR_003340,0
VAR_002627,1
VAR_005691,1
VAR_001034,0
VAR_002840,1
VAR_000400,1
VAR_003702,0
VAR_004138,1
VAR_002681,1
VAR_001636,1
VAR_000181,1
VAR_003982,1
VAR_003594,0
VAR_000177,1
VAR_002775,1
VAR_001256,1
VAR_000836,0
VAR_000658,0
VAR_005404,1
VAR_000293,1
VAR_003151,0
VAR_000770,0
VAR_006188,0
VAR_001600,0
VAR_002206,1
VAR_005292,1
VAR_003368,0
VAR_003757,1
VAR_001892,1
VAR_005595,0
VAR_002207,1
VAR_004721,1
VAR_006320,1
VAR_006175,1
VAR_004475,1
VAR_003571,0
VAR_005849,0
VAR_000223,1
VAR_003164,0
VAR_005870,0
VAR_000673,1
VAR_005289,0
VAR_001799,1
VAR_003539,0
VAR_002531,1
VAR_000670,1
VAR_004762,0
VAR_004560,1
VAR_001030,1
VAR_003043,1
VAR_006110,1
VAR_005153,1
VAR_001494,0
VAR_005083,1
VAR_006282,0
VAR_006565,1
VAR_003286,1
VAR_000679,0
VAR_001702,1
VAR_001753,1
VAR_005391,0
VAR_000154,1
VAR_002906,1
VAR_000304,1
VAR_003493,0
VAR_002258,0
VAR_002378,1
VAR_004073,1
VAR_005352,1
VAR_005612,1
VAR_000076,1
VAR_001781,1
VAR_005194,1
VAR_000604,0
VAR_001940,1
VAR_001397,0
VAR_000189,1
VAR_000587,0
VAR_000452,1
VAR_003436,0
VAR_005582,1
VAR_002243,1
VAR_005604,1
VAR_002941,1
VAR_001398,1
VAR_006326,1
VAR_000380,1
VAR_002994,1
VAR_005682,1
VAR_004837,1
VAR_001235,1
VAR_004703,0
VAR_002586,1
VAR_006139,1
VAR_002763,1
VAR_000822,0
VAR_006475,1
VAR_005800,1
VAR_004967,0
VAR_003957,1
VAR_004215,0
VAR_006314,1
VAR_006217,0
VAR_003085,0
VAR_005075,1
VAR_005520,1
VAR_001982,1
VAR_001260,1
VAR_000839,0
VAR_005786,1
VAR_002254,0
VAR_000546,0
VAR_005434,1
VAR_000486,1
VAR_000102,0
VAR_004569,1
VAR_002622,1
VAR_003733,1
VAR_002686,1
VAR_005285,0
VAR_000569,1
VAR_001963,1
VAR_001942,1
VAR_000473,1
VAR_005373,0
VAR_002848,1
VAR_002880,1
VAR_000826,1
VAR_002795,1
VAR_004744,0
VAR_004903,1
VAR_002611,0
VAR_001686,1
VAR_002350,1
VAR_001926,1
VAR_005472,1
VAR_004197,0
VAR_005099,1
VAR_003521,1
VAR_006458,1
VAR_005694,0
VAR_000916,1
VAR_004410,1
VAR_002865,1
VAR_004000,0
VAR_002448,1
VAR_003125,1
VAR_004007,1
VAR_003300,0
VAR_001854,0
VAR_003256,1
VAR_006569,1
VAR_004225,0
VAR_000969,1
VAR_006346,1
VAR_002167,1
VAR_005147,1
VAR_004500,0
VAR_000855,1
VAR_002080,1
VAR_005755,1
VAR_006042,1
VAR_001735,0
VAR_004435,1
VAR_000534,1
VAR_000765,1
VAR_002663,1
VAR_003209,0
VAR_004472,1
VAR_006090,1
VAR_000017,0
VAR_001615,1
VAR_001006,1
VAR_002733,1
VAR_003840,1
VAR_000225,1
VAR_001489,1
VAR_003320,1
VAR_002859,1
VAR_005757,0
VAR_002863,1
VAR_001972,1
VAR_004835,1
VAR_006228,0
VAR_002198,1
VAR_001156,1
VAR_001983,1
VAR_002603,0
VAR_003126,1
VAR_000188,1
VAR_001202,1
VAR_002463,1
VAR_002144,1
VAR_005171,1
VAR_005217,1
VAR_004914,1
VAR_005107,1
VAR_001890,0
VAR_002010,1
VAR_000337,1
VAR_006080,1
VAR_000617,1
VAR_003316,1
VAR_001173,1
VAR_005804,1
VAR_001681,1
VAR_002783,1
VAR_004654,0
VAR_003735,1
VAR_002336,0
VAR_000996,0
VAR_002618,1
VAR_006535,1
VAR_000720,1
VAR_005575,1
VAR_002683,0
VAR_002824,0
VAR_003614,0
VAR_001065,1
VAR_000691,1
VAR_002594,0
VAR_004902,1
VAR_003073,0
VAR_000655,0
VAR_003146,1
VAR_002823,1
VAR_005778,1
VAR_000924,1
VAR_002620,1
VAR_005867,1
VAR_003460,0
VAR_005689,0
VAR_005160,1
VAR_003477,1
VAR_003999,0
VAR_002479,1
VAR_005137,1
VAR_005141,1
VAR_002713,0
VAR_003755,1
VAR_002891,1
VAR_000719,1
VAR_000488,0
VAR_001096,1
VAR_002165,1
VAR_000338,0
VAR_004723,1
VAR_002125,0
VAR_001358,0
VAR_002001,1
VAR_004753,0
VAR_000854,1
VAR_000726,0
VAR_004333,0
VAR_001179,1
VAR_001873,1
VAR_001400,1
VAR_001750,0
VAR_003180,0
VAR_006323,0
VAR_005720,0
VAR_005392,0
VAR_005186,0
VAR_002065,0
VAR_002769,0
VAR_006537,1
VAR_006381,1
VAR_001719,0
VAR_002631,1
VAR_006145,1
VAR_001915,0
VAR_001612,1
VAR_006076,1
VAR_002886,1
VAR_000025,1
VAR_003329,1
VAR_004726,1
VAR_005402,1
VAR_003113,0
VAR_003191,0
VAR_001022,1
VAR_005456,1
VAR_002034,0
VAR_004714,1
VAR_005142,1
VAR_004636,0
VAR_005093,1
VAR_004196,0
VAR_002508,1
VAR_005643,1
VAR_003341,1
VAR_001997,1
VAR_001949,1
VAR_003686,0
VAR_002433,0
VAR_000736,1
VAR_000045,1
VAR_002566,1
VAR_003084,1
VAR_000159,0
VAR_000782,1
VAR_003257,1
VAR_000751,0
VAR_003548,0
VAR_002166,1
VAR_005079,1
VAR_003956,0
VAR_002669,1
VAR_004329,1
VAR_004743,1
VAR_000330,1
VAR_000268,0
VAR_005970,1
VAR_001875,1
VAR_001033,1
VAR_005188,1
VAR_004635,0
VAR_002629,0
VAR_000716,1
VAR_004165,0
VAR_000058,1
VAR_002530,1
VAR_001175,1
VAR_000425,0
VAR_005206,1
VAR_003347,1
VAR_005879,0
VAR_003344,1
VAR_002546,0
VAR_006026,0
VAR_003776,1
VAR_000409,0
VAR_002923,1
VAR_001061,1
VAR_000563,0
VAR_006105,1
VAR_004544,1
VAR_003358,1
VAR_004759,1
VAR_003027,1
VAR_001765,0
VAR_000566,1
VAR_000574,1
VAR_000633,1
VAR_003063,1
VAR_001809,1
VAR_000831,0
VAR_006044,1
VAR_004563,1
VAR_003777,1
VAR_005519,1
VAR_003763,1
VAR_003588,0
VAR_002984,1
VAR_004968,1
VAR_002453,1
VAR_002434,1
VAR_001217,0
VAR_000085,1
VAR_004547,1
VAR_003673,1
VAR_005096,1
VAR_000120,1
VAR_001700,1
VAR_004909,1
VAR_004702,1
VAR_005329,0
VAR_005398,1
VAR_006055,1
VAR_004124,0
VAR_000592,1
VAR_005453,1
VAR_000818,1
VAR_001411,0
VAR_000778,0
VAR_001050,0
VAR_003496,0
VAR_002827,0
VAR_003372,1
VAR_002543,0
VAR_001682,1
VAR_000886,0
VAR_003239,0
VAR_005792,1
VAR_001800,1
VAR_003928,0
VAR_003123,0
VAR_004014,1
VAR_002247,1
VAR_005670,0
VAR_004008,1
VAR_000918,0
VAR_000629,1
VAR_004429,1
VAR_005348,1
VAR_000471,0
VAR_002987,0
VAR_006374,1
VAR_001196,0
VAR_005370,0
VAR_005939,1
VAR_001478,0
VAR_005396,1
VAR_000942,1
VAR_000367,1
VAR_005460,1
VAR_001570,0
VAR_000307,1
VAR_005146,1
VAR_004372,0
VAR_005182,1
VAR_001812,1
VAR_001170,0
VAR_005430,1
VAR_003097,1
VAR_004772,0
VAR_003119,0
VAR_001721,0
VAR_001530,1
VAR_004952,0
VAR_004270,0
VAR_005405,1
VAR_003002,1
VAR_002333,1
VAR_005686,1
VAR_005037,0
VAR_006041,1
VAR_002386,1
VAR_004689,0
VAR_004320,0
VAR_002916,1
VAR_000108,1
VAR_003414,1
VAR_002950,1
VAR_006480,0
VAR_001338,1
VAR_006037,1
VAR_002051,1
VAR_004836,1
VAR_000702,1
VAR_004548,1
VAR_003520,0
VAR_000791,0
VAR_001014,1
VAR_000257,1
VAR_003258,1
VAR_005801,1
VAR_001856,1
VAR_000879,1
VAR_002645,1
VAR_000276,1
VAR_000776,0
VAR_002997,0
VAR_004530,1
VAR_005987,0
VAR_002784,1
VAR_003305,0
VAR_003158,1
VAR_005603,1
VAR_005479,1
VAR_003184,1
VAR_005774,1
VAR_000983,1
VAR_002760,1
VAR_002224,1
VAR_002217,1
VAR_004549,1
VAR_006488,1
VAR_001855,0
VAR_000439,1
VAR_005202,0
VAR_000339,1
VAR_000746,1
VAR_001011,0
VAR_000593,1
VAR_000857,1
VAR_000237,1
VAR_005531,1
VAR_004482,1
VAR_003528,0
VAR_000706,1
VAR_002668,0
VAR_000780,1
VAR_001935,0
VAR_005400,1
VAR_006497,1
VAR_000619,1
VAR_003880,1
VAR_005712,1
VAR_000182,1
VAR_000346,0
VAR_000482,0
VAR_001784,1
VAR_006586,1
VAR_006218,0
VAR_003480,0
VAR_004092,1
VAR_000639,1
VAR_005569,1
VAR_003533,1
VAR_006304,0
VAR_005419,1
VAR_002801,1
VAR_000484,0
VAR_001641,0
VAR_002728,1
VAR_002346,0
VAR_001302,1
VAR_003552,0
VAR_000246,1
VAR_003707,1
VAR_006307,1
VAR_000978,1
VAR_005257,0
VAR_002097,0
VAR_005274,0
VAR_003447,0
VAR_005155,1
VAR_006400,0
VAR_001134,1
VAR_000104,0
VAR_000718,1
VAR_003920,1
VAR_000487,0
VAR_005598,0
VAR_005366,0
VAR_006201,1
VAR_000175,1
VAR_003767,1
VAR_003422,0
VAR_002845,1
VAR_004067,1
VAR_005673,1
VAR_000254,1
VAR_001974,1
VAR_002878,1
VAR_001027,0
VAR_000509,1
VAR_001776,1
VAR_006302,0
VAR_003139,0
VAR_003006,1
VAR_004247,1
VAR_006261,1
VAR_006129,1
VAR_002658,0
VAR_000568,1
VAR_004853,1
VAR_003748,1
VAR_005369,0
VAR_003251,1
VAR_006328,1
VAR_000564,0
VAR_004507,1
VAR_000291,1
VAR_000417,0
VAR_006225,0
VAR_005602,1
VAR_001527,1
VAR_000577,1
VAR_002921,1
VAR_004275,0
VAR_002938,1
VAR_002634,1
VAR_005896,1
VAR_006136,1
VAR_000856,1
VAR_004086,1
VAR_002626,1
VAR_002930,1
VAR_002268,1
VAR_005638,0
VAR_001687,1
VAR_004436,0
VAR_002028,1
VAR_005554,1
VAR_003841,1
VAR_005210,1
VAR_003445,0
VAR_003674,1
VAR_001385,0
VAR_004104,1
VAR_005991,1
VAR_000341,1
VAR_003408,1
VAR_000161,1
VAR_001616,0
VAR_003639,0
VAR_004469,1
VAR_006502,1
VAR_000898,1
VAR_001752,0
VAR_004125,1
VAR_003040,1
VAR_002475,0
VAR_006297,0
VAR_002313,1
VAR_000229,0
VAR_005919,1
VAR_000768,1
VAR_001406,1
VAR_000483,1
VAR_000206,1
VAR_003725,0
VAR_004939,1
VAR_003168,0
VAR_004297,0
VAR_004075,1
VAR_000084,0
VAR_004561,1
VAR_003547,0
VAR_002838,0
VAR_002745,1
VAR_005420,1
VAR_001095,1
VAR_006388,1
VAR_000146,1
VAR_003381,1
VAR_002762,1
VAR_003284,1
VAR_005857,1
VAR_005291,1
VAR_003914,0
VAR_005777,0
VAR_002765,0
VAR_003926,1
VAR_004535,0
VAR_003366,1
VAR_005214,0
VAR_002592,1
VAR_001144,1
VAR_005737,1
VAR_004919,1
VAR_003643,0
VAR_000098,1
VAR_001808,1
VAR_000608,1
VAR_002058,1
VAR_000405,1
VAR_004106,1
VAR_000033,1
VAR_004074,1
VAR_002992,1
VAR_001599,1
VAR_002507,1
VAR_001461,0
VAR_006050,1
VAR_000545,1
VAR_002862,1
VAR_006278,0
VAR_006224,0
VAR_005750,0
VAR_001371,1
VAR_006209,0
VAR_002076,1
VAR_000828,1
VAR_003778,1
VAR_004554,1
VAR_002615,0
VAR_005338,1
VAR_000838,1
VAR_006097,0
VAR_006593,0
VAR_002419,0
VAR_002835,1
VAR_005962,1
VAR_005780,1
VAR_004017,1
VAR_004240,1
VAR_005719,1
VAR_001062,1
VAR_000715,1
VAR_001912,0
VAR_004139,1
VAR_004822,1
VAR_006293,0
VAR_000007,0
VAR_003810,1
VAR_003056,1
VAR_003117,0
VAR_000207,1
VAR_002155,0
VAR_000677,1
VAR_002213,1
VAR_004064,1
VAR_000976,1
VAR_004741,0
VAR_000156,1
VAR_002229,0
VAR_002635,1
VAR_005799,1
VAR_000529,1
VAR_006104,1
VAR_006002,0
VAR_000625,0
VAR_003913,0
VAR_001362,1
VAR_005947,1
VAR_000871,0
VAR_006249,1
VAR_002577,1
VAR_005584,1
VAR_001416,0
VAR_006291,0
VAR_001957,0
VAR_001212,1
VAR_004717,1
VAR_005020,0
VAR_004594,1
VAR_000068,1
VAR_005751,0
VAR_001422,0
VAR_001535,0
VAR_001565,0
VAR_002505,1
VAR_005650,0
VAR_005474,1
VAR_003449,0
VAR_005259,1
VAR_005166,1
VAR_006038,1
VAR_005454,1
VAR_000336,0
VAR_002139,1
VAR_001533,0
VAR_001834,1
VAR_004211,1
VAR_004229,0
VAR_004957,0
VAR_003249,1
VAR_001314,0
VAR_003047,0
VAR_001966,1
VAR_002330,0
VAR_002969,0
VAR_004526,1
VAR_003802,1
VAR_002947,0
VAR_004142,0
VAR_000594,1
VAR_003915,1
VAR_002881,1
VAR_003654,1
VAR_000442,0
VAR_002980,1
VAR_002194,1
VAR_005942,1
VAR_001952,1
VAR_004782,1
VAR_003834,1
VAR_000016,1
VAR_005705,1
VAR_006274,1
VAR_000754,1
VAR_000891,0
VAR_005500,1
VAR_004885,1
VAR_004299,1
VAR_002366,1
VAR_003082,1
VAR_003505,0
VAR_005873,0
VAR_001147,1
VAR_002215,0
VAR_005156,1
VAR_005379,0
VAR_004111,1
VAR_006098,1
VAR_003843,1
VAR_005313,1
VAR_005154,1
VAR_000269,1
VAR_002220,1
VAR_003260,1
VAR_001423,1
VAR_005798,1
VAR_001965,1
VAR_005576,1
VAR_001666,1
VAR_000368,1
VAR_000747,1
VAR_002182,1
VAR_006589,1
VAR_003783,1
VAR_004977,1
VAR_002095,0
VAR_002903,0
VAR_003591,0
VAR_002370,1
VAR_001598,1
VAR_002473,0
VAR_000351,1
VAR_002016,0
VAR_005791,1
VAR_002337,0
VAR_001403,1
VAR_001375,1
VAR_000285,1
VAR_002971,1
VAR_002608,1
VAR_006130,0
VAR_006063,1
VAR_002936,1
VAR_003237,0
VAR_006568,1
VAR_001677,1
VAR_001424,0
VAR_005729,1
VAR_003376,1
VAR_004988,1
VAR_003438,1
VAR_000542,1
VAR_005482,0
VAR_003322,1
VAR_005886,0
VAR_000118,1
VAR_004538,1
VAR_006049,1
VAR_002708,1
VAR_002885,1
VAR_000580,0
VAR_003731,0
VAR_001894,1
VAR_005920,1
VAR_000481,0
VAR_004915,1
VAR_000172,1
VAR_000309,1
VAR_002565,1
VAR_000019,0
VAR_000605,1
VAR_001627,0
VAR_004818,1
VAR_002022,1
VAR_001939,1
VAR_005644,0
VAR_002810,1
VAR_005785,1
VAR_002870,1
VAR_002339,0
VAR_002354,1
VAR_006473,0
VAR_002874,1
VAR_001877,1
VAR_003759,1
VAR_003529,0
VAR_004892,1
VAR_001114,1
VAR_006292,0
VAR_002879,0
VAR_002691,1
VAR_003593,0
VAR_001223,1
VAR_005399,1
VAR_000462,1
VAR_001558,0
VAR_004555,1
VAR_005131,1
VAR_003696,0
VAR_004277,1
VAR_004745,1
VAR_001991,1
VAR_006032,1
VAR_001643,0
VAR_000632,1
VAR_004742,1
VAR_000194,1
VAR_003150,1
VAR_006504,1
VAR_006213,1
VAR_001664,1
VAR_000970,1
VAR_000652,0
VAR_004893,1
VAR_001047,0
VAR_005247,1
VAR_001728,0
VAR_003508,0
VAR_006556,0
VAR_004035,0
VAR_001067,1
VAR_000308,1
VAR_006214,1
VAR_002616,1
VAR_003099,1
VAR_002440,0
VAR_002811,1
VAR_002617,1
VAR_003562,0
VAR_003011,1
VAR_000403,1
VAR_000506,0
VAR_006312,1
VAR_001286,0
VAR_003007,1
VAR_000418,1
VAR_003288,1
VAR_004912,1
VAR_004285,0
VAR_006141,1
VAR_004403,1
VAR_003936,1
VAR_001635,0
VAR_004775,0
VAR_003243,1
VAR_002684,1
VAR_001938,1
VAR_000498,0
VAR_004432,1
VAR_005487,1
VAR_001936,1
VAR_004071,1
VAR_002138,1
VAR_002432,0
VAR_001637,0
VAR_000468,1
VAR_003132,1
VAR_003683,0
VAR_006564,1
VAR_006048,1
VAR_005781,1
VAR_004391,0
VAR_003392,1
VAR_000183,1
VAR_003905,0
VAR_001715,0
VAR_002492,0
VAR_002922,0
VAR_004712,1
VAR_002199,1
VAR_004852,1
VAR_005264,1
VAR_000663,0
VAR_002976,1
VAR_005008,1
VAR_002671,0
VAR_001100,1
VAR_001325,0
VAR_004573,1
VAR_001192,1
VAR_002042,1
VAR_002049,1
VAR_002195,1
VAR_005497,1
VAR_002429,1
VAR_004813,1
VAR_003598,0
VAR_005306,0
VAR_002441,1
VAR_002567,0
VAR_002588,1
VAR_004011,1
VAR_000601,1
VAR_000219,1
VAR_001084,0
VAR_001585,0
VAR_003354,1
VAR_003417,1
VAR_006585,1
VAR_002145,1
VAR_003786,1
VAR_003111,0
VAR_001861,0
VAR_003197,0
VAR_004018,0
VAR_006281,0
VAR_002520,1
VAR_002551,1
VAR_002820,0
VAR_001035,1
VAR_003170,0
VAR_005441,1
VAR_004947,1
VAR_004004,1
VAR_005768,1
VAR_006527,0
VAR_003058,0
VAR_003716,1
VAR_002187,1
VAR_002598,1
VAR_003535,1
VAR_006315,1
VAR_003210,0
VAR_002983,0
VAR_006319,1
VAR_003185,0
VAR_001287,0
VAR_005302,1
VAR_006088,1
VAR_000031,1
VAR_000173,1
VAR_006146,1
VAR_002808,1
VAR_004972,1
VAR_005312,0
VAR_000474,0
VAR_001029,1
VAR_005929,1
VAR_002595,1
VAR_000272,0
VAR_000845,1
VAR_000937,1
VAR_001760,1
VAR_003774,0
VAR_003353,1
VAR_006103,1
VAR_003723,1
VAR_004944,1
VAR_004778,0
VAR_003592,0
VAR_004382,1
VAR_004043,1
VAR_001184,1
VAR_000037,1
VAR_003700,1
VAR_004985,1
VAR_003106,1
VAR_005645,1
VAR_006283,0
VAR_001108,0
VAR_004600,1
VAR_002612,1
VAR_001716,1
VAR_003182,1
VAR_004539,1
VAR_003435,0
VAR_002135,1
VAR_003324,1
VAR_004358,0
VAR_004459,0
VAR_005243,1
VAR_005530,1
VAR_005770,1
VAR_005036,0
VAR_002791,1
VAR_000171,1
VAR_005960,0
VAR_005409,1
VAR_004344,0
VAR_001561,0
VAR_001313,1
VAR_006508,1
VAR_003118,1
VAR_004180,1
VAR_002749,1
VAR_001780,1
VAR_001557,0
VAR_000609,1
VAR_003904,0
VAR_005118,1
VAR_002817,0
VAR_002725,1
VAR_000949,1
VAR_006587,1
VAR_004774,1
VAR_005730,0
VAR_002293,0
VAR_002271,1
VAR_005211,1
VAR_006340,1
VAR_005861,1
VAR_006029,1
VAR_004790,1
VAR_002868,1
VAR_004147,0
VAR_000788,1
VAR_001710,0
VAR_000139,1
VAR_002591,1
VAR_003147,0
VAR_001948,1
VAR_005181,1
VAR_003190,1
VAR_004355,0
VAR_000851,1
VAR_003135,1
VAR_001139,0
VAR_003990,1
VAR_004271,1
VAR_001741,0
VAR_004542,1
VAR_002636,1
VAR_006143,1
VAR_003317,0
VAR_006430,1
VAR_006353,0
VAR_001210,1
VAR_000911,1
VAR_000535,0
VAR_001066,1
VAR_002519,1
VAR_000860,1
VAR_002231,1
VAR_001330,1
VAR_005133,1
VAR_003092,0
VAR_004029,0
VAR_004922,1
VAR_001797,1
VAR_002529,0
VAR_002736,1
VAR_000423,0
VAR_000233,1
VAR_005445,1
VAR_006581,1
VAR_003732,0
VAR_000295,1
VAR_001023,1
VAR_004481,1
VAR_002140,1
VAR_001896,1
VAR_005717,1
VAR_004380,1
VAR_005351,1
VAR_000953,1
VAR_000954,1
VAR_003122,1
VAR_001276,0
VAR_002152,1
VAR_004830,1
VAR_000947,1
VAR_002160,1
VAR_000361,1
VAR_005236,0
VAR_004457,1
VAR_000191,1
VAR_004140,1
VAR_000149,1
VAR_006071,0
VAR_005115,0
VAR_001779,0
VAR_004414,1
VAR_001871,0
VAR_004638,0
VAR_001396,1
VAR_001859,1
VAR_005999,0
VAR_000725,1
VAR_002743,1
VAR_006363,0
VAR_005903,1
VAR_002262,1
VAR_002968,1
VAR_005593,1
VAR_000198,1
VAR_000610,0
VAR_003901,0
VAR_000362,1
VAR_003282,1
VAR_002274,1
VAR_003984,0
VAR_005789,1
VAR_002428,1
VAR_002314,1
VAR_002974,1
VAR_005814,0
VAR_002943,1
VAR_003793,1
VAR_001112,0
VAR_002027,1
VAR_002190,1
VAR_006033,1
VAR_001002,1
VAR_005787,1
VAR_003876,0
VAR_006054,1
VAR_005176,1
VAR_005268,1
VAR_001683,0
VAR_006035,1
VAR_003129,1
VAR_003266,1
VAR_001862,1
VAR_005480,1
VAR_002181,1
VAR_005428,1
VAR_002532,1
VAR_002391,1
VAR_000557,1
VAR_001197,1
VAR_003888,0
VAR_001513,0
VAR_005516,1
VAR_001161,1
VAR_005918,1
VAR_003889,0
VAR_000938,1
VAR_001631,0
VAR_006422,0
VAR_005580,1
VAR_004402,1
VAR_000717,1
VAR_001840,1
VAR_006334,1
VAR_001923,1
VAR_004888,0
VAR_004156,0
VAR_005762,0
VAR_002800,1
VAR_000214,1
VAR_004264,0
VAR_002517,1
VAR_004023,1
VAR_002929,1
VAR_001869,0
VAR_001888,1
VAR_002074,1
VAR_004109,1
VAR_004033,1
VAR_003560,0
VAR_004664,0
VAR_004894,1
VAR_002607,0
VAR_004063,1
VAR_004537,1
VAR_003378,0
VAR_004694,0
VAR_006528,0
VAR_004038,1
VAR_003663,1
VAR_000469,1
VAR_002600,1
VAR_000151,1
VAR_001105,1
VAR_000508,1
VAR_002376,0
VAR_005074,1
VAR_000493,0
VAR_006184,1
VAR_000694,1
VAR_004927,1
VAR_001430,0
VAR_005066,0
VAR_002325,1
VAR_005938,1
VAR_000960,1
VAR_005301,0
VAR_006507,1
VAR_000758,0
VAR_004993,1
VAR_002176,1
VAR_002821,1
VAR_002788,1
VAR_004557,1
VAR_005913,0
VAR_001876,1
VAR_004309,1
VAR_004478,1
VAR_004117,0
VAR_002579,0
VAR_003418,1
VAR_004711,1
VAR_005100,0
VAR_003145,1
VAR_001119,1
VAR_002944,1
VAR_005793,1
VAR_003661,1
VAR_001120,1
VAR_003166,0
VAR_004823,1
VAR_001697,1
VAR_006333,1
VAR_002162,1
VAR_000946,1
VAR_002734,1
VAR_003005,0
VAR_002990,0
VAR_001775,1
VAR_005550,1
VAR_002918,0
VAR_004832,0
VAR_001090,1
VAR_005175,0
VAR_001303,0
VAR_006060,1
VAR_000054,1
VAR_004715,0
VAR_006157,0
VAR_000014,0
VAR_000518,1
VAR_001971,1
VAR_006517,1
VAR_002805,1
VAR_000870,0
VAR_000810,0
VAR_003722,1
VAR_005193,1
VAR_000393,0
VAR_004724,1
VAR_002864,1
VAR_004932,1
VAR_005140,1
VAR_004324,0
VAR_001040,1
VAR_001484,0
VAR_000910,1
VAR_005511,1
VAR_001164,1
VAR_005189,1
VAR_002831,1
VAR_005675,0
VAR_003811,1
VAR_003015,0
VAR_005349,1
VAR_005473,1
VAR_004491,1
VAR_002163,1
VAR_001103,1
VAR_006424,0
VAR_001390,0
VAR_003463,0
VAR_002317,1
VAR_003242,1
VAR_003964,1
VAR_003670,0
VAR_004586,0
VAR_003762,1
VAR_002476,1
VAR_000239,1
VAR_001193,0
VAR_000913,1
VAR_005299,0
VAR_003945,0
VAR_000310,1
VAR_004729,1
VAR_002919,1
VAR_005001,1
VAR_004552,1
VAR_000150,1
VAR_002044,1
VAR_004312,0
VAR_005568,1
VAR_006287,0
VAR_002653,0
VAR_005766,1
VAR_006321,0
VAR_004287,0
VAR_000858,1
VAR_002415,0
VAR_004065,1
VAR_001787,0
VAR_004408,1
VAR_006342,1
VAR_004833,1
VAR_000145,0
VAR_004398,1
VAR_003849,0
VAR_006244,0
VAR_000579,1
VAR_003405,1
VAR_000793,1
VAR_001822,1
VAR_001376,0
VAR_003409,1
VAR_003714,0
VAR_000290,1
VAR_002409,1
VAR_004857,0
VAR_002573,0
VAR_005627,0
VAR_005132,1
VAR_002026,1
VAR_002711,0
VAR_002942,1
VAR_006040,1
VAR_000044,1
VAR_001625,0
VAR_003374,1
VAR_005507,0
VAR_001679,0
VAR_003406,1
VAR_005963,1
VAR_005688,0
VAR_002444,1
VAR_003271,1
VAR_005057,1
VAR_000287,0
VAR_001024,1
VAR_004846,1
VAR_006313,0
VAR_005470,1
VAR_003941,1
VAR_006043,1
VAR_004814,1
VAR_000366,1
VAR_002558,1
VAR_004578,1
VAR_005703,1
VAR_001458,0
VAR_002644,1
VAR_003391,1
VAR_005172,0
VAR_002766,1
VAR_004732,1
VAR_003277,0
VAR_005527,1
VAR_003169,1
VAR_006518,1
VAR_002912,0
VAR_003779,1
VAR_002086,1
VAR_006128,0
VAR_004827,1
VAR_003296,1
VAR_002740,1
VAR_005486,0
VAR_004364,0
VAR_002892,0
VAR_003395,1
VAR_004427,1
VAR_003573,0
VAR_006541,0
VAR_005706,1
VAR_004440,0
VAR_000764,1
VAR_004910,1
VAR_004415,1
VAR_002075,1
VAR_006516,1
VAR_001821,1
VAR_004346,1
VAR_002365,1
VAR_003742,1
VAR_002326,1
VAR_000050,0
VAR_005618,0
VAR_001525,0
VAR_005244,1
VAR_002506,1
VAR_006160,0
VAR_004009,1
VAR_000565,1
VAR_002443,1
VAR_001864,1
VAR_005514,1
VAR_004505,0
VAR_003847,0
VAR_005499,1
VAR_002858,1
VAR_000447,1
VAR_003134,0
VAR_005577,1
VAR_000553,0
VAR_000180,0
VAR_000051,0
VAR_000416,0
VAR_006107,1
VAR_004066,1
VAR_003231,0
VAR_000455,1
VAR_004506,1
VAR_005226,1
VAR_003049,0
VAR_001248,0
VAR_004430,1
VAR_005463,1
VAR_000642,1
VAR_004464,1
VAR_002967,1
VAR_004030,0
VAR_006494,1
VAR_000979,1
VAR_000503,1
VAR_004580,1
VAR_001172,1
VAR_000965,1
VAR_002639,1
VAR_004411,1
VAR_001895,0
VAR_005803,1
VAR_001961,0
VAR_001089,1
VAR_000796,0
VAR_006534,1
VAR_005068,1
VAR_004597,0
VAR_004845,1
VAR_000441,0
VAR_005613,1
VAR_005439,1
VAR_000596,1
VAR_003895,0
VAR_005201,1
VAR_000622,1
VAR_000687,1
VAR_005709,1
VAR_006119,0
VAR_003794,1
VAR_003635,0
VAR_003660,1
VAR_005815,1
VAR_005726,0
VAR_003290,1
VAR_000329,1
VAR_005842,1
VAR_004492,0
VAR_004315,0
VAR_001761,1
VAR_004802,1
VAR_003212,0
VAR_000280,0
VAR_005841,1
VAR_003666,1
VAR_003828,0
VAR_000209,1
VAR_000961,1
VAR_004920,1
VAR_001036,1
VAR_005003,1
VAR_006332,1
VAR_002710,1
VAR_001455,0
VAR_003537,1
VAR_006308,1
VAR_005431,1
VAR_005389,1
VAR_001992,0
VAR_000785,0
VAR_001704,1
VAR_005636,1
VAR_002542,1
VAR_004239,1
VAR_005395,0
VAR_004282,0
VAR_005335,1
VAR_001874,1
VAR_003850,1
VAR_003760,1
VAR_003001,1
VAR_006575,1
VAR_002909,1
VAR_004966,1
VAR_002988,1
VAR_000074,0
VAR_002989,0
VAR_005788,1
VAR_005564,1
VAR_002678,0
VAR_002873,1
VAR_004041,1
VAR_003512,0
VAR_004390,1
VAR_001766,0
VAR_003985,1
VAR_004564,1
VAR_004453,0
VAR_004093,0
VAR_000973,1
VAR_000359,1
VAR_001887,1
VAR_004799,0
VAR_005281,1
VAR_005294,0
VAR_000835,1
VAR_001522,0
VAR_005871,0
VAR_001473,1
VAR_006499,1
VAR_006173,0
VAR_004545,1
VAR_005397,1
VAR_006501,1
VAR_005845,0
VAR_001589,1
VAR_001802,1
VAR_000948,1
VAR_005231,0
VAR_000215,1
VAR_003972,0
VAR_002752,1
VAR_003955,1
VAR_001546,1
VAR_004883,0
VAR_003987,1
VAR_005693,1
VAR_000360,0
VAR_002029,0
VAR_002078,1
VAR_003758,1
VAR_004148,0
VAR_002849,1
VAR_003294,1
VAR_000397,0
VAR_002780,1
VAR_001136,1
VAR_005336,1
VAR_001903,0
VAR_005071,1
VAR_000396,1
VAR_000727,1
VAR_000634,1
VAR_002384,1
VAR_005424,0
VAR_002007,1
VAR_005116,1
VAR_004820,1
VAR_004058,1
VAR_004374,1
