feature,feature_group,source
AL_1,AL_frequency,sample_real_data
AL_2,AL_frequency,sample_real_data
AL_3,AL_frequency,sample_real_data
AL_4,AL_frequency,sample_real_data
AL_5,AL_frequency,sample_real_data
AL_6,AL_frequency,sample_real_data
AL_7,AL_frequency,sample_real_data
AL_8,AL_frequency,sample_real_data
AL_9,AL_frequency,sample_real_data
AL_10,AL_frequency,sample_real_data
AL_11,AL_frequency,sample_real_data
AL_12,AL_frequency,sample_real_data
AL_13,AL_frequency,sample_real_data
AL_14,AL_frequency,sample_real_data
AL_15,AL_frequency,sample_real_data
AL_16,AL_frequency,sample_real_data
AL_17,AL_frequency,sample_real_data
AL_18,AL_frequency,sample_real_data
AL_19,AL_frequency,sample_real_data
AL_20,AL_frequency,sample_real_data
AL_21,AL_frequency,sample_real_data
AL_22,AL_frequency,sample_real_data
AL_23,AL_frequency,sample_real_data
AL_24,AL_frequency,sample_real_data
AL_25,AL_frequency,sample_real_data
AL_26,AL_frequency,sample_real_data
AL_27,AL_frequency,sample_real_data
AL_28,AL_frequency,sample_real_data
AL_29,AL_frequency,sample_real_data
AL_30,AL_frequency,sample_real_data
AL_31,AL_frequency,sample_real_data
AL_32,AL_frequency,sample_real_data
AL_33,AL_frequency,sample_real_data
AL_34,AL_frequency,sample_real_data
AL_35,AL_frequency,sample_real_data
AL_36,AL_frequency,sample_real_data
AL_37,AL_frequency,sample_real_data
AL_38,AL_frequency,sample_real_data
AL_39,AL_frequency,sample_real_data
AL_40,AL_frequency,sample_real_data
AL_41,AL_frequency,sample_real_data
AL_42,AL_frequency,sample_real_data
AL_43,AL_frequency,sample_real_data
AL_44,AL_frequency,sample_real_data
AL_45,AL_frequency,sample_real_data
AL_46,AL_frequency,sample_real_data
AL_47,AL_frequency,sample_real_data
AL_48,AL_frequency,sample_real_data
AL_49,AL_frequency,sample_real_data
AL_50,AL_frequency,sample_real_data
AL_51,AL_frequency,sample_real_data
AL_52,AL_frequency,sample_real_data
AL_53,AL_frequency,sample_real_data
AL_54,AL_frequency,sample_real_data
AL_55,AL_frequency,sample_real_data
AL_56,AL_frequency,sample_real_data
AL_57,AL_frequency,sample_real_data
AL_58,AL_frequency,sample_real_data
AL_59,AL_frequency,sample_real_data
AL_60,AL_frequency,sample_real_data
AL_61,AL_frequency,sample_real_data
AL_62,AL_frequency,sample_real_data
AL_63,AL_frequency,sample_real_data
AL_64,AL_frequency,sample_real_data
AL_65,AL_frequency,sample_real_data
AL_66,AL_frequency,sample_real_data
AL_67,AL_frequency,sample_real_data
AL_68,AL_frequency,sample_real_data
AL_69,AL_frequency,sample_real_data
AL_70,AL_frequency,sample_real_data
AL_71,AL_frequency,sample_real_data
AL_72,AL_frequency,sample_real_data
AL_73,AL_frequency,sample_real_data
AL_74,AL_frequency,sample_real_data
AL_75,AL_frequency,sample_real_data
AL_76,AL_frequency,sample_real_data
AL_77,AL_frequency,sample_real_data
AL_78,AL_frequency,sample_real_data
AL_79,AL_frequency,sample_real_data
AL_80,AL_frequency,sample_real_data
AL_81,AL_frequency,sample_real_data
AL_82,AL_frequency,sample_real_data
AL_83,AL_frequency,sample_real_data
AL_84,AL_frequency,sample_real_data
AL_85,AL_frequency,sample_real_data
AL_86,AL_frequency,sample_real_data
AL_87,AL_frequency,sample_real_data
AL_88,AL_frequency,sample_real_data
AL_89,AL_frequency,sample_real_data
AL_90,AL_frequency,sample_real_data
AL_91,AL_frequency,sample_real_data
AL_92,AL_frequency,sample_real_data
AL_93,AL_frequency,sample_real_data
AL_94,AL_frequency,sample_real_data
AL_95,AL_frequency,sample_real_data
AL_96,AL_frequency,sample_real_data
AL_97,AL_frequency,sample_real_data
AL_98,AL_frequency,sample_real_data
EK_1,EK_conservation,sample_real_data
EK_2,EK_conservation,sample_real_data
EK_3,EK_conservation,sample_real_data
AL_99,AL_frequency,sample_real_data
AL_100,AL_frequency,sample_real_data
AL_101,AL_frequency,sample_real_data
AL_102,AL_frequency,sample_real_data
AL_103,AL_frequency,sample_real_data
AL_104,AL_frequency,sample_real_data
AL_105,AL_frequency,sample_real_data
AL_106,AL_frequency,sample_real_data
AL_107,AL_frequency,sample_real_data
AL_108,AL_frequency,sample_real_data
AL_109,AL_frequency,sample_real_data
AL_110,AL_frequency,sample_real_data
AL_111,AL_frequency,sample_real_data
AL_112,AL_frequency,sample_real_data
AL_113,AL_frequency,sample_real_data
AL_114,AL_frequency,sample_real_data
AL_115,AL_frequency,sample_real_data
AL_116,AL_frequency,sample_real_data
AL_117,AL_frequency,sample_real_data
AL_118,AL_frequency,sample_real_data
AL_119,AL_frequency,sample_real_data
AL_120,AL_frequency,sample_real_data
AL_121,AL_frequency,sample_real_data
AL_122,AL_frequency,sample_real_data
AL_123,AL_frequency,sample_real_data
AL_124,AL_frequency,sample_real_data
AL_125,AL_frequency,sample_real_data
AL_126,AL_frequency,sample_real_data
AL_127,AL_frequency,sample_real_data
AL_128,AL_frequency,sample_real_data
AL_129,AL_frequency,sample_real_data
AL_130,AL_frequency,sample_real_data
AL_131,AL_frequency,sample_real_data
AL_132,AL_frequency,sample_real_data
AL_133,AL_frequency,sample_real_data
AL_134,AL_frequency,sample_real_data
AL_135,AL_frequency,sample_real_data
AL_136,AL_frequency,sample_real_data
AL_137,AL_frequency,sample_real_data
AL_138,AL_frequency,sample_real_data
AL_139,AL_frequency,sample_real_data
AL_140,AL_frequency,sample_real_data
AL_141,AL_frequency,sample_real_data
AL_142,AL_frequency,sample_real_data
AL_143,AL_frequency,sample_real_data
AL_144,AL_frequency,sample_real_data
AL_145,AL_frequency,sample_real_data
AL_146,AL_frequency,sample_real_data
AL_147,AL_frequency,sample_real_data
AL_148,AL_frequency,sample_real_data
AL_149,AL_frequency,sample_real_data
AL_150,AL_frequency,sample_real_data
AL_151,AL_frequency,sample_real_data
AL_152,AL_frequency,sample_real_data
AL_153,AL_frequency,sample_real_data
AL_154,AL_frequency,sample_real_data
AL_155,AL_frequency,sample_real_data
AL_156,AL_frequency,sample_real_data
AL_157,AL_frequency,sample_real_data
AL_158,AL_frequency,sample_real_data
AL_159,AL_frequency,sample_real_data
AL_160,AL_frequency,sample_real_data
AL_161,AL_frequency,sample_real_data
AL_162,AL_frequency,sample_real_data
AL_163,AL_frequency,sample_real_data
AL_164,AL_frequency,sample_real_data
AL_165,AL_frequency,sample_real_data
AL_166,AL_frequency,sample_real_data
AL_167,AL_frequency,sample_real_data
AL_168,AL_frequency,sample_real_data
AL_169,AL_frequency,sample_real_data
AL_170,AL_frequency,sample_real_data
AL_171,AL_frequency,sample_real_data
AL_172,AL_frequency,sample_real_data
AL_173,AL_frequency,sample_real_data
AL_174,AL_frequency,sample_real_data
AL_175,AL_frequency,sample_real_data
AL_176,AL_frequency,sample_real_data
AL_177,AL_frequency,sample_real_data
AL_178,AL_frequency,sample_real_data
AL_179,AL_frequency,sample_real_data
AL_180,AL_frequency,sample_real_data
AL_181,AL_frequency,sample_real_data
AL_182,AL_frequency,sample_real_data
AL_183,AL_frequency,sample_real_data
AL_184,AL_frequency,sample_real_data
AL_185,AL_frequency,sample_real_data
AL_186,AL_frequency,sample_real_data
AL_187,AL_frequency,sample_real_data
AL_188,AL_frequency,sample_real_data
AL_189,AL_frequency,sample_real_data
AL_190,AL_frequency,sample_real_data
AL_191,AL_frequency,sample_real_data
AL_192,AL_frequency,sample_real_data
AL_193,AL_frequency,sample_real_data
AL_194,AL_frequency,sample_real_data
AL_195,AL_frequency,sample_real_data
AL_196,AL_frequency,sample_real_data
AL_197,AL_frequency,sample_real_data
AL_198,AL_frequency,sample_real_data
AL_199,AL_frequency,sample_real_data
AL_200,AL_frequency,sample_real_data
AL_201,AL_frequency,sample_real_data
AL_202,AL_frequency,sample_real_data
AL_203,AL_frequency,sample_real_data
AL_204,AL_frequency,sample_real_data
AL_205,AL_frequency,sample_real_data
AL_206,AL_frequency,sample_real_data
AL_207,AL_frequency,sample_real_data
AL_208,AL_frequency,sample_real_data
AL_209,AL_frequency,sample_real_data
AL_210,AL_frequency,sample_real_data
AL_211,AL_frequency,sample_real_data
AL_212,AL_frequency,sample_real_data
AL_213,AL_frequency,sample_real_data
AL_214,AL_frequency,sample_real_data
AL_215,AL_frequency,sample_real_data
AL_216,AL_frequency,sample_real_data
AL_217,AL_frequency,sample_real_data
AL_218,AL_frequency,sample_real_data
AL_219,AL_frequency,sample_real_data
AL_220,AL_frequency,sample_real_data
AL_221,AL_frequency,sample_real_data
AL_222,AL_frequency,sample_real_data
AL_223,AL_frequency,sample_real_data
AL_224,AL_frequency,sample_real_data
AL_225,AL_frequency,sample_real_data
AL_226,AL_frequency,sample_real_data
AL_227,AL_frequency,sample_real_data
AL_228,AL_frequency,sample_real_data
AL_229,AL_frequency,sample_real_data
AL_230,AL_frequency,sample_real_data
AL_231,AL_frequency,sample_real_data
AL_232,AL_frequency,sample_real_data
AL_233,AL_frequency,sample_real_data
AL_234,AL_frequency,sample_real_data
AL_235,AL_frequency,sample_real_data
AL_236,AL_frequency,sample_real_data
AL_237,AL_frequency,sample_real_data
AL_238,AL_frequency,sample_real_data
AL_239,AL_frequency,sample_real_data
AL_240,AL_frequency,sample_real_data
AL_241,AL_frequency,sample_real_data
AL_242,AL_frequency,sample_real_data
AL_243,AL_frequency,sample_real_data
AL_244,AL_frequency,sample_real_data
AL_245,AL_frequency,sample_real_data
AL_246,AL_frequency,sample_real_data
AL_247,AL_frequency,sample_real_data
AL_248,AL_frequency,sample_real_data
AL_249,AL_frequency,sample_real_data
AL_250,AL_frequency,sample_real_data
AL_251,AL_frequency,sample_real_data
AL_252,AL_frequency,sample_real_data
AL_253,AL_frequency,sample_real_data
AL_254,AL_frequency,sample_real_data
AL_255,AL_frequency,sample_real_data
AL_256,AL_frequency,sample_real_data
AL_257,AL_frequency,sample_real_data
AL_258,AL_frequency,sample_real_data
AL_259,AL_frequency,sample_real_data
AL_260,AL_frequency,sample_real_data
AL_261,AL_frequency,sample_real_data
AL_262,AL_frequency,sample_real_data
AL_263,AL_frequency,sample_real_data
AL_264,AL_frequency,sample_real_data
AL_265,AL_frequency,sample_real_data
AL_266,AL_frequency,sample_real_data
AL_267,AL_frequency,sample_real_data
AL_268,AL_frequency,sample_real_data
AL_269,AL_frequency,sample_real_data
AL_270,AL_frequency,sample_real_data
AL_271,AL_frequency,sample_real_data
AL_272,AL_frequency,sample_real_data
AL_273,AL_frequency,sample_real_data
AL_274,AL_frequency,sample_real_data
AL_275,AL_frequency,sample_real_data
AL_276,AL_frequency,sample_real_data
AL_277,AL_frequency,sample_real_data
AL_278,AL_frequency,sample_real_data
AL_279,AL_frequency,sample_real_data
AL_280,AL_frequency,sample_real_data
AL_281,AL_frequency,sample_real_data
AL_282,AL_frequency,sample_real_data
AL_283,AL_frequency,sample_real_data
AL_284,AL_frequency,sample_real_data
AL_285,AL_frequency,sample_real_data
AL_286,AL_frequency,sample_real_data
AL_287,AL_frequency,sample_real_data
AL_288,AL_frequency,sample_real_data
AL_289,AL_frequency,sample_real_data
AL_290,AL_frequency,sample_real_data
AL_291,AL_frequency,sample_real_data
AL_292,AL_frequency,sample_real_data
AL_293,AL_frequency,sample_real_data
AL_294,AL_frequency,sample_real_data
AL_295,AL_frequency,sample_real_data
AL_296,AL_frequency,sample_real_data
AL_297,AL_frequency,sample_real_data
AL_298,AL_frequency,sample_real_data
AL_299,AL_frequency,sample_real_data
AL_300,AL_frequency,sample_real_data
AL_301,AL_frequency,sample_real_data
AL_302,AL_frequency,sample_real_data
AL_303,AL_frequency,sample_real_data
AL_304,AL_frequency,sample_real_data
AL_305,AL_frequency,sample_real_data
AL_306,AL_frequency,sample_real_data
AL_307,AL_frequency,sample_real_data
AL_308,AL_frequency,sample_real_data
AL_309,AL_frequency,sample_real_data
AL_310,AL_frequency,sample_real_data
AL_311,AL_frequency,sample_real_data
AL_312,AL_frequency,sample_real_data
AL_313,AL_frequency,sample_real_data
AL_314,AL_frequency,sample_real_data
AL_315,AL_frequency,sample_real_data
AL_316,AL_frequency,sample_real_data
AL_317,AL_frequency,sample_real_data
AL_318,AL_frequency,sample_real_data
AL_319,AL_frequency,sample_real_data
AL_320,AL_frequency,sample_real_data
AL_321,AL_frequency,sample_real_data
AL_322,AL_frequency,sample_real_data
AL_323,AL_frequency,sample_real_data
AL_324,AL_frequency,sample_real_data
AL_325,AL_frequency,sample_real_data
AL_326,AL_frequency,sample_real_data
AL_327,AL_frequency,sample_real_data
AL_328,AL_frequency,sample_real_data
AL_329,AL_frequency,sample_real_data
AL_330,AL_frequency,sample_real_data
AL_331,AL_frequency,sample_real_data
AL_332,AL_frequency,sample_real_data
AL_333,AL_frequency,sample_real_data
AL_334,AL_frequency,sample_real_data
EK_4,EK_conservation,sample_real_data
EK_5,EK_conservation,sample_real_data
EK_6,EK_conservation,sample_real_data
EK_7,EK_conservation,sample_real_data
EK_8,EK_conservation,sample_real_data
EK_9,EK_conservation,sample_real_data
al_missing_count,AL_frequency,sample_real_data
al_mean,AL_frequency,sample_real_data
al_max,AL_frequency,sample_real_data
al_min,AL_frequency,sample_real_data
al_std,AL_frequency,sample_real_data
ek_missing_count,EK_conservation,sample_real_data
ek_mean,EK_conservation,sample_real_data
ek_max,EK_conservation,sample_real_data
ek_min,EK_conservation,sample_real_data
ek_std,EK_conservation,sample_real_data
row_missing_count,missingness,sample_real_data
row_missing_rate,missingness,sample_real_data
aa_parse_success,AA_substitution,sample_real_data
aa_unknown_ref,AA_substitution,sample_real_data
aa_unknown_alt,AA_substitution,sample_real_data
molecular_weight_delta,baseline_raw,sample_real_data
hydrophobicity_delta,baseline_raw,sample_real_data
charge_change,baseline_raw,sample_real_data
proline_involved,baseline_raw,sample_real_data
glycine_involved,baseline_raw,sample_real_data
cysteine_involved,baseline_raw,sample_real_data
amino_acid_property_distance,baseline_raw,sample_real_data
