path,exists,bytes
artifacts/models/final_model.pkl,True,1217444
artifacts/models/final_model_columns.txt,True,3495
artifacts/preprocessors/final_preprocessor.pkl,True,40787
artifacts/metrics/final_threshold.json,True,250
artifacts/metrics/final_model_decision.json,True,7382
artifacts/predictions/final_master_cv_predictions.csv,True,220660
artifacts/predictions/final_panel_predictions.csv,True,29330
reports/tables/final_medical_metric_comparison.csv,True,3170
reports/tables/final_model_selection_table.csv,True,5985
reports/tables/fold_threshold_stability.csv,True,5546
reports/tables/overfitting_gap_analysis.csv,True,5684
reports/tables/calibration_decision_matrix.csv,True,2381
reports/tables/final_feature_importance_top30.csv,True,365
reports/final_model_selection_decision.md,True,11407
reports/final_ensemble_decision.md,True,2732
