code_file,classification,dependency_basis
run_pipeline.py,PROTECTED_DO_NOT_TOUCH,source file inventory; detailed import graph deferred until worktree is resolved
scripts/build_fifth_section_explainability.py,ACTIVE_CORE,source file inventory; detailed import graph deferred until worktree is resolved
scripts/build_validation_strategy.py,ACTIVE_CORE,source file inventory; detailed import graph deferred until worktree is resolved
scripts/create_eda_model_bridge.py,ACTIVE_CORE,source file inventory; detailed import graph deferred until worktree is resolved
scripts/create_eda_notebook.py,ACTIVE_CORE,source file inventory; detailed import graph deferred until worktree is resolved
scripts/create_required_notebooks.py,ACTIVE_CORE,source file inventory; detailed import graph deferred until worktree is resolved
scripts/engineer_second_section.py,ACTIVE_CORE,source file inventory; detailed import graph deferred until worktree is resolved
scripts/execute_eda_notebook.py,ACTIVE_CORE,source file inventory; detailed import graph deferred until worktree is resolved
scripts/generate_final_report_assets.py,ACTIVE_CORE,source file inventory; detailed import graph deferred until worktree is resolved
scripts/generate_final_submission.py,ACTIVE_CORE,source file inventory; detailed import graph deferred until worktree is resolved
scripts/package_audited_final_outputs.py,ACTIVE_CORE,source file inventory; detailed import graph deferred until worktree is resolved
scripts/prepare_first_section.py,ACTIVE_CORE,source file inventory; detailed import graph deferred until worktree is resolved
scripts/run_final_competition_pipeline.py,ACTIVE_CORE,source file inventory; detailed import graph deferred until worktree is resolved
scripts/run_final_ensemble.py,ACTIVE_CORE,source file inventory; detailed import graph deferred until worktree is resolved
scripts/run_final_model_zoo.py,ACTIVE_CORE,source file inventory; detailed import graph deferred until worktree is resolved
scripts/run_final_selection_board.py,ACTIVE_CORE,source file inventory; detailed import graph deferred until worktree is resolved
scripts/run_final_test_evaluation.py,ACTIVE_CORE,source file inventory; detailed import graph deferred until worktree is resolved
scripts/run_master_prompt_requirements.py,ACTIVE_CORE,source file inventory; detailed import graph deferred until worktree is resolved
scripts/run_medical_metric_audit.py,ACTIVE_CORE,source file inventory; detailed import graph deferred until worktree is resolved
scripts/run_model_performance_improvement.py,ACTIVE_CORE,source file inventory; detailed import graph deferred until worktree is resolved
scripts/run_optuna_lgbm_study.py,ACTIVE_CORE,source file inventory; detailed import graph deferred until worktree is resolved
scripts/run_pdf_eda_prompt.py,ACTIVE_CORE,source file inventory; detailed import graph deferred until worktree is resolved
scripts/run_phase9_outputs.py,ACTIVE_CORE,source file inventory; detailed import graph deferred until worktree is resolved
scripts/run_teknofest_readiness_audit.py,ACTIVE_CORE,source file inventory; detailed import graph deferred until worktree is resolved
scripts/train_fourth_section.py,ACTIVE_CORE,source file inventory; detailed import graph deferred until worktree is resolved
scripts/v3_freeze_and_audit.py,V3_NEW,source file inventory; detailed import graph deferred until worktree is resolved
src/__init__.py,ACTIVE_CORE,source file inventory; detailed import graph deferred until worktree is resolved
src/advanced_bio_features.py,ACTIVE_CORE,source file inventory; detailed import graph deferred until worktree is resolved
src/baselines.py,ACTIVE_CORE,source file inventory; detailed import graph deferred until worktree is resolved
src/calibration.py,ACTIVE_CORE,source file inventory; detailed import graph deferred until worktree is resolved
src/config.py,ACTIVE_CORE,source file inventory; detailed import graph deferred until worktree is resolved
src/data_loading.py,ACTIVE_CORE,source file inventory; detailed import graph deferred until worktree is resolved
src/ensembling.py,ACTIVE_CORE,source file inventory; detailed import graph deferred until worktree is resolved
src/error_analysis.py,ACTIVE_CORE,source file inventory; detailed import graph deferred until worktree is resolved
src/evaluation.py,ACTIVE_CORE,source file inventory; detailed import graph deferred until worktree is resolved
src/explainability.py,ACTIVE_CORE,source file inventory; detailed import graph deferred until worktree is resolved
src/feature_stability_selection.py,ACTIVE_CORE,source file inventory; detailed import graph deferred until worktree is resolved
src/features.py,ACTIVE_CORE,source file inventory; detailed import graph deferred until worktree is resolved
src/final_calibration.py,ACTIVE_CORE,source file inventory; detailed import graph deferred until worktree is resolved
src/final_competition_pipeline.py,ACTIVE_CORE,source file inventory; detailed import graph deferred until worktree is resolved
src/final_ensembling.py,ACTIVE_CORE,source file inventory; detailed import graph deferred until worktree is resolved
src/final_error_analysis.py,ACTIVE_CORE,source file inventory; detailed import graph deferred until worktree is resolved
src/final_inference.py,ACTIVE_CORE,source file inventory; detailed import graph deferred until worktree is resolved
src/final_model_zoo.py,ACTIVE_CORE,source file inventory; detailed import graph deferred until worktree is resolved
src/final_report_assets.py,ACTIVE_CORE,source file inventory; detailed import graph deferred until worktree is resolved
src/final_selection_board.py,ACTIVE_CORE,source file inventory; detailed import graph deferred until worktree is resolved
src/final_test_evaluation.py,ACTIVE_CORE,source file inventory; detailed import graph deferred until worktree is resolved
src/final_thresholding.py,ACTIVE_CORE,source file inventory; detailed import graph deferred until worktree is resolved
src/final_validation.py,ACTIVE_CORE,source file inventory; detailed import graph deferred until worktree is resolved
src/medical_metrics.py,ACTIVE_CORE,source file inventory; detailed import graph deferred until worktree is resolved
src/metrics.py,ACTIVE_CORE,source file inventory; detailed import graph deferred until worktree is resolved
src/model_selection.py,ACTIVE_CORE,source file inventory; detailed import graph deferred until worktree is resolved
src/models.py,ACTIVE_CORE,source file inventory; detailed import graph deferred until worktree is resolved
src/optimization.py,ACTIVE_CORE,source file inventory; detailed import graph deferred until worktree is resolved
src/phase10_improvements.py,ACTIVE_CORE,source file inventory; detailed import graph deferred until worktree is resolved
src/phase9_outputs.py,ACTIVE_CORE,source file inventory; detailed import graph deferred until worktree is resolved
src/predict_final.py,ACTIVE_CORE,source file inventory; detailed import graph deferred until worktree is resolved
src/run_final_pipeline.py,ACTIVE_CORE,source file inventory; detailed import graph deferred until worktree is resolved
src/sanity_check_final.py,ACTIVE_CORE,source file inventory; detailed import graph deferred until worktree is resolved
src/smoke_test.py,ACTIVE_CORE,source file inventory; detailed import graph deferred until worktree is resolved
src/teknofest/__init__.py,ACTIVE_CORE,source file inventory; detailed import graph deferred until worktree is resolved
src/teknofest/data_prep.py,ACTIVE_CORE,source file inventory; detailed import graph deferred until worktree is resolved
src/teknofest/eda.py,ACTIVE_CORE,source file inventory; detailed import graph deferred until worktree is resolved
src/teknofest/experiments.py,ACTIVE_CORE,source file inventory; detailed import graph deferred until worktree is resolved
src/teknofest/explainability.py,ACTIVE_CORE,source file inventory; detailed import graph deferred until worktree is resolved
src/teknofest/features.py,ACTIVE_CORE,source file inventory; detailed import graph deferred until worktree is resolved
src/teknofest/training.py,ACTIVE_CORE,source file inventory; detailed import graph deferred until worktree is resolved
src/teknofest/validation.py,ACTIVE_CORE,source file inventory; detailed import graph deferred until worktree is resolved
src/thresholding.py,ACTIVE_CORE,source file inventory; detailed import graph deferred until worktree is resolved
src/train_improved.py,ACTIVE_CORE,source file inventory; detailed import graph deferred until worktree is resolved
src/utils.py,ACTIVE_CORE,source file inventory; detailed import graph deferred until worktree is resolved
src/validation.py,ACTIVE_CORE,source file inventory; detailed import graph deferred until worktree is resolved
teknofest2026_artificialintelligenceinhealtcare-main/src/config.py,ACTIVE_CORE,source file inventory; detailed import graph deferred until worktree is resolved
teknofest2026_artificialintelligenceinhealtcare-main/src/feature_engineering.py,ACTIVE_CORE,source file inventory; detailed import graph deferred until worktree is resolved
teknofest2026_artificialintelligenceinhealtcare-main/src/preprocessing.py,ACTIVE_CORE,source file inventory; detailed import graph deferred until worktree is resolved
teknofest2026_artificialintelligenceinhealtcare-main/src/utils/config.py,ACTIVE_CORE,source file inventory; detailed import graph deferred until worktree is resolved
tests/conftest.py,PROTECTED_DO_NOT_TOUCH,source file inventory; detailed import graph deferred until worktree is resolved
tests/test_advanced_bio_features.py,PROTECTED_DO_NOT_TOUCH,source file inventory; detailed import graph deferred until worktree is resolved
tests/test_data_loading.py,PROTECTED_DO_NOT_TOUCH,source file inventory; detailed import graph deferred until worktree is resolved
tests/test_ensembling.py,PROTECTED_DO_NOT_TOUCH,source file inventory; detailed import graph deferred until worktree is resolved
tests/test_evaluation.py,PROTECTED_DO_NOT_TOUCH,source file inventory; detailed import graph deferred until worktree is resolved
tests/test_features.py,PROTECTED_DO_NOT_TOUCH,source file inventory; detailed import graph deferred until worktree is resolved
tests/test_final_inference_schema.py,PROTECTED_DO_NOT_TOUCH,source file inventory; detailed import graph deferred until worktree is resolved
tests/test_final_model_zoo.py,PROTECTED_DO_NOT_TOUCH,source file inventory; detailed import graph deferred until worktree is resolved
tests/test_final_selection_board.py,PROTECTED_DO_NOT_TOUCH,source file inventory; detailed import graph deferred until worktree is resolved
tests/test_fold_safe_target_encoding.py,PROTECTED_DO_NOT_TOUCH,source file inventory; detailed import graph deferred until worktree is resolved
tests/test_medical_metrics.py,PROTECTED_DO_NOT_TOUCH,source file inventory; detailed import graph deferred until worktree is resolved
tests/test_medical_optuna.py,PROTECTED_DO_NOT_TOUCH,source file inventory; detailed import graph deferred until worktree is resolved
tests/test_no_variant_id_leakage.py,PROTECTED_DO_NOT_TOUCH,source file inventory; detailed import graph deferred until worktree is resolved
tests/test_thresholding.py,PROTECTED_DO_NOT_TOUCH,source file inventory; detailed import graph deferred until worktree is resolved
tests/test_validation.py,PROTECTED_DO_NOT_TOUCH,source file inventory; detailed import graph deferred until worktree is resolved
