path,classification,reason,recommended_action
.pytest_cache/.gitignore,SAFE_DELETE_CANDIDATE,cache/regenerated bytecode,delete only after confirming no tooling relies on it
.pytest_cache/CACHEDIR.TAG,SAFE_DELETE_CANDIDATE,cache/regenerated bytecode,delete only after confirming no tooling relies on it
.pytest_cache/README.md,SAFE_DELETE_CANDIDATE,cache/regenerated bytecode,delete only after confirming no tooling relies on it
.pytest_cache/v/cache/lastfailed,SAFE_DELETE_CANDIDATE,cache/regenerated bytecode,delete only after confirming no tooling relies on it
.pytest_cache/v/cache/nodeids,SAFE_DELETE_CANDIDATE,cache/regenerated bytecode,delete only after confirming no tooling relies on it
__pycache__/run_pipeline.cpython-312.pyc,SAFE_DELETE_CANDIDATE,cache/regenerated bytecode,delete only after confirming no tooling relies on it
artifacts/metrics/audited_final_model_decision.json,PROTECTED_DO_NOT_TOUCH,selected/final metric or decision artifact,preserve in place
artifacts/metrics/experiments/experiment_001_initial/all_evaluation_metrics.csv,ARCHIVE_PREVIOUS_RESULTS,generated experiment/report material,move only after human approval
artifacts/metrics/experiments/experiment_001_initial/config.json,ARCHIVE_PREVIOUS_RESULTS,generated experiment/report material,move only after human approval
artifacts/metrics/experiments/experiment_001_initial/diagnosis.md,ARCHIVE_PREVIOUS_RESULTS,generated experiment/report material,move only after human approval
artifacts/metrics/experiments/experiment_001_initial/error_analysis.csv,ARCHIVE_PREVIOUS_RESULTS,generated experiment/report material,move only after human approval
artifacts/metrics/experiments/experiment_001_initial/feature_importance.csv,ARCHIVE_PREVIOUS_RESULTS,generated experiment/report material,move only after human approval
artifacts/metrics/experiments/experiment_001_initial/main_model_cv_results.csv,ARCHIVE_PREVIOUS_RESULTS,generated experiment/report material,move only after human approval
artifacts/metrics/experiments/experiment_001_initial/metrics.csv,ARCHIVE_PREVIOUS_RESULTS,generated experiment/report material,move only after human approval
artifacts/metrics/experiments/experiment_001_initial/panel_generalization_results.csv,ARCHIVE_PREVIOUS_RESULTS,generated experiment/report material,move only after human approval
artifacts/metrics/experiments/experiment_001_initial/threshold_results.csv,ARCHIVE_PREVIOUS_RESULTS,generated experiment/report material,move only after human approval
artifacts/metrics/experiments/experiment_002_f1_threshold/config.json,ARCHIVE_PREVIOUS_RESULTS,generated experiment/report material,move only after human approval
artifacts/metrics/experiments/experiment_002_f1_threshold/diagnosis.md,ARCHIVE_PREVIOUS_RESULTS,generated experiment/report material,move only after human approval
artifacts/metrics/experiments/experiment_002_f1_threshold/metrics.csv,ARCHIVE_PREVIOUS_RESULTS,generated experiment/report material,move only after human approval
artifacts/metrics/experiments/experiment_003_youden_threshold/config.json,ARCHIVE_PREVIOUS_RESULTS,generated experiment/report material,move only after human approval
artifacts/metrics/experiments/experiment_003_youden_threshold/diagnosis.md,ARCHIVE_PREVIOUS_RESULTS,generated experiment/report material,move only after human approval
artifacts/metrics/experiments/experiment_003_youden_threshold/metrics.csv,ARCHIVE_PREVIOUS_RESULTS,generated experiment/report material,move only after human approval
artifacts/metrics/experiments/experiment_004_extra_trees/config.json,ARCHIVE_PREVIOUS_RESULTS,generated experiment/report material,move only after human approval
artifacts/metrics/experiments/experiment_004_extra_trees/diagnosis.md,ARCHIVE_PREVIOUS_RESULTS,generated experiment/report material,move only after human approval
artifacts/metrics/experiments/experiment_004_extra_trees/metrics.csv,ARCHIVE_PREVIOUS_RESULTS,generated experiment/report material,move only after human approval
artifacts/metrics/experiments/experiment_005_catboost/config.json,ARCHIVE_PREVIOUS_RESULTS,generated experiment/report material,move only after human approval
artifacts/metrics/experiments/experiment_005_catboost/diagnosis.md,ARCHIVE_PREVIOUS_RESULTS,generated experiment/report material,move only after human approval
artifacts/metrics/experiments/experiment_005_catboost/metrics.csv,ARCHIVE_PREVIOUS_RESULTS,generated experiment/report material,move only after human approval
artifacts/metrics/experiments/experiment_006_ensemble_stack/config.json,ARCHIVE_PREVIOUS_RESULTS,generated experiment/report material,move only after human approval
artifacts/metrics/experiments/experiment_006_ensemble_stack/diagnosis.md,ARCHIVE_PREVIOUS_RESULTS,generated experiment/report material,move only after human approval
artifacts/metrics/experiments/experiment_006_ensemble_stack/metrics.csv,ARCHIVE_PREVIOUS_RESULTS,generated experiment/report material,move only after human approval
artifacts/metrics/experiments/experiment_007_lr_ek_only/config.json,ARCHIVE_PREVIOUS_RESULTS,generated experiment/report material,move only after human approval
artifacts/metrics/experiments/experiment_007_lr_ek_only/diagnosis.md,ARCHIVE_PREVIOUS_RESULTS,generated experiment/report material,move only after human approval
artifacts/metrics/experiments/experiment_007_lr_ek_only/metrics.csv,ARCHIVE_PREVIOUS_RESULTS,generated experiment/report material,move only after human approval
artifacts/metrics/experiments/experiment_008_ek_only_features/config.json,ARCHIVE_PREVIOUS_RESULTS,generated experiment/report material,move only after human approval
artifacts/metrics/experiments/experiment_008_ek_only_features/diagnosis.md,ARCHIVE_PREVIOUS_RESULTS,generated experiment/report material,move only after human approval
artifacts/metrics/experiments/experiment_008_ek_only_features/metrics.csv,ARCHIVE_PREVIOUS_RESULTS,generated experiment/report material,move only after human approval
artifacts/metrics/experiments/experiment_009_al_only_features/config.json,ARCHIVE_PREVIOUS_RESULTS,generated experiment/report material,move only after human approval
artifacts/metrics/experiments/experiment_009_al_only_features/diagnosis.md,ARCHIVE_PREVIOUS_RESULTS,generated experiment/report material,move only after human approval
artifacts/metrics/experiments/experiment_009_al_only_features/metrics.csv,ARCHIVE_PREVIOUS_RESULTS,generated experiment/report material,move only after human approval
artifacts/metrics/experiments/experiment_010_engineered_only/config.json,ARCHIVE_PREVIOUS_RESULTS,generated experiment/report material,move only after human approval
artifacts/metrics/experiments/experiment_010_engineered_only/diagnosis.md,ARCHIVE_PREVIOUS_RESULTS,generated experiment/report material,move only after human approval
artifacts/metrics/experiments/experiment_010_engineered_only/metrics.csv,ARCHIVE_PREVIOUS_RESULTS,generated experiment/report material,move only after human approval
artifacts/metrics/experiments/lightgbm_balanced_regularized/config.json,ARCHIVE_PREVIOUS_RESULTS,generated experiment/report material,move only after human approval
artifacts/metrics/experiments/lightgbm_balanced_regularized/metrics.csv,ARCHIVE_PREVIOUS_RESULTS,generated experiment/report material,move only after human approval
artifacts/metrics/experiments/lightgbm_conservative_regularized/config.json,ARCHIVE_PREVIOUS_RESULTS,generated experiment/report material,move only after human approval
artifacts/metrics/experiments/lightgbm_conservative_regularized/metrics.csv,ARCHIVE_PREVIOUS_RESULTS,generated experiment/report material,move only after human approval
artifacts/metrics/experiments/lightgbm_current_best/config.json,ARCHIVE_PREVIOUS_RESULTS,generated experiment/report material,move only after human approval
artifacts/metrics/experiments/lightgbm_current_best/metrics.csv,ARCHIVE_PREVIOUS_RESULTS,generated experiment/report material,move only after human approval
artifacts/metrics/experiments/lightgbm_high_capacity_controlled/config.json,ARCHIVE_PREVIOUS_RESULTS,generated experiment/report material,move only after human approval
artifacts/metrics/experiments/lightgbm_high_capacity_controlled/metrics.csv,ARCHIVE_PREVIOUS_RESULTS,generated experiment/report material,move only after human approval
artifacts/metrics/feature_list.json,ARCHIVE_PREVIOUS_RESULTS,generated artifact not identified as final,archive rather than delete
artifacts/metrics/final_config.json,PROTECTED_DO_NOT_TOUCH,selected/final metric or decision artifact,preserve in place
artifacts/metrics/final_feature_list.json,PROTECTED_DO_NOT_TOUCH,selected/final metric or decision artifact,preserve in place
artifacts/metrics/final_metrics.json,PROTECTED_DO_NOT_TOUCH,selected/final metric or decision artifact,preserve in place
artifacts/metrics/final_model_decision.json,PROTECTED_DO_NOT_TOUCH,selected/final metric or decision artifact,preserve in place
artifacts/metrics/final_threshold.json,PROTECTED_DO_NOT_TOUCH,selected/final metric or decision artifact,preserve in place
artifacts/metrics/optuna_medical_best_params.json,ARCHIVE_PREVIOUS_RESULTS,generated artifact not identified as final,archive rather than delete
artifacts/models/audited_master_only_lgbm/feature_columns.txt,ARCHIVE_PREVIOUS_RESULTS,generated artifact not identified as final,archive rather than delete
artifacts/models/audited_master_only_lgbm/full_model.joblib,ARCHIVE_PREVIOUS_RESULTS,generated artifact not identified as final,archive rather than delete
artifacts/models/experiments/experiment_001_initial/README.md,PROTECTED_DO_NOT_TOUCH,reproducibility-critical project file,preserve in place
artifacts/models/experiments/experiment_002_f1_threshold/README.md,PROTECTED_DO_NOT_TOUCH,reproducibility-critical project file,preserve in place
artifacts/models/experiments/experiment_003_youden_threshold/README.md,PROTECTED_DO_NOT_TOUCH,reproducibility-critical project file,preserve in place
artifacts/models/experiments/experiment_004_extra_trees/README.md,PROTECTED_DO_NOT_TOUCH,reproducibility-critical project file,preserve in place
artifacts/models/experiments/experiment_005_catboost/README.md,PROTECTED_DO_NOT_TOUCH,reproducibility-critical project file,preserve in place
artifacts/models/experiments/experiment_006_ensemble_stack/README.md,PROTECTED_DO_NOT_TOUCH,reproducibility-critical project file,preserve in place
artifacts/models/experiments/experiment_007_lr_ek_only/README.md,PROTECTED_DO_NOT_TOUCH,reproducibility-critical project file,preserve in place
artifacts/models/experiments/experiment_008_ek_only_features/README.md,PROTECTED_DO_NOT_TOUCH,reproducibility-critical project file,preserve in place
artifacts/models/experiments/experiment_009_al_only_features/README.md,PROTECTED_DO_NOT_TOUCH,reproducibility-critical project file,preserve in place
artifacts/models/experiments/experiment_010_engineered_only/README.md,PROTECTED_DO_NOT_TOUCH,reproducibility-critical project file,preserve in place
artifacts/models/final_model.pkl,PROTECTED_DO_NOT_TOUCH,selected/final model artifact,preserve in place
artifacts/models/final_model_columns.txt,PROTECTED_DO_NOT_TOUCH,selected/final model artifact,preserve in place
artifacts/models/lightgbm_final.joblib,PROTECTED_DO_NOT_TOUCH,selected/final model artifact,preserve in place
artifacts/models/model_columns.txt,ARCHIVE_PREVIOUS_RESULTS,generated artifact not identified as final,archive rather than delete
artifacts/predictions/audited_master_only_oof_predictions.csv,PROTECTED_DO_NOT_TOUCH,final prediction evidence,preserve in place
artifacts/predictions/audited_panel_unique_predictions.csv,PROTECTED_DO_NOT_TOUCH,final prediction evidence,preserve in place
artifacts/predictions/final_ensemble_oof_predictions.csv,PROTECTED_DO_NOT_TOUCH,final prediction evidence,preserve in place
artifacts/predictions/final_ensemble_panel_predictions.csv,PROTECTED_DO_NOT_TOUCH,final prediction evidence,preserve in place
artifacts/predictions/final_master_cv_predictions.csv,PROTECTED_DO_NOT_TOUCH,final prediction evidence,preserve in place
artifacts/predictions/final_panel_predictions.csv,PROTECTED_DO_NOT_TOUCH,final prediction evidence,preserve in place
artifacts/predictions/master_cv_model_predictions_phase9.csv,ARCHIVE_PREVIOUS_RESULTS,generated artifact not identified as final,archive rather than delete
artifacts/predictions/model_zoo_folds/fold_0_predictions.csv,ARCHIVE_PREVIOUS_RESULTS,generated artifact not identified as final,archive rather than delete
artifacts/predictions/model_zoo_folds/fold_1_predictions.csv,ARCHIVE_PREVIOUS_RESULTS,generated artifact not identified as final,archive rather than delete
artifacts/predictions/model_zoo_folds/fold_2_predictions.csv,ARCHIVE_PREVIOUS_RESULTS,generated artifact not identified as final,archive rather than delete
artifacts/predictions/model_zoo_folds/fold_3_predictions.csv,ARCHIVE_PREVIOUS_RESULTS,generated artifact not identified as final,archive rather than delete
artifacts/predictions/model_zoo_folds/fold_4_predictions.csv,ARCHIVE_PREVIOUS_RESULTS,generated artifact not identified as final,archive rather than delete
artifacts/predictions/model_zoo_oof_predictions.csv,ARCHIVE_PREVIOUS_RESULTS,generated artifact not identified as final,archive rather than delete
artifacts/predictions/model_zoo_panel_predictions.csv,ARCHIVE_PREVIOUS_RESULTS,generated artifact not identified as final,archive rather than delete
artifacts/predictions/oof_predictions.csv,ARCHIVE_PREVIOUS_RESULTS,generated artifact not identified as final,archive rather than delete
artifacts/predictions/optuna_medical_candidate_oof_predictions.csv,ARCHIVE_PREVIOUS_RESULTS,generated artifact not identified as final,archive rather than delete
artifacts/predictions/optuna_medical_candidate_panel_predictions.csv,ARCHIVE_PREVIOUS_RESULTS,generated artifact not identified as final,archive rather than delete
artifacts/predictions/panel_unique_model_predictions_phase9.csv,ARCHIVE_PREVIOUS_RESULTS,generated artifact not identified as final,archive rather than delete
artifacts/predictions/panel_unique_predictions.csv,ARCHIVE_PREVIOUS_RESULTS,generated artifact not identified as final,archive rather than delete
artifacts/preprocessors/feature_engineer.joblib,ARCHIVE_PREVIOUS_RESULTS,generated artifact not identified as final,archive rather than delete
artifacts/preprocessors/final_preprocessor.pkl,PROTECTED_DO_NOT_TOUCH,selected/final preprocessing artifact,preserve in place
audit_outputs/00_repository_inventory.md,ARCHIVE_PREVIOUS_RESULTS,generated experiment/report material,move only after human approval
audit_outputs/01_codebase_architecture.md,ARCHIVE_PREVIOUS_RESULTS,generated experiment/report material,move only after human approval
audit_outputs/02_data_audit_report.md,ARCHIVE_PREVIOUS_RESULTS,generated experiment/report material,move only after human approval
audit_outputs/03_leakage_audit_report.md,ARCHIVE_PREVIOUS_RESULTS,generated experiment/report material,move only after human approval
audit_outputs/04_metric_audit_report.md,ARCHIVE_PREVIOUS_RESULTS,generated experiment/report material,move only after human approval
audit_outputs/05_validation_audit_report.md,ARCHIVE_PREVIOUS_RESULTS,generated experiment/report material,move only after human approval
audit_outputs/06_pipeline_bug_report.md,ARCHIVE_PREVIOUS_RESULTS,generated experiment/report material,move only after human approval
audit_outputs/07_model_audit_report.md,ARCHIVE_PREVIOUS_RESULTS,generated experiment/report material,move only after human approval
audit_outputs/08_feature_engineering_audit.md,ARCHIVE_PREVIOUS_RESULTS,generated experiment/report material,move only after human approval
audit_outputs/09_threshold_calibration_audit.md,ARCHIVE_PREVIOUS_RESULTS,generated experiment/report material,move only after human approval
audit_outputs/10_explainability_audit.md,ARCHIVE_PREVIOUS_RESULTS,generated experiment/report material,move only after human approval
audit_outputs/11_inference_readiness_report.md,ARCHIVE_PREVIOUS_RESULTS,generated experiment/report material,move only after human approval
audit_outputs/12_reproducibility_report.md,ARCHIVE_PREVIOUS_RESULTS,generated experiment/report material,move only after human approval
audit_outputs/13_applied_fixes.md,ARCHIVE_PREVIOUS_RESULTS,generated experiment/report material,move only after human approval
audit_outputs/14_final_model_verification.md,ARCHIVE_PREVIOUS_RESULTS,generated experiment/report material,move only after human approval
audit_outputs/15_teknofest_readiness_verdict.md,ARCHIVE_PREVIOUS_RESULTS,generated experiment/report material,move only after human approval
audit_outputs/audited_feature_importance.csv,ARCHIVE_PREVIOUS_RESULTS,generated experiment/report material,move only after human approval
audit_outputs/audited_feature_importance.png,ARCHIVE_PREVIOUS_RESULTS,generated experiment/report material,move only after human approval
audit_outputs/class_distribution.csv,ARCHIVE_PREVIOUS_RESULTS,generated experiment/report material,move only after human approval
audit_outputs/data_shapes.csv,ARCHIVE_PREVIOUS_RESULTS,generated experiment/report material,move only after human approval
audit_outputs/duplicate_overlap_summary.csv,ARCHIVE_PREVIOUS_RESULTS,generated experiment/report material,move only after human approval
audit_outputs/inference_smoke.csv,ARCHIVE_PREVIOUS_RESULTS,generated experiment/report material,move only after human approval
audit_outputs/missingness_summary.csv,ARCHIVE_PREVIOUS_RESULTS,generated experiment/report material,move only after human approval
audit_outputs/recomputed_confusion_matrices.csv,ARCHIVE_PREVIOUS_RESULTS,generated experiment/report material,move only after human approval
audit_outputs/recomputed_master_metrics.csv,ARCHIVE_PREVIOUS_RESULTS,generated experiment/report material,move only after human approval
audit_outputs/recomputed_panel_metrics.csv,ARCHIVE_PREVIOUS_RESULTS,generated experiment/report material,move only after human approval
audit_outputs/recomputed_subgroup_metrics.csv,ARCHIVE_PREVIOUS_RESULTS,generated experiment/report material,move only after human approval
audit_outputs/recomputed_threshold_sweep.csv,ARCHIVE_PREVIOUS_RESULTS,generated experiment/report material,move only after human approval
audit_outputs/repository_file_listing.txt,ARCHIVE_PREVIOUS_RESULTS,generated experiment/report material,move only after human approval
audit_outputs/schema_mismatch_summary.csv,ARCHIVE_PREVIOUS_RESULTS,generated experiment/report material,move only after human approval
catboost_info/catboost_training.json,ARCHIVE_PREVIOUS_RESULTS,generated experiment/report material,move only after human approval
catboost_info/learn/events.out.tfevents,ARCHIVE_PREVIOUS_RESULTS,generated experiment/report material,move only after human approval
catboost_info/learn_error.tsv,ARCHIVE_PREVIOUS_RESULTS,generated experiment/report material,move only after human approval
catboost_info/time_left.tsv,ARCHIVE_PREVIOUS_RESULTS,generated experiment/report material,move only after human approval
configs/audited_final_model_config.json,ACTIVE_CORE,"source, configuration, or entry point",retain pending dependency review
data/processed/adsiz_dokuman_extracted.txt,PROTECTED_DO_NOT_TOUCH,raw/competition material or required source,preserve in place
data/processed/binary_al_flag_columns.txt,PROTECTED_DO_NOT_TOUCH,raw/competition material or required source,preserve in place
data/processed/cftr_engineered.csv,PROTECTED_DO_NOT_TOUCH,raw/competition material or required source,preserve in place
data/processed/cftr_prepared.csv,PROTECTED_DO_NOT_TOUCH,raw/competition material or required source,preserve in place
data/processed/cftr_unique.csv,PROTECTED_DO_NOT_TOUCH,raw/competition material or required source,preserve in place
data/processed/cftr_unique_engineered.csv,PROTECTED_DO_NOT_TOUCH,raw/competition material or required source,preserve in place
data/processed/codex_repository_pdf_extracted.txt,PROTECTED_DO_NOT_TOUCH,raw/competition material or required source,preserve in place
data/processed/engineered_feature_columns.txt,PROTECTED_DO_NOT_TOUCH,raw/competition material or required source,preserve in place
data/processed/first_section_overlap_summary.csv,PROTECTED_DO_NOT_TOUCH,raw/competition material or required source,preserve in place
data/processed/kanser_engineered.csv,PROTECTED_DO_NOT_TOUCH,raw/competition material or required source,preserve in place
data/processed/kanser_prepared.csv,PROTECTED_DO_NOT_TOUCH,raw/competition material or required source,preserve in place
data/processed/kanser_unique.csv,PROTECTED_DO_NOT_TOUCH,raw/competition material or required source,preserve in place
data/processed/kanser_unique_engineered.csv,PROTECTED_DO_NOT_TOUCH,raw/competition material or required source,preserve in place
data/processed/lgbm_best_params.json,PROTECTED_DO_NOT_TOUCH,raw/competition material or required source,preserve in place
data/processed/lgbm_optuna_trials.csv,PROTECTED_DO_NOT_TOUCH,raw/competition material or required source,preserve in place
data/processed/master_contamination_aware_fold_summary.csv,PROTECTED_DO_NOT_TOUCH,raw/competition material or required source,preserve in place
data/processed/master_contamination_aware_folds.csv,PROTECTED_DO_NOT_TOUCH,raw/competition material or required source,preserve in place
data/processed/master_engineered.csv,PROTECTED_DO_NOT_TOUCH,raw/competition material or required source,preserve in place
data/processed/master_prepared.csv,PROTECTED_DO_NOT_TOUCH,raw/competition material or required source,preserve in place
data/processed/model_performance_improvement_plan_extracted.txt,PROTECTED_DO_NOT_TOUCH,raw/competition material or required source,preserve in place
data/processed/model_training_cv_results.csv,PROTECTED_DO_NOT_TOUCH,raw/competition material or required source,preserve in place
data/processed/model_training_cv_summary.csv,PROTECTED_DO_NOT_TOUCH,raw/competition material or required source,preserve in place
data/processed/pah_engineered.csv,PROTECTED_DO_NOT_TOUCH,raw/competition material or required source,preserve in place
data/processed/pah_prepared.csv,PROTECTED_DO_NOT_TOUCH,raw/competition material or required source,preserve in place
data/processed/pah_unique.csv,PROTECTED_DO_NOT_TOUCH,raw/competition material or required source,preserve in place
data/processed/pah_unique_engineered.csv,PROTECTED_DO_NOT_TOUCH,raw/competition material or required source,preserve in place
data/processed/panel_unique_lightgbm_results.csv,PROTECTED_DO_NOT_TOUCH,raw/competition material or required source,preserve in place
data/processed/pdr_template_extracted.txt,PROTECTED_DO_NOT_TOUCH,raw/competition material or required source,preserve in place
data/processed/phase9_pdf_extracted.txt,PROTECTED_DO_NOT_TOUCH,raw/competition material or required source,preserve in place
data/processed/prompt_pdf_extracted.txt,PROTECTED_DO_NOT_TOUCH,raw/competition material or required source,preserve in place
data/processed/sartname_pdf_extracted.txt,PROTECTED_DO_NOT_TOUCH,raw/competition material or required source,preserve in place
models/feature_engineer.joblib,ACTIVE_CORE,unclassified project support file,retain pending review
models/lightgbm_final.joblib,ACTIVE_CORE,unclassified project support file,retain pending review
models/model_columns.txt,ACTIVE_CORE,unclassified project support file,retain pending review
notebooks/01_data_understanding.ipynb,ARCHIVE_PREVIOUS_RESULTS,generated experiment/report material,move only after human approval
notebooks/02_feature_engineering_and_validation.ipynb,ARCHIVE_PREVIOUS_RESULTS,generated experiment/report material,move only after human approval
notebooks/03_model_training_and_evaluation.ipynb,ARCHIVE_PREVIOUS_RESULTS,generated experiment/report material,move only after human approval
notebooks/04_explainability_and_report_outputs.ipynb,ARCHIVE_PREVIOUS_RESULTS,generated experiment/report material,move only after human approval
outputs/audit/data_audit_report.md,ARCHIVE_PREVIOUS_RESULTS,generated experiment/report material,move only after human approval
outputs/audit/error_analysis_report.md,ARCHIVE_PREVIOUS_RESULTS,generated experiment/report material,move only after human approval
outputs/audit/explainability_audit_report.md,ARCHIVE_PREVIOUS_RESULTS,generated experiment/report material,move only after human approval
outputs/audit/hyperparameter_audit_report.md,ARCHIVE_PREVIOUS_RESULTS,generated experiment/report material,move only after human approval
outputs/audit/leakage_audit_report.md,ARCHIVE_PREVIOUS_RESULTS,generated experiment/report material,move only after human approval
outputs/audit/metric_audit_report.md,ARCHIVE_PREVIOUS_RESULTS,generated experiment/report material,move only after human approval
outputs/audit/prioritized_fix_plan.md,ARCHIVE_PREVIOUS_RESULTS,generated experiment/report material,move only after human approval
outputs/audit/subgroup_audit_report.md,ARCHIVE_PREVIOUS_RESULTS,generated experiment/report material,move only after human approval
outputs/audit/threshold_audit_report.md,ARCHIVE_PREVIOUS_RESULTS,generated experiment/report material,move only after human approval
outputs/figures/feature_importance.png,ARCHIVE_PREVIOUS_RESULTS,generated experiment/report material,move only after human approval
outputs/figures/master_confusion_matrix.png,ARCHIVE_PREVIOUS_RESULTS,generated experiment/report material,move only after human approval
outputs/figures/subgroup_performance.png,ARCHIVE_PREVIOUS_RESULTS,generated experiment/report material,move only after human approval
outputs/figures/threshold_optimization.png,ARCHIVE_PREVIOUS_RESULTS,generated experiment/report material,move only after human approval
outputs/final/error_analysis.csv,ARCHIVE_PREVIOUS_RESULTS,generated experiment/report material,move only after human approval
outputs/final/feature_importance.csv,ARCHIVE_PREVIOUS_RESULTS,generated experiment/report material,move only after human approval
outputs/final/final_metric_verification.csv,ARCHIVE_PREVIOUS_RESULTS,generated experiment/report material,move only after human approval
outputs/final/final_predictions.csv,ARCHIVE_PREVIOUS_RESULTS,generated experiment/report material,move only after human approval
outputs/final/inference_dry_run.csv,ARCHIVE_PREVIOUS_RESULTS,generated experiment/report material,move only after human approval
outputs/final/model_selection_report.md,ARCHIVE_PREVIOUS_RESULTS,generated experiment/report material,move only after human approval
outputs/final/pdr_evidence_summary.md,PROTECTED_DO_NOT_TOUCH,raw/competition material or required source,preserve in place
outputs/final/subgroup_metrics.csv,ARCHIVE_PREVIOUS_RESULTS,generated experiment/report material,move only after human approval
outputs/final/submission.csv,ARCHIVE_PREVIOUS_RESULTS,generated experiment/report material,move only after human approval
outputs/final/TEKNOFEST_MODEL_READINESS_REPORT.md,ARCHIVE_PREVIOUS_RESULTS,generated experiment/report material,move only after human approval
outputs/final/threshold_sweep.csv,ARCHIVE_PREVIOUS_RESULTS,generated experiment/report material,move only after human approval
outputs/final_submission_template.csv,PROTECTED_DO_NOT_TOUCH,raw/competition material or required source,preserve in place
outputs/pdr_assets/error_analysis.csv,PROTECTED_DO_NOT_TOUCH,raw/competition material or required source,preserve in place
outputs/pdr_assets/feature_importance.csv,PROTECTED_DO_NOT_TOUCH,raw/competition material or required source,preserve in place
outputs/pdr_assets/feature_importance.png,PROTECTED_DO_NOT_TOUCH,raw/competition material or required source,preserve in place
outputs/pdr_assets/final_metric_verification.csv,PROTECTED_DO_NOT_TOUCH,raw/competition material or required source,preserve in place
outputs/pdr_assets/master_confusion_matrix.png,PROTECTED_DO_NOT_TOUCH,raw/competition material or required source,preserve in place
outputs/pdr_assets/subgroup_metrics.csv,PROTECTED_DO_NOT_TOUCH,raw/competition material or required source,preserve in place
outputs/pdr_assets/subgroup_performance.png,PROTECTED_DO_NOT_TOUCH,raw/competition material or required source,preserve in place
outputs/pdr_assets/threshold_optimization.png,PROTECTED_DO_NOT_TOUCH,raw/competition material or required source,preserve in place
outputs/pdr_assets/threshold_sweep.csv,PROTECTED_DO_NOT_TOUCH,raw/competition material or required source,preserve in place
README.md,PROTECTED_DO_NOT_TOUCH,reproducibility-critical project file,preserve in place
README_FINAL.md,ACTIVE_CORE,unclassified project support file,retain pending review
README_FINAL_INFERENCE.md,ACTIVE_CORE,unclassified project support file,retain pending review
reports/calibration_decision_review.md,ARCHIVE_PREVIOUS_RESULTS,generated experiment/report material,move only after human approval
reports/current_results_verification.md,ARCHIVE_PREVIOUS_RESULTS,generated experiment/report material,move only after human approval
reports/eda/EDA_MODEL_BRIDGE.md,ARCHIVE_PREVIOUS_RESULTS,generated experiment/report material,move only after human approval
reports/eda/EDA_REPORT.md,ARCHIVE_PREVIOUS_RESULTS,generated experiment/report material,move only after human approval
reports/eda/figures/al_pca_cumulative_variance.png,ARCHIVE_PREVIOUS_RESULTS,generated experiment/report material,move only after human approval
reports/eda/figures/eda_model_feature_alignment.png,ARCHIVE_PREVIOUS_RESULTS,generated experiment/report material,move only after human approval
reports/eda/figures/ek_spearman_correlation.png,ARCHIVE_PREVIOUS_RESULTS,generated experiment/report material,move only after human approval
reports/eda/figures/missingness_top80.png,ARCHIVE_PREVIOUS_RESULTS,generated experiment/report material,move only after human approval
reports/eda/figures/top10_numeric_boxplots.png,ARCHIVE_PREVIOUS_RESULTS,generated experiment/report material,move only after human approval
reports/eda/tables/eda_model_feature_alignment.csv,ARCHIVE_PREVIOUS_RESULTS,generated experiment/report material,move only after human approval
reports/eda/tables/eda_panel_model_alignment.csv,ARCHIVE_PREVIOUS_RESULTS,generated experiment/report material,move only after human approval
reports/eda/tables/eda_to_model_decision_bridge.csv,ARCHIVE_PREVIOUS_RESULTS,generated experiment/report material,move only after human approval
reports/eda/tables/phase1_constant_near_constant.csv,ARCHIVE_PREVIOUS_RESULTS,generated experiment/report material,move only after human approval
reports/eda/tables/phase1_missingness_bands.csv,ARCHIVE_PREVIOUS_RESULTS,generated experiment/report material,move only after human approval
reports/eda/tables/phase1_missingness_profile.csv,ARCHIVE_PREVIOUS_RESULTS,generated experiment/report material,move only after human approval
reports/eda/tables/phase1_overlaps.csv,ARCHIVE_PREVIOUS_RESULTS,generated experiment/report material,move only after human approval
reports/eda/tables/phase1_schema_class_balance.csv,ARCHIVE_PREVIOUS_RESULTS,generated experiment/report material,move only after human approval
reports/eda/tables/phase2_aa_frequency.csv,ARCHIVE_PREVIOUS_RESULTS,generated experiment/report material,move only after human approval
reports/eda/tables/phase2_aa_nonstandard_codes.csv,ARCHIVE_PREVIOUS_RESULTS,generated experiment/report material,move only after human approval
reports/eda/tables/phase2_aa_pairs.csv,ARCHIVE_PREVIOUS_RESULTS,generated experiment/report material,move only after human approval
reports/eda/tables/phase2_al_distribution_summary.csv,ARCHIVE_PREVIOUS_RESULTS,generated experiment/report material,move only after human approval
reports/eda/tables/phase2_al_groups_by_n_notna.csv,ARCHIVE_PREVIOUS_RESULTS,generated experiment/report material,move only after human approval
reports/eda/tables/phase2_cat_label_rates.csv,ARCHIVE_PREVIOUS_RESULTS,generated experiment/report material,move only after human approval
reports/eda/tables/phase2_cat_summary.csv,ARCHIVE_PREVIOUS_RESULTS,generated experiment/report material,move only after human approval
reports/eda/tables/phase2_ek_spearman_correlation.csv,ARCHIVE_PREVIOUS_RESULTS,generated experiment/report material,move only after human approval
reports/eda/tables/phase2_ek_summary.csv,ARCHIVE_PREVIOUS_RESULTS,generated experiment/report material,move only after human approval
reports/eda/tables/phase3_missingness_as_feature.csv,ARCHIVE_PREVIOUS_RESULTS,generated experiment/report material,move only after human approval
reports/eda/tables/phase3_numeric_auc_ranked.csv,ARCHIVE_PREVIOUS_RESULTS,generated experiment/report material,move only after human approval
reports/eda/tables/phase4_al_pca.csv,ARCHIVE_PREVIOUS_RESULTS,generated experiment/report material,move only after human approval
reports/eda/tables/phase4_al_triplet_correlations.csv,ARCHIVE_PREVIOUS_RESULTS,generated experiment/report material,move only after human approval
reports/eda/tables/phase4_cross_group_spearman.csv,ARCHIVE_PREVIOUS_RESULTS,generated experiment/report material,move only after human approval
reports/eda/tables/phase4_high_cross_group_correlations.csv,ARCHIVE_PREVIOUS_RESULTS,generated experiment/report material,move only after human approval
reports/eda/tables/phase4_leakage_suspects.csv,ARCHIVE_PREVIOUS_RESULTS,generated experiment/report material,move only after human approval
reports/eda/tables/phase5_panel_unique_vs_shared.csv,ARCHIVE_PREVIOUS_RESULTS,generated experiment/report material,move only after human approval
reports/eda/tables/phase5_top10_cross_dataset_shift.csv,ARCHIVE_PREVIOUS_RESULTS,generated experiment/report material,move only after human approval
reports/eda/tables/phase6_acmg_interpretation.csv,ARCHIVE_PREVIOUS_RESULTS,generated experiment/report material,move only after human approval
reports/eda/TEKNOFEST2026_EDA.ipynb,ARCHIVE_PREVIOUS_RESULTS,generated experiment/report material,move only after human approval
reports/eda/TEKNOFEST2026_EDA_EXECUTED.ipynb,ARCHIVE_PREVIOUS_RESULTS,generated experiment/report material,move only after human approval
reports/eda_notebook_outputs/figures/al_pca_cumulative_variance.png,ARCHIVE_PREVIOUS_RESULTS,generated experiment/report material,move only after human approval
reports/eda_notebook_outputs/figures/ek_spearman_correlation.png,ARCHIVE_PREVIOUS_RESULTS,generated experiment/report material,move only after human approval
reports/eda_notebook_outputs/figures/missingness_top80.png,ARCHIVE_PREVIOUS_RESULTS,generated experiment/report material,move only after human approval
reports/eda_notebook_outputs/figures/top10_numeric_boxplots.png,ARCHIVE_PREVIOUS_RESULTS,generated experiment/report material,move only after human approval
reports/eda_notebook_outputs/tables/phase1_constant_near_constant.csv,ARCHIVE_PREVIOUS_RESULTS,generated experiment/report material,move only after human approval
reports/eda_notebook_outputs/tables/phase1_missingness_profile.csv,ARCHIVE_PREVIOUS_RESULTS,generated experiment/report material,move only after human approval
reports/eda_notebook_outputs/tables/phase1_overlaps.csv,ARCHIVE_PREVIOUS_RESULTS,generated experiment/report material,move only after human approval
reports/eda_notebook_outputs/tables/phase1_schema_class_balance.csv,ARCHIVE_PREVIOUS_RESULTS,generated experiment/report material,move only after human approval
reports/eda_notebook_outputs/tables/phase2_aa_frequency.csv,ARCHIVE_PREVIOUS_RESULTS,generated experiment/report material,move only after human approval
reports/eda_notebook_outputs/tables/phase2_aa_pairs.csv,ARCHIVE_PREVIOUS_RESULTS,generated experiment/report material,move only after human approval
reports/eda_notebook_outputs/tables/phase2_al_distribution_summary.csv,ARCHIVE_PREVIOUS_RESULTS,generated experiment/report material,move only after human approval
reports/eda_notebook_outputs/tables/phase2_al_groups_by_n_notna.csv,ARCHIVE_PREVIOUS_RESULTS,generated experiment/report material,move only after human approval
reports/eda_notebook_outputs/tables/phase2_cat_label_rates.csv,ARCHIVE_PREVIOUS_RESULTS,generated experiment/report material,move only after human approval
reports/eda_notebook_outputs/tables/phase2_cat_summary.csv,ARCHIVE_PREVIOUS_RESULTS,generated experiment/report material,move only after human approval
reports/eda_notebook_outputs/tables/phase2_ek_spearman_correlation.csv,ARCHIVE_PREVIOUS_RESULTS,generated experiment/report material,move only after human approval
reports/eda_notebook_outputs/tables/phase2_ek_summary.csv,ARCHIVE_PREVIOUS_RESULTS,generated experiment/report material,move only after human approval
reports/eda_notebook_outputs/tables/phase3_missingness_as_feature.csv,ARCHIVE_PREVIOUS_RESULTS,generated experiment/report material,move only after human approval
reports/eda_notebook_outputs/tables/phase3_numeric_auc_ranked.csv,ARCHIVE_PREVIOUS_RESULTS,generated experiment/report material,move only after human approval
reports/eda_notebook_outputs/tables/phase4_al_pca.csv,ARCHIVE_PREVIOUS_RESULTS,generated experiment/report material,move only after human approval
reports/eda_notebook_outputs/tables/phase4_al_triplet_correlations.csv,ARCHIVE_PREVIOUS_RESULTS,generated experiment/report material,move only after human approval
reports/eda_notebook_outputs/tables/phase4_cross_group_spearman.csv,ARCHIVE_PREVIOUS_RESULTS,generated experiment/report material,move only after human approval
reports/eda_notebook_outputs/tables/phase4_high_cross_group_correlations.csv,ARCHIVE_PREVIOUS_RESULTS,generated experiment/report material,move only after human approval
reports/eda_notebook_outputs/tables/phase4_leakage_suspects.csv,ARCHIVE_PREVIOUS_RESULTS,generated experiment/report material,move only after human approval
reports/eda_notebook_outputs/tables/phase5_panel_unique_vs_shared.csv,ARCHIVE_PREVIOUS_RESULTS,generated experiment/report material,move only after human approval
reports/eda_notebook_outputs/tables/phase5_top10_cross_dataset_shift.csv,ARCHIVE_PREVIOUS_RESULTS,generated experiment/report material,move only after human approval
reports/eda_notebook_outputs/tables/phase6_acmg_interpretation.csv,ARCHIVE_PREVIOUS_RESULTS,generated experiment/report material,move only after human approval
reports/explainability/acmg_feature_mapping.csv,ARCHIVE_PREVIOUS_RESULTS,generated experiment/report material,move only after human approval
reports/explainability/shap_beeswarm.png,ARCHIVE_PREVIOUS_RESULTS,generated experiment/report material,move only after human approval
reports/explainability/shap_case_confusion_matrix.csv,ARCHIVE_PREVIOUS_RESULTS,generated experiment/report material,move only after human approval
reports/explainability/shap_case_panel_unique_confusion_matrix.csv,ARCHIVE_PREVIOUS_RESULTS,generated experiment/report material,move only after human approval
reports/explainability/shap_dependence_EK7_by_EK9.png,ARCHIVE_PREVIOUS_RESULTS,generated experiment/report material,move only after human approval
reports/explainability/shap_dependence_npops_by_maxAF.png,ARCHIVE_PREVIOUS_RESULTS,generated experiment/report material,move only after human approval
reports/explainability/shap_global_bar.png,ARCHIVE_PREVIOUS_RESULTS,generated experiment/report material,move only after human approval
reports/explainability/shap_global_importance.csv,ARCHIVE_PREVIOUS_RESULTS,generated experiment/report material,move only after human approval
reports/explainability/shap_group_importance.csv,ARCHIVE_PREVIOUS_RESULTS,generated experiment/report material,move only after human approval
reports/explainability/shap_waterfall_01_TP.png,ARCHIVE_PREVIOUS_RESULTS,generated experiment/report material,move only after human approval
reports/explainability/shap_waterfall_02_TP.png,ARCHIVE_PREVIOUS_RESULTS,generated experiment/report material,move only after human approval
reports/explainability/shap_waterfall_03_TP.png,ARCHIVE_PREVIOUS_RESULTS,generated experiment/report material,move only after human approval
reports/explainability/shap_waterfall_04_TP.png,ARCHIVE_PREVIOUS_RESULTS,generated experiment/report material,move only after human approval
reports/explainability/shap_waterfall_05_TP.png,ARCHIVE_PREVIOUS_RESULTS,generated experiment/report material,move only after human approval
reports/explainability/shap_waterfall_06_TN.png,ARCHIVE_PREVIOUS_RESULTS,generated experiment/report material,move only after human approval
reports/explainability/shap_waterfall_07_TN.png,ARCHIVE_PREVIOUS_RESULTS,generated experiment/report material,move only after human approval
reports/explainability/shap_waterfall_08_TN.png,ARCHIVE_PREVIOUS_RESULTS,generated experiment/report material,move only after human approval
reports/explainability/shap_waterfall_09_TN.png,ARCHIVE_PREVIOUS_RESULTS,generated experiment/report material,move only after human approval
reports/explainability/shap_waterfall_10_TN.png,ARCHIVE_PREVIOUS_RESULTS,generated experiment/report material,move only after human approval
reports/explainability/shap_waterfall_11_FN.png,ARCHIVE_PREVIOUS_RESULTS,generated experiment/report material,move only after human approval
reports/explainability/shap_waterfall_12_FN.png,ARCHIVE_PREVIOUS_RESULTS,generated experiment/report material,move only after human approval
reports/explainability/shap_waterfall_13_FN.png,ARCHIVE_PREVIOUS_RESULTS,generated experiment/report material,move only after human approval
reports/explainability/shap_waterfall_14_FN.png,ARCHIVE_PREVIOUS_RESULTS,generated experiment/report material,move only after human approval
reports/explainability/shap_waterfall_15_FN.png,ARCHIVE_PREVIOUS_RESULTS,generated experiment/report material,move only after human approval
reports/explainability/shap_waterfall_cases.csv,ARCHIVE_PREVIOUS_RESULTS,generated experiment/report material,move only after human approval
reports/explainability/shap_waterfall_panel_unique_01_TP.png,ARCHIVE_PREVIOUS_RESULTS,generated experiment/report material,move only after human approval
reports/explainability/shap_waterfall_panel_unique_02_TP.png,ARCHIVE_PREVIOUS_RESULTS,generated experiment/report material,move only after human approval
reports/explainability/shap_waterfall_panel_unique_03_TP.png,ARCHIVE_PREVIOUS_RESULTS,generated experiment/report material,move only after human approval
reports/explainability/shap_waterfall_panel_unique_04_TP.png,ARCHIVE_PREVIOUS_RESULTS,generated experiment/report material,move only after human approval
reports/explainability/shap_waterfall_panel_unique_05_TP.png,ARCHIVE_PREVIOUS_RESULTS,generated experiment/report material,move only after human approval
reports/explainability/shap_waterfall_panel_unique_06_TN.png,ARCHIVE_PREVIOUS_RESULTS,generated experiment/report material,move only after human approval
reports/explainability/shap_waterfall_panel_unique_07_TN.png,ARCHIVE_PREVIOUS_RESULTS,generated experiment/report material,move only after human approval
reports/explainability/shap_waterfall_panel_unique_08_TN.png,ARCHIVE_PREVIOUS_RESULTS,generated experiment/report material,move only after human approval
reports/explainability/shap_waterfall_panel_unique_09_TN.png,ARCHIVE_PREVIOUS_RESULTS,generated experiment/report material,move only after human approval
reports/explainability/shap_waterfall_panel_unique_10_TN.png,ARCHIVE_PREVIOUS_RESULTS,generated experiment/report material,move only after human approval
reports/explainability/shap_waterfall_panel_unique_11_FP.png,ARCHIVE_PREVIOUS_RESULTS,generated experiment/report material,move only after human approval
reports/explainability/shap_waterfall_panel_unique_12_FP.png,ARCHIVE_PREVIOUS_RESULTS,generated experiment/report material,move only after human approval
reports/explainability/shap_waterfall_panel_unique_13_FP.png,ARCHIVE_PREVIOUS_RESULTS,generated experiment/report material,move only after human approval
reports/explainability/shap_waterfall_panel_unique_14_FP.png,ARCHIVE_PREVIOUS_RESULTS,generated experiment/report material,move only after human approval
reports/explainability/shap_waterfall_panel_unique_15_FP.png,ARCHIVE_PREVIOUS_RESULTS,generated experiment/report material,move only after human approval
reports/explainability/shap_waterfall_panel_unique_16_FN.png,ARCHIVE_PREVIOUS_RESULTS,generated experiment/report material,move only after human approval
reports/explainability/shap_waterfall_panel_unique_17_FN.png,ARCHIVE_PREVIOUS_RESULTS,generated experiment/report material,move only after human approval
reports/explainability/shap_waterfall_panel_unique_18_FN.png,ARCHIVE_PREVIOUS_RESULTS,generated experiment/report material,move only after human approval
reports/explainability/shap_waterfall_panel_unique_19_FN.png,ARCHIVE_PREVIOUS_RESULTS,generated experiment/report material,move only after human approval
reports/explainability/shap_waterfall_panel_unique_20_FN.png,ARCHIVE_PREVIOUS_RESULTS,generated experiment/report material,move only after human approval
reports/explainability/shap_waterfall_panel_unique_cases.csv,ARCHIVE_PREVIOUS_RESULTS,generated experiment/report material,move only after human approval
reports/figures/advanced_threshold_comparison.png,ARCHIVE_PREVIOUS_RESULTS,generated experiment/report material,move only after human approval
reports/figures/brier_logloss_comparison.png,ARCHIVE_PREVIOUS_RESULTS,generated experiment/report material,move only after human approval
reports/figures/calibration_curves.png,ARCHIVE_PREVIOUS_RESULTS,generated experiment/report material,move only after human approval
reports/figures/class_distribution_by_dataset.png,ARCHIVE_PREVIOUS_RESULTS,generated experiment/report material,move only after human approval
reports/figures/confusion_matrix_cftr_unique.png,ARCHIVE_PREVIOUS_RESULTS,generated experiment/report material,move only after human approval
reports/figures/confusion_matrix_kanser_unique.png,ARCHIVE_PREVIOUS_RESULTS,generated experiment/report material,move only after human approval
reports/figures/confusion_matrix_master.png,ARCHIVE_PREVIOUS_RESULTS,generated experiment/report material,move only after human approval
reports/figures/confusion_matrix_pah_unique.png,ARCHIVE_PREVIOUS_RESULTS,generated experiment/report material,move only after human approval
reports/figures/confusion_matrix_panel_unique_combined.png,ARCHIVE_PREVIOUS_RESULTS,generated experiment/report material,move only after human approval
reports/figures/correlation_matrix_top_features.png,ARCHIVE_PREVIOUS_RESULTS,generated experiment/report material,move only after human approval
reports/figures/error_analysis_key_features.png,ARCHIVE_PREVIOUS_RESULTS,generated experiment/report material,move only after human approval
reports/figures/experiments/experiment_001_initial/advanced_threshold_comparison.png,ARCHIVE_PREVIOUS_RESULTS,generated experiment/report material,move only after human approval
reports/figures/experiments/experiment_001_initial/brier_logloss_comparison.png,ARCHIVE_PREVIOUS_RESULTS,generated experiment/report material,move only after human approval
reports/figures/experiments/experiment_001_initial/calibration_curves.png,ARCHIVE_PREVIOUS_RESULTS,generated experiment/report material,move only after human approval
reports/figures/experiments/experiment_001_initial/class_distribution_by_dataset.png,ARCHIVE_PREVIOUS_RESULTS,generated experiment/report material,move only after human approval
reports/figures/experiments/experiment_001_initial/confusion_matrix_cftr_unique.png,ARCHIVE_PREVIOUS_RESULTS,generated experiment/report material,move only after human approval
reports/figures/experiments/experiment_001_initial/confusion_matrix_kanser_unique.png,ARCHIVE_PREVIOUS_RESULTS,generated experiment/report material,move only after human approval
reports/figures/experiments/experiment_001_initial/confusion_matrix_master.png,ARCHIVE_PREVIOUS_RESULTS,generated experiment/report material,move only after human approval
reports/figures/experiments/experiment_001_initial/confusion_matrix_pah_unique.png,ARCHIVE_PREVIOUS_RESULTS,generated experiment/report material,move only after human approval
reports/figures/experiments/experiment_001_initial/confusion_matrix_panel_unique_combined.png,ARCHIVE_PREVIOUS_RESULTS,generated experiment/report material,move only after human approval
reports/figures/experiments/experiment_001_initial/correlation_matrix_top_features.png,ARCHIVE_PREVIOUS_RESULTS,generated experiment/report material,move only after human approval
reports/figures/experiments/experiment_001_initial/error_analysis_key_features.png,ARCHIVE_PREVIOUS_RESULTS,generated experiment/report material,move only after human approval
reports/figures/experiments/experiment_001_initial/feature_group_ablation_comparison.png,ARCHIVE_PREVIOUS_RESULTS,generated experiment/report material,move only after human approval
reports/figures/experiments/experiment_001_initial/feature_importance.png,ARCHIVE_PREVIOUS_RESULTS,generated experiment/report material,move only after human approval
reports/figures/experiments/experiment_001_initial/feature_importance_top30.png,ARCHIVE_PREVIOUS_RESULTS,generated experiment/report material,move only after human approval
reports/figures/experiments/experiment_001_initial/final_calibration_curve.png,PROTECTED_DO_NOT_TOUCH,final report or presentation resource,preserve in place
reports/figures/experiments/experiment_001_initial/final_calibration_decision_plot.png,PROTECTED_DO_NOT_TOUCH,final report or presentation resource,preserve in place
reports/figures/experiments/experiment_001_initial/final_confusion_matrix_master.png,PROTECTED_DO_NOT_TOUCH,final report or presentation resource,preserve in place
reports/figures/experiments/experiment_001_initial/final_error_group_feature_distributions.png,PROTECTED_DO_NOT_TOUCH,final report or presentation resource,preserve in place
reports/figures/experiments/experiment_001_initial/final_feature_importance.png,PROTECTED_DO_NOT_TOUCH,final report or presentation resource,preserve in place
reports/figures/experiments/experiment_001_initial/final_feature_importance_top30.png,PROTECTED_DO_NOT_TOUCH,final report or presentation resource,preserve in place
reports/figures/experiments/experiment_001_initial/final_fp_fn_feature_contrast.png,PROTECTED_DO_NOT_TOUCH,final report or presentation resource,preserve in place
reports/figures/experiments/experiment_001_initial/final_model_comparison.png,PROTECTED_DO_NOT_TOUCH,final report or presentation resource,preserve in place
reports/figures/experiments/experiment_001_initial/final_panel_specific_confusion_matrices.png,PROTECTED_DO_NOT_TOUCH,final report or presentation resource,preserve in place
reports/figures/experiments/experiment_001_initial/final_panel_specific_metric_comparison.png,PROTECTED_DO_NOT_TOUCH,final report or presentation resource,preserve in place
reports/figures/experiments/experiment_001_initial/final_pr_curve_master.png,PROTECTED_DO_NOT_TOUCH,final report or presentation resource,preserve in place
reports/figures/experiments/experiment_001_initial/final_roc_curve_master.png,PROTECTED_DO_NOT_TOUCH,final report or presentation resource,preserve in place
reports/figures/experiments/experiment_001_initial/final_threshold_analysis.png,PROTECTED_DO_NOT_TOUCH,final report or presentation resource,preserve in place
reports/figures/experiments/experiment_001_initial/fold_threshold_distribution.png,ARCHIVE_PREVIOUS_RESULTS,generated experiment/report material,move only after human approval
reports/figures/experiments/experiment_001_initial/missingness_by_feature_group.png,ARCHIVE_PREVIOUS_RESULTS,generated experiment/report material,move only after human approval
reports/figures/experiments/experiment_001_initial/model_comparison.png,ARCHIVE_PREVIOUS_RESULTS,generated experiment/report material,move only after human approval
reports/figures/experiments/experiment_001_initial/model_comparison_metrics.png,ARCHIVE_PREVIOUS_RESULTS,generated experiment/report material,move only after human approval
reports/figures/experiments/experiment_001_initial/optuna_medical_optimization_history.png,ARCHIVE_PREVIOUS_RESULTS,generated experiment/report material,move only after human approval
reports/figures/experiments/experiment_001_initial/optuna_param_importance.png,ARCHIVE_PREVIOUS_RESULTS,generated experiment/report material,move only after human approval
reports/figures/experiments/experiment_001_initial/panel_confusion_matrices.png,ARCHIVE_PREVIOUS_RESULTS,generated experiment/report material,move only after human approval
reports/figures/experiments/experiment_001_initial/panel_error_feature_distributions.png,ARCHIVE_PREVIOUS_RESULTS,generated experiment/report material,move only after human approval
reports/figures/experiments/experiment_001_initial/phase10_before_after_comparison.png,ARCHIVE_PREVIOUS_RESULTS,generated experiment/report material,move only after human approval
reports/figures/experiments/experiment_001_initial/pr_curve_master.png,ARCHIVE_PREVIOUS_RESULTS,generated experiment/report material,move only after human approval
reports/figures/experiments/experiment_001_initial/pr_curve_panel_unique.png,ARCHIVE_PREVIOUS_RESULTS,generated experiment/report material,move only after human approval
reports/figures/experiments/experiment_001_initial/roc_curve_master.png,ARCHIVE_PREVIOUS_RESULTS,generated experiment/report material,move only after human approval
reports/figures/experiments/experiment_001_initial/roc_curve_panel_unique.png,ARCHIVE_PREVIOUS_RESULTS,generated experiment/report material,move only after human approval
reports/figures/experiments/experiment_001_initial/threshold_comparison.png,ARCHIVE_PREVIOUS_RESULTS,generated experiment/report material,move only after human approval
reports/figures/experiments/experiment_001_initial/threshold_metric_curves.png,ARCHIVE_PREVIOUS_RESULTS,generated experiment/report material,move only after human approval
reports/figures/experiments/experiment_001_initial/threshold_optimization.png,ARCHIVE_PREVIOUS_RESULTS,generated experiment/report material,move only after human approval
reports/figures/experiments/experiment_001_initial/train_vs_validation_metrics.png,ARCHIVE_PREVIOUS_RESULTS,generated experiment/report material,move only after human approval
reports/figures/feature_group_ablation_comparison.png,ARCHIVE_PREVIOUS_RESULTS,generated experiment/report material,move only after human approval
reports/figures/feature_importance.png,ARCHIVE_PREVIOUS_RESULTS,generated experiment/report material,move only after human approval
reports/figures/feature_importance_top30.png,ARCHIVE_PREVIOUS_RESULTS,generated experiment/report material,move only after human approval
reports/figures/final_calibration_curve.png,PROTECTED_DO_NOT_TOUCH,final report or presentation resource,preserve in place
reports/figures/final_calibration_decision_plot.png,PROTECTED_DO_NOT_TOUCH,final report or presentation resource,preserve in place
reports/figures/final_confusion_matrix_master.png,PROTECTED_DO_NOT_TOUCH,final report or presentation resource,preserve in place
reports/figures/final_error_group_feature_distributions.png,PROTECTED_DO_NOT_TOUCH,final report or presentation resource,preserve in place
reports/figures/final_feature_importance.png,PROTECTED_DO_NOT_TOUCH,final report or presentation resource,preserve in place
reports/figures/final_feature_importance_top30.png,PROTECTED_DO_NOT_TOUCH,final report or presentation resource,preserve in place
reports/figures/final_fp_fn_feature_contrast.png,PROTECTED_DO_NOT_TOUCH,final report or presentation resource,preserve in place
reports/figures/final_model_comparison.png,PROTECTED_DO_NOT_TOUCH,final report or presentation resource,preserve in place
reports/figures/final_panel_specific_confusion_matrices.png,PROTECTED_DO_NOT_TOUCH,final report or presentation resource,preserve in place
reports/figures/final_panel_specific_metric_comparison.png,PROTECTED_DO_NOT_TOUCH,final report or presentation resource,preserve in place
reports/figures/final_pr_curve_master.png,PROTECTED_DO_NOT_TOUCH,final report or presentation resource,preserve in place
reports/figures/final_roc_curve_master.png,PROTECTED_DO_NOT_TOUCH,final report or presentation resource,preserve in place
reports/figures/final_threshold_analysis.png,PROTECTED_DO_NOT_TOUCH,final report or presentation resource,preserve in place
reports/figures/fold_threshold_distribution.png,ARCHIVE_PREVIOUS_RESULTS,generated experiment/report material,move only after human approval
reports/figures/missingness_by_feature_group.png,ARCHIVE_PREVIOUS_RESULTS,generated experiment/report material,move only after human approval
reports/figures/model_comparison.png,ARCHIVE_PREVIOUS_RESULTS,generated experiment/report material,move only after human approval
reports/figures/model_comparison_metrics.png,ARCHIVE_PREVIOUS_RESULTS,generated experiment/report material,move only after human approval
reports/figures/optuna_medical_optimization_history.png,ARCHIVE_PREVIOUS_RESULTS,generated experiment/report material,move only after human approval
reports/figures/optuna_param_importance.png,ARCHIVE_PREVIOUS_RESULTS,generated experiment/report material,move only after human approval
reports/figures/panel_confusion_matrices.png,ARCHIVE_PREVIOUS_RESULTS,generated experiment/report material,move only after human approval
reports/figures/panel_error_feature_distributions.png,ARCHIVE_PREVIOUS_RESULTS,generated experiment/report material,move only after human approval
reports/figures/phase10_before_after_comparison.png,ARCHIVE_PREVIOUS_RESULTS,generated experiment/report material,move only after human approval
reports/figures/pr_curve_master.png,ARCHIVE_PREVIOUS_RESULTS,generated experiment/report material,move only after human approval
reports/figures/pr_curve_panel_unique.png,ARCHIVE_PREVIOUS_RESULTS,generated experiment/report material,move only after human approval
reports/figures/roc_curve_master.png,ARCHIVE_PREVIOUS_RESULTS,generated experiment/report material,move only after human approval
reports/figures/roc_curve_panel_unique.png,ARCHIVE_PREVIOUS_RESULTS,generated experiment/report material,move only after human approval
reports/figures/threshold_comparison.png,ARCHIVE_PREVIOUS_RESULTS,generated experiment/report material,move only after human approval
reports/figures/threshold_metric_curves.png,ARCHIVE_PREVIOUS_RESULTS,generated experiment/report material,move only after human approval
reports/figures/threshold_optimization.png,ARCHIVE_PREVIOUS_RESULTS,generated experiment/report material,move only after human approval
reports/figures/train_vs_validation_metrics.png,ARCHIVE_PREVIOUS_RESULTS,generated experiment/report material,move only after human approval
reports/final_competition_repository_audit.md,PROTECTED_DO_NOT_TOUCH,final report or presentation resource,preserve in place
reports/final_ensemble_decision.md,PROTECTED_DO_NOT_TOUCH,final report or presentation resource,preserve in place
reports/final_feature_interpretation.md,PROTECTED_DO_NOT_TOUCH,final report or presentation resource,preserve in place
reports/final_inference_audit.md,PROTECTED_DO_NOT_TOUCH,final report or presentation resource,preserve in place
reports/final_medical_metric_summary.md,PROTECTED_DO_NOT_TOUCH,final report or presentation resource,preserve in place
reports/final_metric_verification_audit.md,PROTECTED_DO_NOT_TOUCH,final report or presentation resource,preserve in place
reports/final_model_report_summary.md,PROTECTED_DO_NOT_TOUCH,final report or presentation resource,preserve in place
reports/final_model_selection_decision.md,PROTECTED_DO_NOT_TOUCH,final report or presentation resource,preserve in place
reports/final_model_strength_statement.md,PROTECTED_DO_NOT_TOUCH,final report or presentation resource,preserve in place
reports/final_performance_analysis.md,PROTECTED_DO_NOT_TOUCH,final report or presentation resource,preserve in place
reports/final_test_performance_report.md,PROTECTED_DO_NOT_TOUCH,final report or presentation resource,preserve in place
reports/implementation_checklist.md,ARCHIVE_PREVIOUS_RESULTS,generated experiment/report material,move only after human approval
reports/master_prompt/ablation_fold_results.csv,ARCHIVE_PREVIOUS_RESULTS,generated experiment/report material,move only after human approval
reports/master_prompt/ablation_summary.csv,ARCHIVE_PREVIOUS_RESULTS,generated experiment/report material,move only after human approval
reports/master_prompt/CFTR_unique_calibration.csv,ARCHIVE_PREVIOUS_RESULTS,generated experiment/report material,move only after human approval
reports/master_prompt/CFTR_unique_calibration_curve.png,ARCHIVE_PREVIOUS_RESULTS,generated experiment/report material,move only after human approval
reports/master_prompt/critical_implementation_checklist.csv,ARCHIVE_PREVIOUS_RESULTS,generated experiment/report material,move only after human approval
reports/master_prompt/final_panel_unique_predictions.csv,PROTECTED_DO_NOT_TOUCH,final report or presentation resource,preserve in place
reports/master_prompt/KANSER_unique_calibration.csv,ARCHIVE_PREVIOUS_RESULTS,generated experiment/report material,move only after human approval
reports/master_prompt/KANSER_unique_calibration_curve.png,ARCHIVE_PREVIOUS_RESULTS,generated experiment/report material,move only after human approval
reports/master_prompt/l0_model_fold_metrics.csv,ARCHIVE_PREVIOUS_RESULTS,generated experiment/report material,move only after human approval
reports/master_prompt/l0_model_summary.csv,ARCHIVE_PREVIOUS_RESULTS,generated experiment/report material,move only after human approval
reports/master_prompt/l0_stack_oof_predictions.csv,ARCHIVE_PREVIOUS_RESULTS,generated experiment/report material,move only after human approval
reports/master_prompt/lgbm_best_params_resumable.json,ARCHIVE_PREVIOUS_RESULTS,generated experiment/report material,move only after human approval
reports/master_prompt/lgbm_optuna_convergence.png,ARCHIVE_PREVIOUS_RESULTS,generated experiment/report material,move only after human approval
reports/master_prompt/lgbm_optuna_trials_resumable.csv,ARCHIVE_PREVIOUS_RESULTS,generated experiment/report material,move only after human approval
reports/master_prompt/lightgbm_oof_predictions.csv,ARCHIVE_PREVIOUS_RESULTS,generated experiment/report material,move only after human approval
reports/master_prompt/MASTER_PROMPT_IMPLEMENTATION_REPORT.md,ARCHIVE_PREVIOUS_RESULTS,generated experiment/report material,move only after human approval
reports/master_prompt/optuna_lgbm_study.sqlite3,ARCHIVE_PREVIOUS_RESULTS,generated experiment/report material,move only after human approval
reports/master_prompt/overlap_summary.csv,ARCHIVE_PREVIOUS_RESULTS,generated experiment/report material,move only after human approval
reports/master_prompt/PAH_unique_calibration.csv,ARCHIVE_PREVIOUS_RESULTS,generated experiment/report material,move only after human approval
reports/master_prompt/PAH_unique_calibration_curve.png,ARCHIVE_PREVIOUS_RESULTS,generated experiment/report material,move only after human approval
reports/master_prompt/panel_unique_bootstrap_ci.csv,ARCHIVE_PREVIOUS_RESULTS,generated experiment/report material,move only after human approval
reports/master_prompt/statistical_tests.csv,ARCHIVE_PREVIOUS_RESULTS,generated experiment/report material,move only after human approval
reports/model_diagnosis.md,ARCHIVE_PREVIOUS_RESULTS,generated experiment/report material,move only after human approval
reports/model_performance_audit.md,ARCHIVE_PREVIOUS_RESULTS,generated experiment/report material,move only after human approval
reports/model_performance_improvement_report.md,ARCHIVE_PREVIOUS_RESULTS,generated experiment/report material,move only after human approval
reports/model_zoo_summary.md,ARCHIVE_PREVIOUS_RESULTS,generated experiment/report material,move only after human approval
reports/optuna_medical_optimization_report.md,ARCHIVE_PREVIOUS_RESULTS,generated experiment/report material,move only after human approval
reports/panel_specific_final_interpretation.md,PROTECTED_DO_NOT_TOUCH,final report or presentation resource,preserve in place
reports/tables/acmg_feature_mapping.csv,ARCHIVE_PREVIOUS_RESULTS,generated experiment/report material,move only after human approval
reports/tables/advanced_threshold_comparison.csv,ARCHIVE_PREVIOUS_RESULTS,generated experiment/report material,move only after human approval
reports/tables/all_evaluation_metrics.csv,ARCHIVE_PREVIOUS_RESULTS,generated experiment/report material,move only after human approval
reports/tables/baseline_results.csv,ARCHIVE_PREVIOUS_RESULTS,generated experiment/report material,move only after human approval
reports/tables/calibration_comparison.csv,ARCHIVE_PREVIOUS_RESULTS,generated experiment/report material,move only after human approval
reports/tables/calibration_decision_matrix.csv,ARCHIVE_PREVIOUS_RESULTS,generated experiment/report material,move only after human approval
reports/tables/class_distribution_by_dataset.csv,ARCHIVE_PREVIOUS_RESULTS,generated experiment/report material,move only after human approval
reports/tables/correlation_matrix_top_features.csv,ARCHIVE_PREVIOUS_RESULTS,generated experiment/report material,move only after human approval
reports/tables/dataset_summary.csv,ARCHIVE_PREVIOUS_RESULTS,generated experiment/report material,move only after human approval
reports/tables/error_analysis.csv,ARCHIVE_PREVIOUS_RESULTS,generated experiment/report material,move only after human approval
reports/tables/error_analysis_key_features.csv,ARCHIVE_PREVIOUS_RESULTS,generated experiment/report material,move only after human approval
reports/tables/experiment_comparison.csv,ARCHIVE_PREVIOUS_RESULTS,generated experiment/report material,move only after human approval
reports/tables/feature_group_ablation_results.csv,ARCHIVE_PREVIOUS_RESULTS,generated experiment/report material,move only after human approval
reports/tables/feature_importance.csv,ARCHIVE_PREVIOUS_RESULTS,generated experiment/report material,move only after human approval
reports/tables/feature_importance_top30.csv,ARCHIVE_PREVIOUS_RESULTS,generated experiment/report material,move only after human approval
reports/tables/final_acmg_feature_mapping.csv,PROTECTED_DO_NOT_TOUCH,final report or presentation resource,preserve in place
reports/tables/final_ensemble_comparison.csv,PROTECTED_DO_NOT_TOUCH,final report or presentation resource,preserve in place
reports/tables/final_ensemble_weights.csv,PROTECTED_DO_NOT_TOUCH,final report or presentation resource,preserve in place
reports/tables/final_error_group_feature_summary.csv,PROTECTED_DO_NOT_TOUCH,final report or presentation resource,preserve in place
reports/tables/final_evaluation_metrics.csv,PROTECTED_DO_NOT_TOUCH,final report or presentation resource,preserve in place
reports/tables/final_false_negative_cases.csv,PROTECTED_DO_NOT_TOUCH,final report or presentation resource,preserve in place
reports/tables/final_false_positive_cases.csv,PROTECTED_DO_NOT_TOUCH,final report or presentation resource,preserve in place
reports/tables/final_feature_importance_top30.csv,PROTECTED_DO_NOT_TOUCH,final report or presentation resource,preserve in place
reports/tables/final_medical_metric_comparison.csv,PROTECTED_DO_NOT_TOUCH,final report or presentation resource,preserve in place
reports/tables/final_metric_verification_audit.csv,PROTECTED_DO_NOT_TOUCH,final report or presentation resource,preserve in place
reports/tables/final_model_selection_table.csv,PROTECTED_DO_NOT_TOUCH,final report or presentation resource,preserve in place
reports/tables/final_panel_specific_metrics.csv,PROTECTED_DO_NOT_TOUCH,final report or presentation resource,preserve in place
reports/tables/final_selection_board.csv,PROTECTED_DO_NOT_TOUCH,final report or presentation resource,preserve in place
reports/tables/fold_threshold_stability.csv,ARCHIVE_PREVIOUS_RESULTS,generated experiment/report material,move only after human approval
reports/tables/main_model_cv_results.csv,ARCHIVE_PREVIOUS_RESULTS,generated experiment/report material,move only after human approval
reports/tables/missingness_by_feature_group.csv,ARCHIVE_PREVIOUS_RESULTS,generated experiment/report material,move only after human approval
reports/tables/missingness_summary.csv,ARCHIVE_PREVIOUS_RESULTS,generated experiment/report material,move only after human approval
reports/tables/model_comparison_metrics.csv,ARCHIVE_PREVIOUS_RESULTS,generated experiment/report material,move only after human approval
reports/tables/model_diagnosis_summary.csv,ARCHIVE_PREVIOUS_RESULTS,generated experiment/report material,move only after human approval
reports/tables/model_zoo_fold_metrics.csv,ARCHIVE_PREVIOUS_RESULTS,generated experiment/report material,move only after human approval
reports/tables/model_zoo_metrics.csv,ARCHIVE_PREVIOUS_RESULTS,generated experiment/report material,move only after human approval
reports/tables/optuna_before_after_comparison.csv,ARCHIVE_PREVIOUS_RESULTS,generated experiment/report material,move only after human approval
reports/tables/optuna_medical_best_params.csv,ARCHIVE_PREVIOUS_RESULTS,generated experiment/report material,move only after human approval
reports/tables/optuna_medical_candidate_fold_metrics.csv,ARCHIVE_PREVIOUS_RESULTS,generated experiment/report material,move only after human approval
reports/tables/optuna_medical_candidate_overfitting_gaps.csv,ARCHIVE_PREVIOUS_RESULTS,generated experiment/report material,move only after human approval
reports/tables/optuna_medical_trials.csv,ARCHIVE_PREVIOUS_RESULTS,generated experiment/report material,move only after human approval
reports/tables/overfitting_gap_analysis.csv,ARCHIVE_PREVIOUS_RESULTS,generated experiment/report material,move only after human approval
reports/tables/overlap_summary.csv,ARCHIVE_PREVIOUS_RESULTS,generated experiment/report material,move only after human approval
reports/tables/panel_generalization_results.csv,ARCHIVE_PREVIOUS_RESULTS,generated experiment/report material,move only after human approval
reports/tables/panel_specific_error_analysis.csv,ARCHIVE_PREVIOUS_RESULTS,generated experiment/report material,move only after human approval
reports/tables/panel_unique_bootstrap_ci.csv,ARCHIVE_PREVIOUS_RESULTS,generated experiment/report material,move only after human approval
reports/tables/phase10_before_after_comparison.csv,ARCHIVE_PREVIOUS_RESULTS,generated experiment/report material,move only after human approval
reports/tables/threshold_optimization.csv,ARCHIVE_PREVIOUS_RESULTS,generated experiment/report material,move only after human approval
reports/tables/threshold_results.csv,ARCHIVE_PREVIOUS_RESULTS,generated experiment/report material,move only after human approval
reports/tables/validation_split_diagnostics.csv,ARCHIVE_PREVIOUS_RESULTS,generated experiment/report material,move only after human approval
reports/test_evaluation/tables/test_schema_audit.csv,ARCHIVE_PREVIOUS_RESULTS,generated experiment/report material,move only after human approval
reports/test_evaluation/test_data_discovery.md,ARCHIVE_PREVIOUS_RESULTS,generated experiment/report material,move only after human approval
reports/v3/00_baseline_freeze.md,V3_NEW,V3-isolated file namespace,keep active
reports/v3/01_evidence_map.md,V3_NEW,V3-isolated file namespace,keep active
reports/v3/02_repository_cleanup_plan.md,V3_NEW,V3-isolated file namespace,keep active
reports/v3/archive_plan.csv,V3_NEW,V3-isolated file namespace,keep active
reports/v3/baseline_artifact_manifest.csv,V3_NEW,V3-isolated file namespace,keep active
reports/v3/baseline_metrics.json,V3_NEW,V3-isolated file namespace,keep active
reports/v3/baseline_reproduction_log.md,V3_NEW,V3-isolated file namespace,keep active
reports/v3/code_dependency_map.csv,V3_NEW,V3-isolated file namespace,keep active
reports/v3/evidence_inventory.csv,V3_NEW,V3-isolated file namespace,keep active
reports/v3/figure_source_map.csv,V3_NEW,V3-isolated file namespace,keep active
reports/v3/file_classification.csv,V3_NEW,V3-isolated file namespace,keep active
reports/v3/metric_source_map.csv,V3_NEW,V3-isolated file namespace,keep active
requirements.txt,PROTECTED_DO_NOT_TOUCH,reproducibility-critical project file,preserve in place
run_pipeline.py,PROTECTED_DO_NOT_TOUCH,reproducibility-critical project file,preserve in place
scripts/__pycache__/create_eda_notebook.cpython-312.pyc,SAFE_DELETE_CANDIDATE,cache/regenerated bytecode,delete only after confirming no tooling relies on it
scripts/__pycache__/generate_final_submission.cpython-312.pyc,SAFE_DELETE_CANDIDATE,cache/regenerated bytecode,delete only after confirming no tooling relies on it
scripts/__pycache__/run_final_selection_board.cpython-312.pyc,SAFE_DELETE_CANDIDATE,cache/regenerated bytecode,delete only after confirming no tooling relies on it
scripts/__pycache__/run_final_test_evaluation.cpython-312.pyc,SAFE_DELETE_CANDIDATE,cache/regenerated bytecode,delete only after confirming no tooling relies on it
scripts/__pycache__/run_optuna_lgbm_study.cpython-312.pyc,SAFE_DELETE_CANDIDATE,cache/regenerated bytecode,delete only after confirming no tooling relies on it
scripts/__pycache__/run_teknofest_readiness_audit.cpython-312.pyc,SAFE_DELETE_CANDIDATE,cache/regenerated bytecode,delete only after confirming no tooling relies on it
scripts/__pycache__/v3_freeze_and_audit.cpython-312.pyc,SAFE_DELETE_CANDIDATE,cache/regenerated bytecode,delete only after confirming no tooling relies on it
scripts/build_fifth_section_explainability.py,ACTIVE_CORE,"source, configuration, or entry point",retain pending dependency review
scripts/build_validation_strategy.py,ACTIVE_CORE,"source, configuration, or entry point",retain pending dependency review
scripts/create_eda_model_bridge.py,ACTIVE_CORE,"source, configuration, or entry point",retain pending dependency review
scripts/create_eda_notebook.py,ACTIVE_CORE,"source, configuration, or entry point",retain pending dependency review
scripts/create_required_notebooks.py,ACTIVE_CORE,"source, configuration, or entry point",retain pending dependency review
scripts/engineer_second_section.py,ACTIVE_CORE,"source, configuration, or entry point",retain pending dependency review
scripts/execute_eda_notebook.py,ACTIVE_CORE,"source, configuration, or entry point",retain pending dependency review
scripts/generate_final_report_assets.py,ACTIVE_CORE,"source, configuration, or entry point",retain pending dependency review
scripts/generate_final_submission.py,ACTIVE_CORE,"source, configuration, or entry point",retain pending dependency review
scripts/package_audited_final_outputs.py,ACTIVE_CORE,"source, configuration, or entry point",retain pending dependency review
scripts/prepare_first_section.py,ACTIVE_CORE,"source, configuration, or entry point",retain pending dependency review
scripts/run_final_competition_pipeline.py,ACTIVE_CORE,"source, configuration, or entry point",retain pending dependency review
scripts/run_final_ensemble.py,ACTIVE_CORE,"source, configuration, or entry point",retain pending dependency review
scripts/run_final_model_zoo.py,ACTIVE_CORE,"source, configuration, or entry point",retain pending dependency review
scripts/run_final_selection_board.py,ACTIVE_CORE,"source, configuration, or entry point",retain pending dependency review
scripts/run_final_test_evaluation.py,ACTIVE_CORE,"source, configuration, or entry point",retain pending dependency review
scripts/run_master_prompt_requirements.py,ACTIVE_CORE,"source, configuration, or entry point",retain pending dependency review
scripts/run_medical_metric_audit.py,ACTIVE_CORE,"source, configuration, or entry point",retain pending dependency review
scripts/run_model_performance_improvement.py,ACTIVE_CORE,"source, configuration, or entry point",retain pending dependency review
scripts/run_optuna_lgbm_study.py,ACTIVE_CORE,"source, configuration, or entry point",retain pending dependency review
scripts/run_pdf_eda_prompt.py,ACTIVE_CORE,"source, configuration, or entry point",retain pending dependency review
scripts/run_phase9_outputs.py,ACTIVE_CORE,"source, configuration, or entry point",retain pending dependency review
scripts/run_teknofest_readiness_audit.py,ACTIVE_CORE,"source, configuration, or entry point",retain pending dependency review
scripts/train_fourth_section.py,ACTIVE_CORE,"source, configuration, or entry point",retain pending dependency review
scripts/v3_freeze_and_audit.py,V3_NEW,V3-isolated file namespace,keep active
src/__init__.py,ACTIVE_CORE,"source, configuration, or entry point",retain pending dependency review
src/__pycache__/advanced_bio_features.cpython-312.pyc,SAFE_DELETE_CANDIDATE,cache/regenerated bytecode,delete only after confirming no tooling relies on it
src/__pycache__/baselines.cpython-312.pyc,SAFE_DELETE_CANDIDATE,cache/regenerated bytecode,delete only after confirming no tooling relies on it
src/__pycache__/config.cpython-312.pyc,SAFE_DELETE_CANDIDATE,cache/regenerated bytecode,delete only after confirming no tooling relies on it
src/__pycache__/data_loading.cpython-312.pyc,SAFE_DELETE_CANDIDATE,cache/regenerated bytecode,delete only after confirming no tooling relies on it
src/__pycache__/evaluation.cpython-312.pyc,SAFE_DELETE_CANDIDATE,cache/regenerated bytecode,delete only after confirming no tooling relies on it
src/__pycache__/feature_stability_selection.cpython-312.pyc,SAFE_DELETE_CANDIDATE,cache/regenerated bytecode,delete only after confirming no tooling relies on it
src/__pycache__/final_ensembling.cpython-312.pyc,SAFE_DELETE_CANDIDATE,cache/regenerated bytecode,delete only after confirming no tooling relies on it
src/__pycache__/final_inference.cpython-312.pyc,SAFE_DELETE_CANDIDATE,cache/regenerated bytecode,delete only after confirming no tooling relies on it
src/__pycache__/final_model_zoo.cpython-312.pyc,SAFE_DELETE_CANDIDATE,cache/regenerated bytecode,delete only after confirming no tooling relies on it
src/__pycache__/final_selection_board.cpython-312.pyc,SAFE_DELETE_CANDIDATE,cache/regenerated bytecode,delete only after confirming no tooling relies on it
src/__pycache__/final_test_evaluation.cpython-312.pyc,SAFE_DELETE_CANDIDATE,cache/regenerated bytecode,delete only after confirming no tooling relies on it
src/__pycache__/final_thresholding.cpython-312.pyc,SAFE_DELETE_CANDIDATE,cache/regenerated bytecode,delete only after confirming no tooling relies on it
src/__pycache__/medical_metrics.cpython-312.pyc,SAFE_DELETE_CANDIDATE,cache/regenerated bytecode,delete only after confirming no tooling relies on it
src/__pycache__/phase10_improvements.cpython-312.pyc,SAFE_DELETE_CANDIDATE,cache/regenerated bytecode,delete only after confirming no tooling relies on it
src/__pycache__/phase9_outputs.cpython-312.pyc,SAFE_DELETE_CANDIDATE,cache/regenerated bytecode,delete only after confirming no tooling relies on it
src/advanced_bio_features.py,ACTIVE_CORE,"source, configuration, or entry point",retain pending dependency review
src/baselines.py,ACTIVE_CORE,"source, configuration, or entry point",retain pending dependency review
src/calibration.py,ACTIVE_CORE,"source, configuration, or entry point",retain pending dependency review
src/config.py,ACTIVE_CORE,"source, configuration, or entry point",retain pending dependency review
src/data_loading.py,ACTIVE_CORE,"source, configuration, or entry point",retain pending dependency review
src/ensembling.py,ACTIVE_CORE,"source, configuration, or entry point",retain pending dependency review
src/error_analysis.py,ACTIVE_CORE,"source, configuration, or entry point",retain pending dependency review
src/evaluation.py,ACTIVE_CORE,"source, configuration, or entry point",retain pending dependency review
src/explainability.py,ACTIVE_CORE,"source, configuration, or entry point",retain pending dependency review
src/feature_stability_selection.py,ACTIVE_CORE,"source, configuration, or entry point",retain pending dependency review
src/features.py,ACTIVE_CORE,"source, configuration, or entry point",retain pending dependency review
src/final_calibration.py,ACTIVE_CORE,"source, configuration, or entry point",retain pending dependency review
src/final_competition_pipeline.py,ACTIVE_CORE,"source, configuration, or entry point",retain pending dependency review
src/final_ensembling.py,ACTIVE_CORE,"source, configuration, or entry point",retain pending dependency review
src/final_error_analysis.py,ACTIVE_CORE,"source, configuration, or entry point",retain pending dependency review
src/final_inference.py,ACTIVE_CORE,"source, configuration, or entry point",retain pending dependency review
src/final_model_zoo.py,ACTIVE_CORE,"source, configuration, or entry point",retain pending dependency review
src/final_report_assets.py,ACTIVE_CORE,"source, configuration, or entry point",retain pending dependency review
src/final_selection_board.py,ACTIVE_CORE,"source, configuration, or entry point",retain pending dependency review
src/final_test_evaluation.py,ACTIVE_CORE,"source, configuration, or entry point",retain pending dependency review
src/final_thresholding.py,ACTIVE_CORE,"source, configuration, or entry point",retain pending dependency review
src/final_validation.py,ACTIVE_CORE,"source, configuration, or entry point",retain pending dependency review
src/medical_metrics.py,ACTIVE_CORE,"source, configuration, or entry point",retain pending dependency review
src/metrics.py,ACTIVE_CORE,"source, configuration, or entry point",retain pending dependency review
src/model_selection.py,ACTIVE_CORE,"source, configuration, or entry point",retain pending dependency review
src/models.py,ACTIVE_CORE,"source, configuration, or entry point",retain pending dependency review
src/optimization.py,ACTIVE_CORE,"source, configuration, or entry point",retain pending dependency review
src/phase10_improvements.py,ACTIVE_CORE,"source, configuration, or entry point",retain pending dependency review
src/phase9_outputs.py,ACTIVE_CORE,"source, configuration, or entry point",retain pending dependency review
src/predict_final.py,ACTIVE_CORE,"source, configuration, or entry point",retain pending dependency review
src/run_final_pipeline.py,ACTIVE_CORE,"source, configuration, or entry point",retain pending dependency review
src/sanity_check_final.py,ACTIVE_CORE,"source, configuration, or entry point",retain pending dependency review
src/smoke_test.py,ACTIVE_CORE,"source, configuration, or entry point",retain pending dependency review
src/teknofest/__init__.py,ACTIVE_CORE,"source, configuration, or entry point",retain pending dependency review
src/teknofest/__pycache__/__init__.cpython-312.pyc,SAFE_DELETE_CANDIDATE,cache/regenerated bytecode,delete only after confirming no tooling relies on it
src/teknofest/__pycache__/data_prep.cpython-312.pyc,SAFE_DELETE_CANDIDATE,cache/regenerated bytecode,delete only after confirming no tooling relies on it
src/teknofest/__pycache__/eda.cpython-312.pyc,SAFE_DELETE_CANDIDATE,cache/regenerated bytecode,delete only after confirming no tooling relies on it
src/teknofest/__pycache__/experiments.cpython-312.pyc,SAFE_DELETE_CANDIDATE,cache/regenerated bytecode,delete only after confirming no tooling relies on it
src/teknofest/__pycache__/explainability.cpython-312.pyc,SAFE_DELETE_CANDIDATE,cache/regenerated bytecode,delete only after confirming no tooling relies on it
src/teknofest/__pycache__/features.cpython-312.pyc,SAFE_DELETE_CANDIDATE,cache/regenerated bytecode,delete only after confirming no tooling relies on it
src/teknofest/__pycache__/training.cpython-312.pyc,SAFE_DELETE_CANDIDATE,cache/regenerated bytecode,delete only after confirming no tooling relies on it
src/teknofest/__pycache__/validation.cpython-312.pyc,SAFE_DELETE_CANDIDATE,cache/regenerated bytecode,delete only after confirming no tooling relies on it
src/teknofest/data_prep.py,ACTIVE_CORE,"source, configuration, or entry point",retain pending dependency review
src/teknofest/eda.py,ACTIVE_CORE,"source, configuration, or entry point",retain pending dependency review
src/teknofest/experiments.py,ACTIVE_CORE,"source, configuration, or entry point",retain pending dependency review
src/teknofest/explainability.py,ACTIVE_CORE,"source, configuration, or entry point",retain pending dependency review
src/teknofest/features.py,ACTIVE_CORE,"source, configuration, or entry point",retain pending dependency review
src/teknofest/training.py,ACTIVE_CORE,"source, configuration, or entry point",retain pending dependency review
src/teknofest/validation.py,ACTIVE_CORE,"source, configuration, or entry point",retain pending dependency review
src/thresholding.py,ACTIVE_CORE,"source, configuration, or entry point",retain pending dependency review
src/train_improved.py,ACTIVE_CORE,"source, configuration, or entry point",retain pending dependency review
src/utils.py,ACTIVE_CORE,"source, configuration, or entry point",retain pending dependency review
src/validation.py,ACTIVE_CORE,"source, configuration, or entry point",retain pending dependency review
teknofest2026_artificialintelligenceinhealtcare-main/EDA_Genomics_Competition.ipynb,ACTIVE_CORE,unclassified project support file,retain pending review
teknofest2026_artificialintelligenceinhealtcare-main/README.md,PROTECTED_DO_NOT_TOUCH,reproducibility-critical project file,preserve in place
teknofest2026_artificialintelligenceinhealtcare-main/src/config.py,ACTIVE_CORE,unclassified project support file,retain pending review
teknofest2026_artificialintelligenceinhealtcare-main/src/feature_engineering.py,ACTIVE_CORE,unclassified project support file,retain pending review
teknofest2026_artificialintelligenceinhealtcare-main/src/preprocessing.py,ACTIVE_CORE,unclassified project support file,retain pending review
teknofest2026_artificialintelligenceinhealtcare-main/src/utils/config.py,ACTIVE_CORE,unclassified project support file,retain pending review
teknofest2026_artificialintelligenceinhealtcare-main/YARISMA_TRAIN_CFTR.csv,ACTIVE_CORE,unclassified project support file,retain pending review
teknofest2026_artificialintelligenceinhealtcare-main/YARISMA_TRAIN_KANSER.csv,ACTIVE_CORE,unclassified project support file,retain pending review
teknofest2026_artificialintelligenceinhealtcare-main/YARISMA_TRAIN_MASTER.csv,ACTIVE_CORE,unclassified project support file,retain pending review
teknofest2026_artificialintelligenceinhealtcare-main/YARISMA_TRAIN_PAH.csv,ACTIVE_CORE,unclassified project support file,retain pending review
tests/__pycache__/conftest.cpython-312-pytest-9.0.2.pyc,SAFE_DELETE_CANDIDATE,cache/regenerated bytecode,delete only after confirming no tooling relies on it
tests/__pycache__/test_advanced_bio_features.cpython-312-pytest-9.0.2.pyc,SAFE_DELETE_CANDIDATE,cache/regenerated bytecode,delete only after confirming no tooling relies on it
tests/__pycache__/test_data_loading.cpython-312-pytest-9.0.2.pyc,SAFE_DELETE_CANDIDATE,cache/regenerated bytecode,delete only after confirming no tooling relies on it
tests/__pycache__/test_ensembling.cpython-312-pytest-9.0.2.pyc,SAFE_DELETE_CANDIDATE,cache/regenerated bytecode,delete only after confirming no tooling relies on it
tests/__pycache__/test_evaluation.cpython-312-pytest-9.0.2.pyc,SAFE_DELETE_CANDIDATE,cache/regenerated bytecode,delete only after confirming no tooling relies on it
tests/__pycache__/test_features.cpython-312-pytest-9.0.2.pyc,SAFE_DELETE_CANDIDATE,cache/regenerated bytecode,delete only after confirming no tooling relies on it
tests/__pycache__/test_final_inference_schema.cpython-312-pytest-9.0.2.pyc,SAFE_DELETE_CANDIDATE,cache/regenerated bytecode,delete only after confirming no tooling relies on it
tests/__pycache__/test_final_model_zoo.cpython-312-pytest-9.0.2.pyc,SAFE_DELETE_CANDIDATE,cache/regenerated bytecode,delete only after confirming no tooling relies on it
tests/__pycache__/test_final_selection_board.cpython-312-pytest-9.0.2.pyc,SAFE_DELETE_CANDIDATE,cache/regenerated bytecode,delete only after confirming no tooling relies on it
tests/__pycache__/test_final_selection_board.cpython-312.pyc,SAFE_DELETE_CANDIDATE,cache/regenerated bytecode,delete only after confirming no tooling relies on it
tests/__pycache__/test_fold_safe_target_encoding.cpython-312-pytest-9.0.2.pyc,SAFE_DELETE_CANDIDATE,cache/regenerated bytecode,delete only after confirming no tooling relies on it
tests/__pycache__/test_medical_metrics.cpython-312-pytest-9.0.2.pyc,SAFE_DELETE_CANDIDATE,cache/regenerated bytecode,delete only after confirming no tooling relies on it
tests/__pycache__/test_medical_optuna.cpython-312-pytest-9.0.2.pyc,SAFE_DELETE_CANDIDATE,cache/regenerated bytecode,delete only after confirming no tooling relies on it
tests/__pycache__/test_no_variant_id_leakage.cpython-312-pytest-9.0.2.pyc,SAFE_DELETE_CANDIDATE,cache/regenerated bytecode,delete only after confirming no tooling relies on it
tests/__pycache__/test_thresholding.cpython-312-pytest-9.0.2.pyc,SAFE_DELETE_CANDIDATE,cache/regenerated bytecode,delete only after confirming no tooling relies on it
tests/__pycache__/test_validation.cpython-312-pytest-9.0.2.pyc,SAFE_DELETE_CANDIDATE,cache/regenerated bytecode,delete only after confirming no tooling relies on it
tests/conftest.py,PROTECTED_DO_NOT_TOUCH,reproducibility-critical project file,preserve in place
tests/test_advanced_bio_features.py,PROTECTED_DO_NOT_TOUCH,reproducibility-critical project file,preserve in place
tests/test_data_loading.py,PROTECTED_DO_NOT_TOUCH,reproducibility-critical project file,preserve in place
tests/test_ensembling.py,PROTECTED_DO_NOT_TOUCH,reproducibility-critical project file,preserve in place
tests/test_evaluation.py,PROTECTED_DO_NOT_TOUCH,reproducibility-critical project file,preserve in place
tests/test_features.py,PROTECTED_DO_NOT_TOUCH,reproducibility-critical project file,preserve in place
tests/test_final_inference_schema.py,PROTECTED_DO_NOT_TOUCH,reproducibility-critical project file,preserve in place
tests/test_final_model_zoo.py,PROTECTED_DO_NOT_TOUCH,reproducibility-critical project file,preserve in place
tests/test_final_selection_board.py,PROTECTED_DO_NOT_TOUCH,reproducibility-critical project file,preserve in place
tests/test_fold_safe_target_encoding.py,PROTECTED_DO_NOT_TOUCH,reproducibility-critical project file,preserve in place
tests/test_medical_metrics.py,PROTECTED_DO_NOT_TOUCH,reproducibility-critical project file,preserve in place
tests/test_medical_optuna.py,PROTECTED_DO_NOT_TOUCH,reproducibility-critical project file,preserve in place
tests/test_no_variant_id_leakage.py,PROTECTED_DO_NOT_TOUCH,reproducibility-critical project file,preserve in place
tests/test_thresholding.py,PROTECTED_DO_NOT_TOUCH,reproducibility-critical project file,preserve in place
tests/test_validation.py,PROTECTED_DO_NOT_TOUCH,reproducibility-critical project file,preserve in place
