split,Variant_ID,Label,score,prediction,EK_7,EK_9,EK_3,EK_2,EK_net_evidence,n_pops,max_AF,log_max_AF,BA1_flag,BS1_flag,PM2_flag,cat1_multipop,cat1_AFR,cat1_NFE,cat6_has_filter,cat6_segdup,cat6_lcr,aa_class_changed,aa_change_te,blosum62_approx
MASTER_CV,VAR_001654,0,0.5027911473542417,1,,,,,0.0,0.0,0.0,-15.0,0.0,0.0,1.0,0.0,0.0,0.0,0.0,0.0,0.0,0.0,0.7331968611395429,0
MASTER_CV,VAR_001582,0,0.5027911473542417,1,,,,,0.0,0.0,0.0,-15.0,0.0,0.0,1.0,0.0,0.0,0.0,0.0,0.0,0.0,0.0,0.7331968611395429,0
MASTER_CV,VAR_000344,0,0.5343631911136987,1,4.71671715958066,0.240541559231359,,5.682409311872521,2.0,20.0,0.0906045472535412,-1.0428500054405863,1.0,1.0,0.0,0.0,1.0,0.0,0.0,0.0,0.0,0.0,0.7420472453737551,0
MASTER_CV,VAR_006407,0,0.6064894935659856,1,6.062872189621889,7.979613796138703,,5.042560789746398,5.0,20.0,0.0978571475600598,-1.0094074476500665,1.0,1.0,0.0,0.0,0.0,0.0,0.0,0.0,0.0,0.0,0.626951633604653,1
MASTER_CV,VAR_003331,0,0.7350715391246831,1,7.587877766917531,8.081157015752545,,5.201989257173552,5.0,0.0,0.0,-15.0,0.0,0.0,1.0,0.0,0.0,0.0,0.0,0.0,0.0,1.0,0.6295538117441905,0
MASTER_CV,VAR_006429,0,0.7126495252667118,1,3.5484980677153226,8.112195358296132,2.1455670814503005,5.772276850644026,5.0,20.0,0.0853457919885109,-1.068817887100174,1.0,1.0,0.0,0.0,0.0,0.0,0.0,0.0,0.0,1.0,0.7571847976715484,-3
MASTER_CV,VAR_006115,0,0.8955158805145749,1,7.316117748211712,7.738528213168926,4.576504324184618,5.459674098126104,6.0,0.0,0.0,-15.0,0.0,0.0,1.0,0.0,0.0,0.0,0.0,0.0,0.0,1.0,0.8405203744084969,0
MASTER_CV,VAR_003818,0,0.4798947806225576,1,-0.9583968023447166,-0.0146236351477225,-3.861134992850242,0.8757716681782439,-3.0,20.0,0.0717228428864449,-1.1443425045891238,1.0,1.0,0.0,0.0,0.0,0.0,1.0,0.0,1.0,1.0,0.7665984305697714,0
MASTER_CV,VAR_001373,0,0.5027911473542417,1,,,,,0.0,0.0,0.0,-15.0,0.0,0.0,1.0,0.0,0.0,0.0,0.0,0.0,0.0,0.0,0.7331968611395429,0
MASTER_CV,VAR_003883,0,0.5027911473542417,1,,,,,0.0,0.0,0.0,-15.0,0.0,0.0,1.0,0.0,0.0,0.0,0.0,0.0,0.0,0.0,0.7331968611395429,0
MASTER_CV,VAR_001431,0,0.5027911473542417,1,,,,,0.0,0.0,0.0,-15.0,0.0,0.0,1.0,0.0,0.0,0.0,0.0,0.0,0.0,0.0,0.7331968611395429,0
MASTER_CV,VAR_002382,0,0.7235394214518134,1,5.833356308734469,7.657411412365842,,5.245669618578075,5.0,20.0,0.0144740617106407,-1.8394095800771042,0.0,1.0,0.0,0.0,0.0,0.0,0.0,0.0,0.0,1.0,0.9307918605923665,-3
MASTER_CV,VAR_003896,0,0.8716053564789925,1,8.353207284755193,9.387980572825832,3.3733482474105707,5.496374622674175,6.0,10.0,0.0443543391045626,-1.3530638875123169,0.0,1.0,0.0,0.0,0.0,0.0,0.0,0.0,0.0,0.0,0.7554645740930286,1
MASTER_CV,VAR_005898,0,0.5027911473542417,1,,,,,0.0,0.0,0.0,-15.0,0.0,0.0,1.0,0.0,0.0,0.0,0.0,0.0,0.0,1.0,0.7331968611395429,0
MASTER_CV,VAR_002773,0,0.613676167964828,1,5.612773963323113,11.581660394256112,2.493030459935697,6.17,6.0,20.0,0.0887277573265917,-1.0519404955237108,1.0,1.0,0.0,0.0,1.0,0.0,0.0,0.0,0.0,0.0,0.7036657947609841,0
MASTER_CV,VAR_004913,0,0.8136222698532228,1,8.665003736682252,7.728490416476897,,4.9045114349636245,5.0,0.0,0.0,-15.0,0.0,0.0,1.0,0.0,0.0,0.0,0.0,0.0,0.0,1.0,0.7332787444558171,0
MASTER_CV,VAR_000197,0,0.6860133613401536,1,9.510678530335602,10.786785371824504,3.387226388459259,5.321417520651444,6.0,10.0,0.0914705047231383,-1.0387189245241235,1.0,1.0,0.0,0.0,0.0,0.0,0.0,0.0,0.0,1.0,0.6388320254748096,0
MASTER_CV,VAR_001619,0,0.5027911473542417,1,,,,,0.0,0.0,0.0,-15.0,0.0,0.0,1.0,0.0,0.0,0.0,0.0,0.0,0.0,0.0,0.7331968611395429,0
MASTER_CV,VAR_004348,0,0.5548317463188763,1,-0.2009260251565509,0.1315226100249034,0.4296896793138821,1.9688659353609392,-3.0,10.0,0.0637700299291734,-1.1953833791853616,1.0,1.0,0.0,0.0,0.0,0.0,0.0,0.0,0.0,1.0,0.7630357664023545,1
MASTER_CV,VAR_006404,0,0.6309039293727078,1,4.422095915061582,,,4.485487857484653,3.0,10.0,0.0300136217849889,-1.5226815945008838,0.0,1.0,0.0,0.0,0.0,0.0,1.0,1.0,0.0,1.0,0.6802442573754168,0
MASTER_CV,VAR_002597,0,0.566753697882281,1,5.67145323863272,4.144245133003746,,5.388079740939352,4.0,10.0,0.0027055716665024,-2.56774095777474,0.0,0.0,0.0,0.0,0.0,0.0,0.0,0.0,0.0,0.0,0.44787401910610714,0
MASTER_CV,VAR_001021,0,0.8828507361789253,1,6.884863080406522,6.780917228883945,5.48447550950324,5.560146515296894,5.0,10.0,0.002944536322728,-2.5309830840125156,0.0,0.0,0.0,0.0,0.0,1.0,0.0,0.0,0.0,1.0,0.7571847976715484,-3
MASTER_CV,VAR_001092,0,0.8450983298425445,1,7.855076156963746,11.534793414827911,5.082661768161233,6.0252086095019886,6.0,10.0,0.0834625307144812,-1.0785084509366527,1.0,1.0,0.0,0.0,0.0,0.0,0.0,0.0,0.0,1.0,0.854665861830652,0
MASTER_CV,VAR_004208,0,0.5027911473542417,1,,,,,0.0,0.0,0.0,-15.0,0.0,0.0,1.0,0.0,0.0,0.0,0.0,0.0,0.0,0.0,0.666542601035948,0
MASTER_CV,VAR_004583,0,0.6043895185649487,1,1.9760974677778371,4.184981313072692,0.7554547850442008,1.081622182224894,3.0,20.0,0.0866137356889486,-1.0624132296814641,1.0,1.0,0.0,0.0,0.0,1.0,0.0,0.0,0.0,1.0,0.8744937483693579,-3
MASTER_CV,VAR_002207,0,0.8953145782464162,1,8.50748577163481,10.299454181678117,,5.5042783850344765,5.0,10.0,0.0418973748616868,-1.3778131875062398,0.0,1.0,0.0,0.0,0.0,1.0,0.0,0.0,0.0,0.0,0.8423994292980986,-2
MASTER_CV,VAR_002611,0,0.7359677338651889,1,0.8680526969202742,2.306967029631993,,2.5322276862458186,1.0,10.0,0.0724808792597249,-1.1397765469078027,1.0,1.0,0.0,0.0,0.0,1.0,0.0,0.0,0.0,1.0,0.8921167238645714,0
MASTER_CV,VAR_000655,0,0.6098443037819383,1,,,,,0.0,10.0,0.0946196616974459,-1.0240186090584815,1.0,1.0,0.0,0.0,0.0,0.0,0.0,0.0,0.0,0.0,0.7331968611395429,0
MASTER_CV,VAR_001411,0,0.4801344224336161,1,,,,,0.0,20.0,0.0809490028313776,-1.0917884967252727,1.0,1.0,0.0,0.0,0.0,1.0,0.0,0.0,0.0,0.0,0.7331968611395429,0
MASTER_CV,VAR_000879,0,0.7666422306583744,1,5.610082178666401,8.04598020284985,,4.088295073245079,5.0,0.0,0.0,-15.0,0.0,0.0,1.0,0.0,0.0,0.0,0.0,0.0,0.0,1.0,0.6802442573754168,0
MASTER_CV,VAR_000776,0,0.8752923452958644,1,7.468908514283669,,,5.22498060037723,4.0,0.0,0.0,-15.0,0.0,0.0,1.0,0.0,0.0,0.0,0.0,0.0,0.0,1.0,0.8045506417722561,0
MASTER_CV,VAR_003528,0,0.5396462292874403,1,9.695642845121403,9.114422661812132,,5.76359022204131,5.0,20.0,0.0704705833312849,-1.1519921335472887,1.0,1.0,0.0,0.0,0.0,0.0,0.0,0.0,0.0,1.0,0.6388320254748096,0
MASTER_CV,VAR_005257,0,0.5057966324960695,1,5.419023768722721,5.654852733422055,5.204874766516284,5.016694511380905,5.0,20.0,0.0914129958481048,-1.038992057833938,1.0,1.0,0.0,0.0,0.0,0.0,0.0,0.0,0.0,0.0,0.5237705317541551,0
MASTER_CV,VAR_005598,0,0.7910258286123177,1,2.886418066977245,,4.195569438778526,5.2628813294746255,4.0,10.0,0.0045829312401231,-2.3388566586309927,0.0,0.0,0.0,0.0,0.0,0.0,0.0,0.0,0.0,0.0,0.8069457163892331,0
MASTER_CV,VAR_006136,0,0.8131846409374963,1,0.9402606176171504,1.1252299106346886,1.6199837375457533,1.9633000049605056,-1.0,0.0,0.0,-15.0,0.0,0.0,1.0,0.0,0.0,0.0,0.0,0.0,0.0,0.0,0.8165984305697714,0
MASTER_CV,VAR_002615,0,0.583043440467884,1,5.2898408340465535,11.10961689360508,,6.106039074117716,5.0,10.0,0.0332004299563949,-1.4788562920043644,0.0,1.0,0.0,0.0,0.0,1.0,0.0,0.0,0.0,1.0,0.7011023659101872,0
MASTER_CV,VAR_001416,0,0.5027911473542417,1,,,,,0.0,0.0,0.0,-15.0,0.0,0.0,1.0,0.0,0.0,0.0,0.0,0.0,0.0,0.0,0.7331968611395429,0
MASTER_CV,VAR_005650,0,0.6407950059791492,1,9.48458757556287,,,5.199202726762749,4.0,20.0,0.0741469872329418,-1.1299064906867131,1.0,1.0,0.0,0.0,0.0,0.0,0.0,0.0,0.0,1.0,0.6028078427956474,0
MASTER_CV,VAR_003449,0,0.8235189666082955,1,8.931501587066153,7.5763291418902625,2.9196713496089304,4.564940815305473,6.0,10.0,0.0482228633760607,-1.3167470056652681,0.0,1.0,0.0,0.0,0.0,0.0,0.0,0.0,0.0,1.0,0.8744937483693579,-3
MASTER_CV,VAR_004229,0,0.6035848798199004,1,,,,,0.0,10.0,0.0924132014241405,-1.0342659844494722,1.0,1.0,0.0,0.0,0.0,1.0,0.0,0.0,0.0,0.0,0.7331968611395429,0
MASTER_CV,VAR_002969,0,0.5273595424263169,1,4.943310666160619,5.585495414558739,3.750483732638117,5.551576849706195,4.0,10.0,0.0169065690802918,-1.7719445166290693,0.0,1.0,0.0,0.0,0.0,0.0,0.0,0.0,0.0,1.0,0.5739982561886349,0
MASTER_CV,VAR_001643,0,0.5876041858719182,1,,,,,0.0,10.0,0.0907924043362439,-1.0419504828978332,1.0,1.0,0.0,0.0,1.0,0.0,0.0,0.0,0.0,0.0,0.7331968611395429,0
MASTER_CV,VAR_001108,0,0.715793415888195,1,0.8336965487361154,-0.0390745182412357,4.227817436074428,0.5885660435179825,-2.0,10.0,0.0923989710891065,-1.0343328648492758,1.0,1.0,0.0,0.0,0.0,0.0,0.0,0.0,0.0,1.0,0.8045506417722561,0
MASTER_CV,VAR_004344,0,0.496158826410648,1,2.830249484933516,6.613766597920904,4.966824471588761,4.606362323900866,3.0,10.0,0.0257939913948882,-1.5884814493839257,0.0,1.0,0.0,0.0,0.0,0.0,0.0,0.0,0.0,1.0,0.5872366005426395,0
MASTER_CV,VAR_001557,0,0.5027911473542417,1,,,,,0.0,0.0,0.0,-15.0,0.0,0.0,1.0,0.0,0.0,0.0,0.0,0.0,0.0,0.0,0.7331968611395429,0
MASTER_CV,VAR_003889,0,0.4774701633321651,1,8.118378211680504,8.592650064271151,3.2131356828498374,5.167907050053748,6.0,20.0,0.0262337673581542,-1.5811393371118356,0.0,1.0,0.0,0.0,0.0,0.0,0.0,0.0,0.0,0.0,0.49457963262565896,0
MASTER_CV,VAR_001376,0,0.5027911473542417,1,,,,,0.0,0.0,0.0,-15.0,0.0,0.0,1.0,0.0,0.0,0.0,0.0,0.0,0.0,0.0,0.7331968611395429,0
MASTER_CV,VAR_005688,0,0.8052767598881285,1,9.807025462670392,10.283017777436152,4.753799539821861,4.125871971013717,6.0,20.0,0.0914413847065801,-1.038857205995606,1.0,1.0,0.0,0.0,0.0,0.0,0.0,0.0,0.0,0.0,0.8423994292980986,-2
MASTER_CV,VAR_004578,0,0.72775610377608,1,5.858628721817748,11.482469165810944,2.901843168348583,5.392590840700514,6.0,0.0,0.0,-15.0,0.0,0.0,1.0,0.0,0.0,0.0,0.0,0.0,0.0,1.0,0.6666141773613626,0
MASTER_CV,VAR_004364,0,0.5523559449678019,1,0.522477080613415,3.2322616892644027,-0.2972410015608484,1.4720062992561442,-2.0,10.0,0.0190398362099008,-1.720336791951639,0.0,1.0,0.0,0.0,0.0,1.0,0.0,0.0,0.0,1.0,0.6666141773613626,0
MASTER_CV,VAR_003847,0,0.7202011254546525,1,4.906704724160479,5.562737453759897,,4.222036765662835,3.0,20.0,0.0603478494447852,-1.219338201803645,1.0,1.0,0.0,0.0,1.0,0.0,0.0,0.0,0.0,1.0,0.8045506417722561,0
MASTER_CV,VAR_001895,0,0.4820997045545965,1,9.171995536654473,11.743029161477818,3.6999197837288778,5.621691810471528,6.0,26.0,0.0621451728312379,-1.2065925998328626,1.0,1.0,0.0,0.0,0.0,0.0,0.0,0.0,0.0,1.0,0.794297204497775,0
MASTER_CV,VAR_005395,0,0.5347675819592747,1,4.58611284577725,,5.192921505630598,5.824710647330727,4.0,20.0,0.0057426231834634,-2.240889680098968,0.0,0.0,0.0,0.0,0.0,0.0,0.0,0.0,0.0,1.0,0.7481329845710603,-3
MASTER_CV,VAR_000074,0,0.6678535169230483,1,7.652571489245852,10.16861494760751,,5.64655633694587,5.0,10.0,0.0126926014942629,-1.896449355146322,0.0,1.0,0.0,0.0,0.0,1.0,0.0,0.0,0.0,1.0,0.7266393722279085,0
MASTER_CV,VAR_004093,0,0.7541633224205451,1,6.218332944282251,7.676469288314606,3.895380689107679,5.154756967544805,6.0,10.0,0.0842242545906178,-1.0745628239635066,1.0,1.0,0.0,0.0,0.0,1.0,0.0,0.0,0.0,0.0,0.563997585491956,0
MASTER_CV,VAR_001540,0,0.5928335353300849,1,,,,,0.0,10.0,0.0993903607017061,-1.0026557332792836,1.0,1.0,0.0,0.0,0.0,1.0,0.0,0.0,0.0,0.0,0.7331968611395429,0
MASTER_CV,VAR_001432,0,0.4746301909864375,1,,,,,0.0,0.0,0.0,-15.0,0.0,0.0,1.0,0.0,0.0,0.0,0.0,0.0,0.0,0.0,0.7331968611395429,0
MASTER_CV,VAR_003421,0,0.913412715912352,1,9.756960586393667,8.122576898728884,,5.183416663467083,5.0,10.0,0.000148091371047,-3.82947024610685,0.0,0.0,0.0,0.0,0.0,0.0,0.0,0.0,0.0,1.0,0.7630357664023545,1
MASTER_CV,VAR_006133,0,0.620984625762776,1,5.208218810650252,9.494488974141948,5.431065001835671,5.933781227026427,6.0,20.0,0.0591618356422479,-1.227958359405848,1.0,1.0,0.0,0.0,0.0,1.0,0.0,0.0,0.0,0.0,0.7420472453737551,0
MASTER_CV,VAR_003253,0,0.7229582684377787,1,8.97954232234436,10.459257494640834,4.130155366921118,5.776440331073737,6.0,20.0,0.0547589113977145,-1.2615451941878735,1.0,1.0,0.0,0.0,0.0,0.0,1.0,1.0,0.0,0.0,0.6490509795471278,0
MASTER_CV,VAR_005425,0,0.5439746813209202,1,-0.9288138105246296,,-8.237926890331376,-4.856460763396453,-4.0,0.0,0.0,-15.0,0.0,0.0,1.0,0.0,0.0,0.0,0.0,0.0,0.0,0.0,0.5732787444558172,0
MASTER_CV,VAR_005850,0,0.5107048394937154,1,5.397305454186501,6.884090481422686,3.494750969232691,4.312925569867983,5.0,20.0,0.0823936703818821,-1.0841061502422804,1.0,1.0,0.0,0.0,1.0,0.0,0.0,0.0,0.0,1.0,0.761856021835551,0
MASTER_CV,VAR_002726,0,0.6566617302718896,1,8.637432230342668,10.89846136077571,3.826076507819701,5.279469336845019,6.0,10.0,0.054184530152939,-1.2661246881515469,1.0,1.0,0.0,0.0,0.0,0.0,0.0,0.0,0.0,1.0,0.7082992152848857,0
MASTER_CV,VAR_001508,0,0.4746301909864375,1,,,,,0.0,0.0,0.0,-15.0,0.0,0.0,1.0,0.0,0.0,0.0,0.0,0.0,0.0,0.0,0.7331968611395429,0
MASTER_CV,VAR_000749,0,0.9457043009337768,1,9.378384636552704,,4.247653713385267,5.240112231091801,5.0,0.0,0.0,-15.0,0.0,0.0,1.0,0.0,0.0,0.0,0.0,0.0,0.0,1.0,0.9077869001212279,-2
MASTER_CV,VAR_001412,0,0.4746301909864375,1,,,,,0.0,0.0,0.0,-15.0,0.0,0.0,1.0,0.0,0.0,0.0,0.0,0.0,0.0,0.0,0.7331968611395429,0
MASTER_CV,VAR_004155,0,0.7702102659689449,1,1.9130305193315196,4.618937826918836,0.9426768229040118,3.491649379923192,3.0,20.0,0.0863052585117629,-1.0639627422562001,1.0,1.0,0.0,0.0,0.0,0.0,0.0,0.0,0.0,1.0,0.7630357664023545,1
MASTER_CV,VAR_001268,0,0.6982786729978441,1,9.833273439635736,11.934,,5.532813235182308,5.0,20.0,0.0954876918720911,-1.0200526042960392,1.0,1.0,0.0,0.0,0.0,0.0,0.0,0.0,0.0,1.0,0.8039055130752403,1
MASTER_CV,VAR_004216,0,0.8023167425793225,1,7.260972693154181,11.934,3.407313626802756,5.628374085355918,6.0,20.0,0.0927376526191924,-1.0327439011880402,1.0,1.0,0.0,0.0,0.0,0.0,0.0,0.0,0.0,0.0,0.7420472453737551,0
MASTER_CV,VAR_000846,0,0.8009446504241478,1,8.654651632053092,,5.712623949504968,5.54762947922042,5.0,20.0,0.023786988916343,-1.6236605297904128,0.0,1.0,0.0,0.0,0.0,0.0,0.0,0.0,0.0,0.0,0.7016825584944962,0
MASTER_CV,VAR_000513,0,0.6099950926087446,1,8.791837174491093,10.098082903599485,3.4612998128683774,5.577527669884383,6.0,20.0,0.0726757755718943,-1.1386103248854027,1.0,1.0,0.0,0.0,0.0,0.0,0.0,0.0,0.0,1.0,0.666607330930236,0
MASTER_CV,VAR_003893,0,0.8225903760457293,1,7.582603405011311,8.17406699505923,,5.832615474811561,5.0,10.0,0.0807843936381685,-1.0926725304564175,1.0,1.0,0.0,0.0,0.0,0.0,0.0,0.0,0.0,1.0,0.6221312407596952,0
MASTER_CV,VAR_004150,0,0.6980354358455061,1,5.9903360271898105,8.202893043590304,5.159535612280702,5.0709546382603214,6.0,20.0,0.0684563047392599,-1.1645865477143802,1.0,1.0,0.0,0.0,0.0,1.0,0.0,0.0,0.0,1.0,0.7535638526693664,0
MASTER_CV,VAR_006197,0,0.9165664976866938,1,4.834197288826659,7.661956943396822,,5.090119770632839,4.0,0.0,0.0,-15.0,0.0,0.0,1.0,0.0,0.0,0.0,0.0,0.0,0.0,1.0,0.7900729115331641,0
MASTER_CV,VAR_003313,0,0.8314392517296864,1,5.735293465747599,3.4089965699073703,1.48525977636894,2.386640493404252,4.0,10.0,0.0642951036695915,-1.1918220990857986,1.0,1.0,0.0,0.0,0.0,0.0,0.0,0.0,0.0,1.0,0.7016825584944962,0
MASTER_CV,VAR_001401,0,0.4746301909864375,1,,,,,0.0,0.0,0.0,-15.0,0.0,0.0,1.0,0.0,0.0,0.0,0.0,0.0,0.0,0.0,0.7331968611395429,0
MASTER_CV,VAR_001306,0,0.5506919201823914,1,,,,,0.0,10.0,0.0574292751303021,-1.2408666653294238,1.0,1.0,0.0,0.0,0.0,1.0,0.0,0.0,0.0,0.0,0.7331968611395429,0
MASTER_CV,VAR_006573,0,0.8701519148753837,1,2.774768981665865,6.973307240277494,,5.157526219902771,3.0,0.0,0.0,-15.0,0.0,0.0,1.0,0.0,0.0,0.0,0.0,0.0,0.0,1.0,0.7519062467766378,0
MASTER_CV,VAR_003568,0,0.7178891072515907,1,1.2595407262737843,1.4948084386886678,3.514183215160343,3.56906554081681,-1.0,0.0,0.0,-15.0,0.0,0.0,1.0,0.0,0.0,0.0,0.0,0.0,0.0,1.0,0.7355851245308769,0
MASTER_CV,VAR_001723,0,0.4711219977837905,1,5.015553393030709,9.057063544261474,1.106240611752875,5.098437953516767,5.0,20.0,0.0608482791400463,-1.2157516996122169,1.0,1.0,0.0,0.0,0.0,1.0,0.0,0.0,0.0,1.0,0.5872366005426395,0
MASTER_CV,VAR_002186,0,0.9207897459938148,1,9.72019738441664,11.934,,4.809705033123854,5.0,0.0,0.0,-15.0,0.0,0.0,1.0,0.0,0.0,0.0,0.0,0.0,0.0,1.0,0.794297204497775,0
MASTER_CV,VAR_003992,0,0.5150375140107081,1,3.421612023968776,6.893651261448071,4.043969686361835,5.176584754966828,4.0,10.0,0.0461054206355446,-1.3362480114062074,0.0,1.0,0.0,0.0,0.0,1.0,0.0,0.0,0.0,1.0,0.5396175529235918,0
MASTER_CV,VAR_001726,0,0.4758465990340308,1,0.6216178110908633,0.7352940684429984,0.3740829943434901,2.20474231781742,-3.0,20.0,0.0774505407041143,-1.1109755459616644,1.0,1.0,0.0,0.0,0.0,0.0,0.0,0.0,0.0,1.0,0.7016825584944962,0
MASTER_CV,VAR_001600,0,0.5722750456021588,1,,,,,0.0,10.0,0.026986415652687,-1.568854794792595,0.0,1.0,0.0,0.0,0.0,0.0,0.0,0.0,0.0,0.0,0.7331968611395429,0
MASTER_CV,VAR_003368,0,0.5664865312859066,1,8.698062256047246,10.862813990939712,3.571975710086777,4.492214167561944,6.0,10.0,0.0431438610671568,-1.3650809912426056,0.0,1.0,0.0,0.0,0.0,0.0,0.0,0.0,0.0,1.0,0.523712043671102,0
MASTER_CV,VAR_005694,0,0.6256160335839029,1,2.1657690615991307,0.8201303663265832,1.2960478322157314,4.268282784998464,2.0,20.0,0.0573835845742132,-1.2412123262158974,1.0,1.0,0.0,0.0,0.0,0.0,0.0,0.0,0.0,1.0,0.7481329845710603,-3
MASTER_CV,VAR_001358,0,0.4746301909864375,1,,,,,0.0,0.0,0.0,-15.0,0.0,0.0,1.0,0.0,0.0,0.0,0.0,0.0,0.0,0.0,0.7331968611395429,0
MASTER_CV,VAR_005720,0,0.605664776552151,1,9.566267880841188,11.934,,4.8082282095344375,5.0,20.0,0.0795498094857842,-1.099360856110062,1.0,1.0,0.0,0.0,0.0,0.0,0.0,0.0,0.0,1.0,0.690034537042025,1
MASTER_CV,VAR_005970,0,0.9310123603114224,1,10.003,10.21823064977731,,5.310054333130909,5.0,0.0,0.0,-15.0,0.0,0.0,1.0,0.0,0.0,0.0,0.0,0.0,0.0,1.0,0.7355851245308769,0
MASTER_CV,VAR_003480,0,0.4746301909864375,1,,,,,0.0,0.0,0.0,-15.0,0.0,0.0,1.0,0.0,0.0,0.0,0.0,0.0,0.0,0.0,0.7331968611395429,0
MASTER_CV,VAR_004086,0,0.929889526400166,1,7.54678152991756,8.23910698231358,,5.251612427883859,5.0,0.0,0.0,-15.0,0.0,0.0,1.0,0.0,0.0,0.0,0.0,0.0,0.0,0.0,0.8645620095530535,-2
MASTER_CV,VAR_000351,0,0.9120066858929732,1,6.119067608163791,7.735389743160621,,5.587465153074986,5.0,0.0,0.0,-15.0,0.0,0.0,1.0,0.0,0.0,0.0,0.0,0.0,0.0,1.0,0.7665984305697714,0
MASTER_CV,VAR_004778,0,0.5740909686875352,1,8.253531883395942,9.856670729224303,,5.046838475294925,5.0,20.0,0.0353679610065704,-1.451389976914674,0.0,1.0,0.0,0.0,0.0,0.0,0.0,0.0,0.0,1.0,0.7266393722279085,0
MASTER_CV,VAR_003324,0,0.8065779551519886,1,8.71361768788228,11.784266012401416,,5.18475139852946,5.0,0.0,0.0,-15.0,0.0,0.0,1.0,0.0,0.0,0.0,0.0,0.0,0.0,0.0,0.5782034410488863,0
MASTER_CV,VAR_002293,0,0.6371008068775997,1,6.14852237220954,10.584109135869545,5.062316659972566,5.574055531807151,6.0,20.0,0.0442385621151622,-1.3541989973362383,0.0,1.0,0.0,0.0,0.0,0.0,0.0,0.0,0.0,1.0,0.7481329845710603,-3
MASTER_CV,VAR_004147,0,0.6426188968405805,1,1.8259731541477904,3.49708246412954,2.2087381892467857,4.548298252392055,4.0,20.0,0.0390490689636331,-1.4083893164288437,0.0,1.0,0.0,0.0,0.0,0.0,0.0,0.0,0.0,1.0,0.7571847976715484,-3
MASTER_CV,VAR_001710,0,0.7400988558539568,1,4.8363184791216085,4.816412895855931,4.204119390715942,4.702813656413237,4.0,20.0,0.087031812496085,-1.060321971908536,1.0,1.0,0.0,0.0,1.0,0.0,0.0,0.0,0.0,1.0,0.7630357664023545,1
MASTER_CV,VAR_006430,0,0.9048358523509344,1,2.141139558753858,4.574964055197794,,4.556293604585313,3.0,0.0,0.0,-15.0,0.0,0.0,1.0,0.0,0.0,0.0,0.0,0.0,0.0,1.0,0.6221312407596952,0
MASTER_CV,VAR_001430,0,0.5789580633602546,1,,,,,0.0,10.0,0.0309968779862001,-1.5086820462187904,0.0,1.0,0.0,0.0,0.0,0.0,0.0,0.0,0.0,0.0,0.7331968611395429,0
MASTER_CV,VAR_003049,0,0.4746301909864375,1,,,,,0.0,0.0,0.0,-15.0,0.0,0.0,1.0,0.0,0.0,0.0,0.0,0.0,0.0,0.0,0.7331968611395429,0
MASTER_CV,VAR_000441,0,0.8462208241636701,1,9.41762683711601,9.756998850122658,,4.923202231757887,5.0,10.0,0.0537186023469838,-1.269875295349719,1.0,1.0,0.0,0.0,0.0,1.0,1.0,1.0,0.0,0.0,0.6665691865282449,1
MASTER_CV,VAR_003635,0,0.8119927175951807,1,6.5658962211214815,11.934,4.290198757388664,4.697080365033027,6.0,20.0,0.0327457326670694,-1.4848452880354233,0.0,1.0,0.0,0.0,0.0,0.0,0.0,0.0,0.0,1.0,0.7630357664023545,1
MASTER_CV,VAR_006332,0,0.8814139936770868,1,0.0819376002889035,-0.9068069716502634,1.566326110092561,3.370997510026949,-1.0,0.0,0.0,-15.0,0.0,0.0,1.0,0.0,0.0,0.0,0.0,0.0,0.0,1.0,0.8069457163892331,0
MASTER_CV,VAR_001522,0,0.4746301909864375,1,,,,,0.0,0.0,0.0,-15.0,0.0,0.0,1.0,0.0,0.0,0.0,0.0,0.0,0.0,0.0,0.7331968611395429,0
MASTER_CV,VAR_000584,0,0.6338072856447751,1,5.243329672323178,3.489270134275481,3.065442506816208,4.289544530178935,5.0,10.0,0.0868194914442806,-1.0613827624225562,1.0,1.0,0.0,0.0,0.0,0.0,0.0,0.0,0.0,1.0,0.7082992152848857,0
MASTER_CV,VAR_001845,0,0.6610120902087855,1,7.967144255842186,7.882884568117629,3.807315713257909,5.4753400706565625,6.0,20.0,0.0558919272556374,-1.2526509148597038,1.0,1.0,0.0,0.0,0.0,0.0,0.0,0.0,0.0,1.0,0.7266393722279085,0
MASTER_CV,VAR_003086,0,0.7991021561093159,1,6.832270979332405,5.990799300120237,3.297231817268271,6.17,5.0,10.0,0.0689149654746551,-1.161686457086446,1.0,1.0,0.0,0.0,0.0,1.0,0.0,0.0,0.0,0.0,0.626951633604653,1
MASTER_CV,VAR_001662,0,0.7312387031954406,1,7.924183212655276,7.281614504587945,3.781460448630988,4.961446399155408,6.0,20.0,0.055444421311484,-1.2561421450156716,1.0,1.0,0.0,0.0,0.0,0.0,0.0,0.0,0.0,0.0,0.6558699552063041,1
MASTER_CV,VAR_005969,0,0.559318741278092,1,4.123237064947343,7.885897982329922,,4.030115175156385,4.0,10.0,0.0171443766846108,-1.7658782998377196,0.0,1.0,0.0,0.0,0.0,0.0,0.0,0.0,0.0,0.0,0.6558699552063041,1
MASTER_CV,VAR_003051,0,0.6456940868052509,1,,,,,0.0,10.0,0.0785373866746353,-1.104923553939899,1.0,1.0,0.0,0.0,0.0,0.0,0.0,0.0,0.0,0.0,0.7331968611395429,0
MASTER_CV,VAR_000369,0,0.4804031883690798,1,2.9762133023985173,6.340370466235683,,6.17,3.0,10.0,0.0049795509368368,-2.3028098207838474,0.0,0.0,0.0,0.0,0.0,0.0,0.0,0.0,0.0,1.0,0.6388320254748096,1
MASTER_CV,VAR_004306,0,0.6108093297636407,1,,,,,0.0,10.0,0.0805787278706652,-1.0937795932781327,1.0,1.0,0.0,0.0,0.0,1.0,0.0,0.0,0.0,0.0,0.7331968611395429,0
MASTER_CV,VAR_000075,0,0.5257800529016031,1,3.799296743753737,10.271115653930762,4.722535941318619,5.684042510924022,5.0,10.0,0.0271722566197524,-1.5658742925055495,0.0,1.0,0.0,0.0,0.0,0.0,0.0,0.0,0.0,1.0,0.6666141773613626,0
MASTER_CV,VAR_006383,0,0.8702614494491135,1,7.77248216581163,,,4.861680557667653,4.0,0.0,0.0,-15.0,0.0,0.0,1.0,0.0,0.0,0.0,0.0,0.0,0.0,1.0,0.7571847976715484,-3
MASTER_CV,VAR_001340,0,0.712117155026066,1,,,,,0.0,10.0,0.0019076239570265,-2.719507232086612,0.0,0.0,0.0,0.0,0.0,0.0,0.0,0.0,0.0,0.0,0.7331968611395429,0
MASTER_CV,VAR_005934,0,0.8753206553401436,1,10.003,11.394627532602154,,5.642289375131208,5.0,0.0,0.0,-15.0,0.0,0.0,1.0,0.0,0.0,0.0,0.0,0.0,0.0,1.0,0.7676354124665281,0
MASTER_CV,VAR_004060,0,0.969143370189774,1,8.0528071549809,7.17156823648407,,5.510562721039648,5.0,0.0,0.0,-15.0,0.0,0.0,1.0,0.0,0.0,0.0,0.0,0.0,0.0,0.0,0.8645620095530535,-2
MASTER_CV,VAR_004929,0,0.5826754741975859,1,7.499402146072245,8.590996655693317,,5.358241604965476,5.0,20.0,0.0660816651601,-1.1799190219719982,1.0,1.0,0.0,0.0,0.0,0.0,0.0,0.0,0.0,0.0,0.49457963262565896,0
MASTER_CV,VAR_004608,0,0.5009892509950942,1,,,,,0.0,20.0,0.0707012450248129,-1.150572938358042,1.0,1.0,0.0,0.0,0.0,0.0,0.0,0.0,0.0,0.0,0.7331968611395429,0
MASTER_CV,VAR_006431,0,0.6702814133085959,1,4.923073921631539,7.429259441532855,3.320634662890569,4.690808904634999,5.0,20.0,0.0786792087622601,-1.1041400162147208,1.0,1.0,0.0,0.0,0.0,1.0,0.0,0.0,0.0,1.0,0.5396175529235918,0
MASTER_CV,VAR_001038,0,0.8105409697660597,1,7.963417134862229,7.830844690156469,5.344193119482896,5.026888621399749,6.0,20.0,0.0912802373875607,-1.039623239142273,1.0,1.0,0.0,0.0,1.0,0.0,0.0,0.0,0.0,0.0,0.7016825584944962,0
MASTER_CV,VAR_004144,0,0.928672470843046,1,4.695220892953651,10.451337902384813,4.066897515009676,4.99189161391459,5.0,0.0,0.0,-15.0,0.0,0.0,1.0,0.0,0.0,0.0,0.0,0.0,0.0,1.0,0.854665861830652,0
MASTER_CV,VAR_005051,0,0.5804144608358243,1,-0.61000184433972,1.81425629837214,2.8637492406971066,4.368881743398006,0.0,10.0,0.0632780087822535,-1.1987471955736742,1.0,1.0,0.0,0.0,0.0,0.0,0.0,0.0,0.0,1.0,0.7481329845710603,-3
MASTER_CV,VAR_001709,0,0.853018364778868,1,8.071330930391223,7.551283199306628,3.755133745830301,4.927239628386966,6.0,0.0,0.0,-15.0,0.0,0.0,1.0,0.0,0.0,0.0,0.0,0.0,0.0,0.0,0.6558699552063041,1
MASTER_CV,VAR_000795,0,0.4943138760487623,1,5.02787833263619,,4.1729197913044125,5.26832446822323,5.0,26.0,0.0733324529063812,-1.1347037879910278,1.0,1.0,0.0,0.0,0.0,0.0,1.0,1.0,0.0,1.0,0.8760508796332747,-3
MASTER_CV,VAR_006305,0,0.5402358986020191,1,4.84303059791579,11.283623369232831,,4.9095878821235175,4.0,10.0,0.0544480493216752,-1.2640176748431433,1.0,1.0,0.0,0.0,0.0,1.0,0.0,0.0,0.0,0.0,0.6558699552063041,1
MASTER_CV,VAR_004615,0,0.5510028610221399,1,,,,,0.0,10.0,0.0529663989352924,-1.275999552752407,1.0,1.0,0.0,0.0,1.0,0.0,0.0,0.0,0.0,0.0,0.7331968611395429,0
MASTER_CV,VAR_003340,0,0.6491159430441116,1,2.9933793072587784,7.140436533928478,,4.165837589689964,4.0,0.0,0.0,-15.0,0.0,0.0,1.0,0.0,0.0,0.0,0.0,0.0,0.0,0.0,0.5631713314274286,0
MASTER_CV,VAR_000587,0,0.819064594785115,1,7.396623549026509,11.934,3.817765775179722,5.590600235993038,6.0,20.0,0.0764621247698628,-1.116553637745113,1.0,1.0,0.0,0.0,0.0,0.0,0.0,0.0,0.0,1.0,0.854665861830652,0
MASTER_CV,VAR_002713,0,0.7648870576613681,1,7.567043664996618,8.032088619718659,4.112582213693167,5.881725816204524,6.0,10.0,0.02933135285596,-1.5326679055046541,0.0,1.0,0.0,0.0,0.0,1.0,0.0,0.0,0.0,1.0,0.8039055130752403,1
MASTER_CV,VAR_000831,0,0.7563613213993975,1,9.968151141951996,11.934,4.285522047037461,4.574857945647818,6.0,20.0,0.0614012052872443,-1.211823103704726,1.0,1.0,0.0,0.0,0.0,0.0,1.0,1.0,0.0,1.0,0.7481329845710603,-3
MASTER_CV,VAR_006041,0,0.8463431466876336,1,7.495819661125471,8.460311834251838,,5.732978608049466,5.0,0.0,0.0,-15.0,0.0,0.0,1.0,0.0,0.0,0.0,0.0,0.0,0.0,1.0,0.7519062467766378,0
MASTER_CV,VAR_005202,0,0.7101676062087027,1,9.266964635401052,11.79388036005074,,4.381487849956054,5.0,10.0,0.0048440477314395,-2.3147915861319803,0.0,0.0,0.0,0.0,0.0,0.0,0.0,0.0,0.0,0.0,0.5971653588081428,0
MASTER_CV,VAR_001687,0,0.9259243308821284,1,8.883399005554505,10.995408442938272,,4.869577032652619,5.0,0.0,0.0,-15.0,0.0,0.0,1.0,0.0,0.0,0.0,0.0,0.0,0.0,1.0,0.833271300517974,0
MASTER_CV,VAR_003047,0,0.623054099837342,1,,,,,0.0,10.0,0.0186754215712148,-1.7287295858185192,0.0,1.0,0.0,0.0,0.0,1.0,0.0,0.0,0.0,0.0,0.7331968611395429,0
MASTER_CV,VAR_000118,0,0.7636218157539012,1,4.078188962838171,3.4229505691324715,3.838193280471387,5.016630763177659,4.0,0.0,0.0,-15.0,0.0,0.0,1.0,0.0,0.0,0.0,0.0,0.0,0.0,0.0,0.7036657947609841,0
MASTER_CV,VAR_001991,0,0.8637335229669094,1,10.003,11.934,,5.013347436864141,5.0,0.0,0.0,-15.0,0.0,0.0,1.0,0.0,0.0,0.0,0.0,0.0,0.0,1.0,0.7535638526693664,0
MASTER_CV,VAR_004391,0,0.827012425428685,1,4.047302006162576,6.694003278494309,4.718571701584194,4.564805599860364,4.0,10.0,0.041716343995164,-1.3796937599842403,0.0,1.0,0.0,1.0,1.0,1.0,0.0,0.0,0.0,0.0,0.626951633604653,1
MASTER_CV,VAR_005264,0,0.5534882612373487,1,,,,,0.0,20.0,0.0684171112941201,-1.1648352665366248,1.0,1.0,0.0,0.0,0.0,0.0,0.0,0.0,0.0,0.0,0.7331968611395429,0
MASTER_CV,VAR_001325,0,0.4719952592859218,1,,,,,0.0,0.0,0.0,-15.0,0.0,0.0,1.0,0.0,0.0,0.0,0.0,0.0,0.0,0.0,0.7331968611395429,0
MASTER_CV,VAR_005960,0,0.8710036064981567,1,9.636888922184864,11.905918939965526,5.03825095883536,5.109451644913267,6.0,10.0,0.0088995138999124,-2.050633714293367,0.0,0.0,0.0,0.0,0.0,0.0,0.0,0.0,0.0,0.0,0.7420472453737551,0
MASTER_CV,VAR_005115,0,0.7879798295828788,1,1.9931589028894137,4.517678427520712,5.308790654115904,4.239664361525378,4.0,20.0,0.026358147034557,-1.5790851237044359,0.0,1.0,0.0,0.0,0.0,0.0,0.0,0.0,0.0,1.0,0.8760508796332747,-3
MASTER_CV,VAR_006422,0,0.6315912260083965,1,3.5353015863719057,6.79511978524799,3.4695431143160813,5.979608971055443,4.0,20.0,0.0832225273619028,-1.0797590993738602,1.0,1.0,0.0,0.0,0.0,1.0,0.0,0.0,0.0,1.0,0.7571847976715484,-3
MASTER_CV,VAR_004117,0,0.7432473617049032,1,7.985800312869575,7.904900408003249,3.223209517243898,5.869768419473153,6.0,20.0,0.0241013582431187,-1.6179584818703496,0.0,1.0,0.0,0.0,0.0,0.0,1.0,1.0,0.0,1.0,0.6802442573754168,0
MASTER_CV,VAR_001303,0,0.4719952592859218,1,,,,,0.0,0.0,0.0,-15.0,0.0,0.0,1.0,0.0,0.0,0.0,0.0,0.0,0.0,0.0,0.7331968611395429,0
MASTER_CV,VAR_001484,0,0.4719952592859218,1,,,,,0.0,0.0,0.0,-15.0,0.0,0.0,1.0,0.0,0.0,0.0,0.0,0.0,0.0,0.0,0.7331968611395429,0
MASTER_CV,VAR_003231,0,0.4719952592859218,1,,,,,0.0,0.0,0.0,-15.0,0.0,0.0,1.0,0.0,0.0,0.0,0.0,0.0,0.0,0.0,0.7331968611395429,0
MASTER_CV,VAR_001992,0,0.8444804380294132,1,9.284055560585148,10.950841601616414,4.849882464476017,5.028386251523798,6.0,10.0,0.0236587197789515,-1.6260087596226795,0.0,1.0,0.0,0.0,0.0,1.0,0.0,0.0,0.0,1.0,0.7332787444558171,0
MASTER_CV,VAR_004148,0,0.6144801223578437,1,-0.5560286410901525,1.4770547615153236,1.9246204007029877,3.5761202112242696,1.0,20.0,0.0197092485365727,-1.7053299339468828,0.0,1.0,0.0,0.0,0.0,0.0,0.0,0.0,0.0,1.0,0.774469665041042,-2
MASTER_CV,VAR_002849,0,0.7334848672810185,1,8.346296846003762,8.087695557301053,2.6033340736067254,5.892224356371846,6.0,0.0,0.0,-15.0,0.0,0.0,1.0,0.0,0.0,0.0,0.0,0.0,0.0,1.0,0.6028078427956474,0
MASTER_CV,VAR_005424,0,0.7389257696536009,1,5.529512725411974,,,5.5247613598085605,4.0,10.0,0.0488387257914062,-1.3112356753778407,0.0,1.0,0.0,0.0,0.0,1.0,0.0,0.0,0.0,1.0,0.690034537042025,1
MASTER_CV,VAR_003013,0,0.5495479087932936,1,1.76653368769509,0.990188130754896,-0.1752168213758995,1.2826510543814644,1.0,20.0,0.0702109171634384,-1.1535953537504111,1.0,1.0,0.0,0.0,1.0,0.0,0.0,0.0,0.0,1.0,0.7261417361212653,0
MASTER_CV,VAR_001690,0,0.7080119342621722,1,7.870031325475396,7.86778894757257,,4.502658084641241,5.0,0.0,0.0,-15.0,0.0,0.0,1.0,0.0,0.0,0.0,0.0,0.0,0.0,1.0,0.4901158006703193,0
MASTER_CV,VAR_000558,0,0.7287671985118389,1,8.32774869005319,5.6127064012987935,2.858427155181328,5.541894958990236,5.0,20.0,0.0990587180467009,-1.004107296673025,1.0,1.0,0.0,0.0,0.0,0.0,0.0,0.0,0.0,0.0,0.7420472453737551,0
MASTER_CV,VAR_000404,0,0.9312707393925688,1,7.239108114552213,7.391963100546968,,4.225544655954803,5.0,0.0,0.0,-15.0,0.0,0.0,1.0,0.0,0.0,0.0,0.0,0.0,0.0,1.0,0.7900729115331641,0
MASTER_CV,VAR_001426,0,0.4896920640281709,1,,,,,0.0,0.0,0.0,-15.0,0.0,0.0,1.0,0.0,0.0,0.0,0.0,0.0,0.0,0.0,0.7331968611395429,0
MASTER_CV,VAR_000982,0,0.9505943037242202,1,9.348738206083926,11.934,6.077779769865873,5.862485459991281,6.0,10.0,0.0938551541637485,-1.027541872606713,1.0,1.0,0.0,0.0,0.0,1.0,0.0,0.0,0.0,0.0,0.8645620095530535,-2
MASTER_CV,VAR_001051,0,0.6494887757922129,1,-0.1595720273504579,-0.4003102354141462,0.153155551758125,-3.2989037085827184,-5.0,10.0,0.0447284434015819,-1.3494162154840856,0.0,1.0,0.0,0.0,0.0,1.0,0.0,0.0,0.0,1.0,0.774469665041042,-2
MASTER_CV,VAR_005276,0,0.4896920640281709,1,,,,,0.0,0.0,0.0,-15.0,0.0,0.0,1.0,0.0,0.0,0.0,0.0,0.0,0.0,0.0,0.7331968611395429,0
MASTER_CV,VAR_004369,0,0.7616291259940363,1,3.955866353454668,3.757320819374652,3.469539370176387,4.103623053362798,4.0,20.0,0.0838114494567033,-1.0766966484793832,1.0,1.0,0.0,0.0,1.0,0.0,0.0,0.0,0.0,1.0,0.7481329845710603,-3
MASTER_CV,VAR_005433,0,0.8210965205206744,1,1.0168787438284868,,3.691501967608591,4.589165031134882,3.0,20.0,0.0215867438190005,-1.66581286244067,0.0,1.0,0.0,0.0,1.0,0.0,0.0,0.0,0.0,0.0,0.7526441487546912,0
MASTER_CV,VAR_002744,0,0.914311153076447,1,9.628699529047664,11.934,,5.559275909246258,5.0,0.0,0.0,-15.0,0.0,0.0,1.0,0.0,0.0,0.0,0.0,0.0,0.0,1.0,0.7554645740930286,0
MASTER_CV,VAR_003312,0,0.8846441196555828,1,3.6715941039668247,7.0278355165600495,-0.4599476213194057,2.82966177220387,4.0,10.0,0.0882656271040894,-1.054208388894777,1.0,1.0,0.0,0.0,0.0,1.0,0.0,0.0,0.0,1.0,0.77771279101883,0
MASTER_CV,VAR_004817,0,0.7109806167622489,1,7.683969368300448,9.080244030004456,,5.1092214484836,5.0,0.0,0.0,-15.0,0.0,0.0,1.0,0.0,0.0,0.0,0.0,0.0,0.0,1.0,0.523712043671102,0
MASTER_CV,VAR_002516,0,0.862969159320683,1,7.718962413370464,7.359574030482768,4.519174658965575,4.192130165365177,6.0,0.0,0.0,-15.0,0.0,0.0,1.0,0.0,0.0,0.0,0.0,0.0,0.0,1.0,0.7165984305697715,0
MASTER_CV,VAR_002127,0,0.4896920640281709,1,,,,,0.0,0.0,0.0,-15.0,0.0,0.0,1.0,0.0,0.0,0.0,0.0,0.0,0.0,0.0,0.7331968611395429,0
MASTER_CV,VAR_001343,0,0.4896920640281709,1,,,,,0.0,0.0,0.0,-15.0,0.0,0.0,1.0,0.0,0.0,0.0,0.0,0.0,0.0,0.0,0.7331968611395429,0
MASTER_CV,VAR_002920,0,0.8197054810739971,1,4.974164162349825,7.57103399888565,3.843365095631861,5.133163171599887,5.0,10.0,0.087134545564287,-1.0598096294527317,1.0,1.0,0.0,0.0,0.0,1.0,0.0,0.0,0.0,1.0,0.8039055130752403,1
MASTER_CV,VAR_003887,0,0.5029516261045438,1,8.011708467168173,4.387831352512655,,5.117515021697014,4.0,20.0,0.0773535289610379,-1.1115198684759802,1.0,1.0,0.0,0.0,0.0,1.0,0.0,0.0,0.0,0.0,0.5237705317541551,0
MASTER_CV,VAR_002226,0,0.7410370075718042,1,4.032582460416422,4.653742846957579,5.51220448690343,5.696191555791075,4.0,20.0,0.0121374344395512,-1.9158731029226705,0.0,1.0,0.0,0.0,1.0,0.0,1.0,1.0,0.0,1.0,0.8332845932641224,0
MASTER_CV,VAR_005700,0,0.7094175007067652,1,3.81123040591571,11.934,4.243912642790598,3.632412463607547,5.0,20.0,0.0734276761930724,-1.1341402159361957,1.0,1.0,0.0,0.0,1.0,0.0,0.0,0.0,0.0,1.0,0.8771570687209322,0
MASTER_CV,VAR_001319,0,0.6357426610397285,1,,,,,0.0,10.0,0.0263597608942735,-1.5790585334850136,0.0,1.0,0.0,0.0,0.0,0.0,0.0,0.0,0.0,0.0,0.7331968611395429,0
MASTER_CV,VAR_006199,0,0.887175978194114,1,6.211163239346418,10.986331380948066,3.9010346091472097,5.029573296186006,6.0,0.0,0.0,-15.0,0.0,0.0,1.0,0.0,0.0,0.0,0.0,0.0,0.0,1.0,0.7878167550634285,0
MASTER_CV,VAR_006356,0,0.4896920640281709,1,,,,,0.0,0.0,0.0,-15.0,0.0,0.0,1.0,0.0,0.0,0.0,0.0,0.0,0.0,0.0,0.7331968611395429,0
MASTER_CV,VAR_005410,0,0.6687356089263208,1,2.550880651592877,,3.788336489802401,1.959322024003359,4.0,20.0,0.0896049320551073,-1.0476680851440394,1.0,1.0,0.0,0.0,0.0,0.0,0.0,0.0,0.0,1.0,0.8039055130752403,1
MASTER_CV,VAR_001317,0,0.5996585486894063,1,,,,,0.0,10.0,0.0572955779737475,-1.2418788952351891,1.0,1.0,0.0,0.0,0.0,1.0,0.0,0.0,0.0,0.0,0.7331968611395429,0
MASTER_CV,VAR_000411,0,0.6030738244607399,1,,,,,0.0,10.0,0.0733686721590492,-1.1344893408027739,1.0,1.0,0.0,0.0,0.0,0.0,0.0,0.0,0.0,0.0,0.7331968611395429,0
MASTER_CV,VAR_004707,0,0.5533256704255932,1,1.0549453476323585,1.167139992998974,2.011744755562172,1.954172490125508,3.0,20.0,0.0697511151676551,-1.1564488445807035,1.0,1.0,0.0,0.0,0.0,1.0,0.0,0.0,0.0,1.0,0.7261417361212653,0
MASTER_CV,VAR_001651,0,0.4896920640281709,1,,,,,0.0,0.0,0.0,-15.0,0.0,0.0,1.0,0.0,0.0,0.0,0.0,0.0,0.0,0.0,0.7331968611395429,0
MASTER_CV,VAR_003594,0,0.7372462824556062,1,0.4042515992338488,-1.0090761258241898,-0.981259552181034,0.1339491237419886,-3.0,10.0,0.0523912248475272,-1.2807414481200154,1.0,1.0,0.0,0.0,0.0,1.0,0.0,0.0,0.0,1.0,0.7900729115331641,0
MASTER_CV,VAR_000836,0,0.6959094142925872,1,2.283711368316393,,2.7497873244197,4.673781278207499,4.0,20.0,0.0924406882960813,-1.0341368295053732,1.0,1.0,0.0,0.0,0.0,0.0,0.0,0.0,0.0,1.0,0.8332845932641224,0
MASTER_CV,VAR_001615,0,0.712132851669972,1,,,,,0.0,10.0,0.0322069738628047,-1.4920500791674296,0.0,1.0,0.0,0.0,0.0,1.0,0.0,0.0,0.0,0.0,0.7331968611395429,0
MASTER_CV,VAR_003073,0,0.7647346940696567,1,6.980036094201304,9.63540036639663,1.417241480475442,5.070874069155513,5.0,10.0,0.0335943731098435,-1.473733458681271,0.0,1.0,0.0,0.0,0.0,1.0,0.0,0.0,0.0,1.0,0.7011023659101872,0
MASTER_CV,VAR_004196,0,0.8420186755045627,1,6.73844534445166,6.276858615956797,4.128299762299711,5.206831961756828,5.0,20.0,0.0507545494681372,-1.2945250229644458,1.0,1.0,0.0,0.0,0.0,0.0,0.0,0.0,0.0,1.0,0.77771279101883,0
MASTER_CV,VAR_000471,0,0.4896920640281709,1,,,,,0.0,0.0,0.0,-15.0,0.0,0.0,1.0,0.0,0.0,0.0,0.0,0.0,0.0,0.0,0.7331968611395429,0
MASTER_CV,VAR_004372,0,0.6746242264545638,1,5.150297671164054,4.864216340359666,3.4345035399562702,3.739729504541092,5.0,20.0,0.0614401160211064,-1.2115479728710894,1.0,1.0,0.0,0.0,0.0,1.0,0.0,0.0,0.0,1.0,0.7481329845710603,-3
MASTER_CV,VAR_004689,0,0.4896920640281709,1,,,,,0.0,0.0,0.0,-15.0,0.0,0.0,1.0,0.0,0.0,0.0,0.0,0.0,0.0,0.0,0.7331968611395429,0
MASTER_CV,VAR_002346,0,0.9268261567922472,1,9.730167385071988,11.872113579609822,3.511069291962067,5.291477564115546,6.0,20.0,0.095486713445314,-1.0200570543724725,1.0,1.0,0.0,0.0,0.0,0.0,0.0,0.0,0.0,0.0,0.7420472453737551,0
MASTER_CV,VAR_003422,0,0.6545293181352348,1,3.9532856116802497,9.620460140997686,,4.566251611197187,4.0,10.0,0.023742001263377,-1.6244826762403093,0.0,1.0,0.0,0.0,0.0,1.0,0.0,0.0,0.0,0.0,0.6558699552063041,1
MASTER_CV,VAR_001027,0,0.8259875939855238,1,8.82509125988214,10.9664285889223,6.418656849484179,5.747747134632075,6.0,10.0,0.0471528107955547,-1.3264924137089367,0.0,1.0,0.0,0.0,0.0,1.0,0.0,0.0,0.0,1.0,0.523712043671102,0
MASTER_CV,VAR_006225,0,0.5832126553908445,1,,,,,0.0,10.0,0.0452404141580882,-1.3444734279342598,0.0,1.0,0.0,0.0,0.0,1.0,0.0,0.0,0.0,0.0,0.7331968611395429,0
MASTER_CV,VAR_004561,0,0.7538816631715562,1,5.581301368608693,11.106412077471084,5.458207392228919,6.17,6.0,0.0,0.0,-15.0,0.0,0.0,1.0,0.0,0.0,0.0,0.0,0.0,0.0,1.0,0.640920662415033,0
MASTER_CV,VAR_004822,0,0.9272061034096536,1,8.268268941526319,11.934,3.232307635207535,5.232395816407256,6.0,0.0,0.0,-15.0,0.0,0.0,1.0,0.0,0.0,0.0,0.0,0.0,0.0,1.0,0.7878167550634285,0
MASTER_CV,VAR_003913,0,0.4882019525691473,1,5.57343338050985,7.413395338692434,3.5289355839294063,4.71391734638442,6.0,10.0,0.0891753891823246,-1.0497549866224356,1.0,1.0,0.0,0.0,0.0,0.0,1.0,1.0,0.0,0.0,0.49457963262565896,0
MASTER_CV,VAR_001422,0,0.6128112685210406,1,,,,,0.0,10.0,0.0523269214408635,-1.2812748154337346,1.0,1.0,0.0,0.0,0.0,1.0,0.0,0.0,0.0,0.0,0.7331968611395429,0
MASTER_CV,VAR_001424,0,0.4896920640281709,1,,,,,0.0,0.0,0.0,-15.0,0.0,0.0,1.0,0.0,0.0,0.0,0.0,0.0,0.0,0.0,0.7331968611395429,0
MASTER_CV,VAR_001585,0,0.4896920640281709,1,,,,,0.0,0.0,0.0,-15.0,0.0,0.0,1.0,0.0,0.0,0.0,0.0,0.0,0.0,0.0,0.7331968611395429,0
MASTER_CV,VAR_006585,0,0.9067369445925176,1,7.098960141683774,11.136385297010502,3.771144353814015,6.17,6.0,0.0,0.0,-15.0,0.0,0.0,1.0,0.0,0.0,0.0,0.0,0.0,0.0,1.0,0.7016825584944962,0
MASTER_CV,VAR_004355,0,0.8540173516594293,1,3.0599771212282305,6.089282380814914,2.1525842696663315,3.1446020906839416,4.0,10.0,0.027052760032885,-1.567788419803115,0.0,1.0,0.0,0.0,0.0,1.0,0.0,0.0,0.0,1.0,0.7481329845710603,-3
MASTER_CV,VAR_002974,0,0.5705177325353091,1,1.871601909536516,4.08395958339055,3.2297537289105507,4.908711459327586,4.0,0.0,0.0,-15.0,0.0,0.0,1.0,0.0,0.0,0.0,0.0,0.0,0.0,1.0,0.6532787444558171,0
MASTER_CV,VAR_004156,0,0.5742209353946774,1,2.3413796753969933,3.751480446746346,,4.187017093600799,3.0,10.0,0.0299099612085294,-1.5241841502228481,0.0,1.0,0.0,0.0,0.0,1.0,0.0,0.0,0.0,0.0,0.7036657947609841,0
MASTER_CV,VAR_006333,0,0.6906625774131978,1,2.3881565401529405,4.412193727276202,4.25502377718588,4.654491716444173,4.0,0.0,0.0,-15.0,0.0,0.0,1.0,0.0,0.0,0.0,0.0,0.0,0.0,0.0,0.7036657947609841,0
MASTER_CV,VAR_006060,0,0.93163494446663,1,7.108598360979122,7.659793413779599,3.630914604622722,5.295619818061657,6.0,0.0,0.0,-15.0,0.0,0.0,1.0,0.0,0.0,0.0,0.0,0.0,0.0,0.0,0.8641469856072381,0
MASTER_CV,VAR_006157,0,0.6550359709775877,1,7.319794686961418,8.154742125513364,,5.276979845566666,5.0,0.0,0.0,-15.0,0.0,0.0,1.0,0.0,0.0,0.0,0.0,0.0,0.0,1.0,0.5739982561886349,0
MASTER_CV,VAR_000870,0,0.741888778438653,1,2.226310570215537,2.7566373155132564,4.237882608539302,3.87048353935895,-1.0,10.0,0.0009348852436864,-3.029241695108217,0.0,0.0,0.0,0.0,0.0,0.0,0.0,0.0,0.0,0.0,0.8471653588081428,0
MASTER_CV,VAR_006119,0,0.6125384902848608,1,2.739456628903739,7.850206271765937,4.501814274405884,6.17,5.0,20.0,0.0967057577940691,-1.0145476675535055,1.0,1.0,0.0,0.0,0.0,1.0,0.0,0.0,0.0,1.0,0.7082992152848857,0
MASTER_CV,VAR_006575,0,0.9406491919977742,1,6.783501739168434,7.850794083737091,3.228503000823162,4.73647598970566,6.0,0.0,0.0,-15.0,0.0,0.0,1.0,0.0,0.0,0.0,0.0,0.0,0.0,1.0,0.9077869001212279,-2
MASTER_CV,VAR_002029,0,0.8024654698769867,1,5.016691287603588,7.407213939120918,4.262918675221367,5.575927181985992,6.0,20.0,0.0389701608965178,-1.40926780112735,0.0,1.0,0.0,0.0,0.0,0.0,1.0,1.0,0.0,1.0,0.9077869001212279,-2
MASTER_CV,VAR_000397,0,0.8620257625473172,1,6.559849004262375,7.446619909605361,,5.386920342575719,5.0,20.0,0.0966329723294093,-1.0148746618100384,1.0,1.0,0.0,0.0,0.0,0.0,0.0,0.0,0.0,0.0,0.8645620095530535,-2
MASTER_CV,VAR_000438,0,0.8221350015297166,1,9.90809695732308,11.494195893632256,3.3786388304330752,3.21241194303523,6.0,10.0,0.0457639957336438,-1.3394760635569516,0.0,1.0,0.0,0.0,0.0,1.0,1.0,1.0,0.0,1.0,0.7732787444558171,0
MASTER_CV,VAR_002235,0,0.7252130324328325,1,4.681146845881118,8.83207630774737,4.052364119512848,1.870480246453231,5.0,10.0,0.0328198732559618,-1.4838631004414342,0.0,1.0,0.0,0.0,0.0,0.0,0.0,0.0,0.0,0.0,0.8423994292980986,-2
MASTER_CV,VAR_005881,0,0.8037799021295997,1,4.872523692386694,7.383481567007772,4.683504634740135,5.488774472815759,5.0,11.0,0.096710326707908,-1.0145271495694506,1.0,1.0,0.0,0.0,0.0,1.0,0.0,0.0,0.0,1.0,0.8744937483693579,-3
MASTER_CV,VAR_004687,0,0.5731026008753793,1,,,,,0.0,20.0,0.054298131593456,-1.2652151142898322,1.0,1.0,0.0,0.0,0.0,1.0,0.0,0.0,0.0,0.0,0.7331968611395429,0
MASTER_CV,VAR_001495,0,0.5753151414817985,1,,,,,0.0,10.0,0.0683591038346546,-1.16520363937165,1.0,1.0,0.0,0.0,0.0,1.0,0.0,0.0,0.0,0.0,0.7331968611395429,0
MASTER_CV,VAR_000311,0,0.6610196356037075,1,6.893366216418701,8.609572720428451,,5.601225956482116,5.0,26.0,0.0827585090075483,-1.0821873422647235,1.0,1.0,0.0,0.0,0.0,0.0,0.0,0.0,0.0,1.0,0.8744937483693579,-3
MASTER_CV,VAR_001813,0,0.5237411169993426,1,7.17041884128913,7.598885813779224,,5.311965161243883,5.0,20.0,0.0564948374162539,-1.2479912368544048,1.0,1.0,0.0,0.0,0.0,0.0,0.0,0.0,0.0,1.0,0.5872366005426395,0
MASTER_CV,VAR_000583,0,0.967007795956078,1,8.954909465823315,10.822549115680676,,5.131991912543128,5.0,20.0,0.0586033752047938,-1.2320773704903523,1.0,1.0,0.0,0.0,0.0,0.0,0.0,0.0,0.0,1.0,0.7638320254748096,1
MASTER_CV,VAR_004604,0,0.4789168374591132,1,1.7502729797017924,3.386837540093431,3.082707025126045,4.564654774952289,4.0,20.0,0.0546096560443791,-1.262730558833403,1.0,1.0,0.0,0.0,0.0,0.0,0.0,0.0,0.0,1.0,0.6666141773613626,0
MASTER_CV,VAR_003761,0,0.919014565410959,1,7.353313772036544,7.697900920801434,,5.336165528613393,5.0,10.0,0.028867706986952,-1.539587711528458,0.0,1.0,0.0,0.0,0.0,0.0,1.0,1.0,0.0,1.0,0.7707480382122143,0
MASTER_CV,VAR_003155,0,0.8244234056256972,1,6.758082669328271,11.60354279867283,4.051613612107007,6.0342876472009,6.0,10.0,0.0047206170285875,-2.326001231324138,0.0,0.0,0.0,0.0,0.0,1.0,0.0,0.0,0.0,1.0,0.6457480382122143,0
MASTER_CV,VAR_003067,0,0.8923460069551596,1,9.129747736533515,10.187374184184842,3.1778239916933275,5.0237500115,6.0,20.0,0.0509015969983088,-1.2932685917953952,1.0,1.0,0.0,0.0,0.0,0.0,0.0,0.0,0.0,1.0,0.7254099183173781,0
MASTER_CV,VAR_001420,0,0.5013948099966986,1,,,,,0.0,10.0,0.0303910419349665,-1.5172544101915324,0.0,1.0,0.0,0.0,0.0,0.0,0.0,0.0,0.0,0.0,0.7331968611395429,0
MASTER_CV,VAR_004489,0,0.9598094077666876,1,9.915166213037256,11.34597599047897,,4.67292284708481,5.0,10.0,0.0287631617674041,-1.5411633761937524,0.0,1.0,0.0,1.0,1.0,1.0,0.0,0.0,0.0,1.0,0.8771570687209322,0
MASTER_CV,VAR_006070,0,0.5896742029097556,1,6.727889407089636,9.276592290583856,,5.084436142484663,5.0,20.0,0.0853225105067778,-1.068936374469675,1.0,1.0,0.0,0.0,0.0,0.0,0.0,0.0,0.0,1.0,0.7082480382122143,0
MASTER_CV,VAR_001517,0,0.6228115135086738,1,,,,,0.0,10.0,0.0792716276146806,-1.100882224728032,1.0,1.0,0.0,0.0,0.0,0.0,0.0,0.0,0.0,0.0,0.7331968611395429,0
MASTER_CV,VAR_001044,0,0.9596041577960184,1,9.264275739666706,10.801256587537663,,5.587166091567557,5.0,10.0,0.0091422982413089,-2.038944615201309,0.0,0.0,0.0,0.0,0.0,1.0,0.0,0.0,0.0,0.0,0.7435372542844395,0
MASTER_CV,VAR_006511,0,0.8416595181699207,1,6.8255108079250855,11.702065832933553,,5.889251501618297,5.0,20.0,0.0859051500691813,-1.0659807991538364,1.0,1.0,0.0,0.0,0.0,0.0,0.0,0.0,0.0,1.0,0.7571847976715484,-3
MASTER_CV,VAR_003539,0,0.9462183152527786,1,7.193899202734382,8.075654861049568,3.1640485610386104,5.311997511366719,6.0,10.0,0.0914814256574544,-1.0386670759155139,1.0,1.0,0.0,0.0,0.0,1.0,0.0,0.0,0.0,1.0,0.8744937483693579,-3
MASTER_CV,VAR_004215,0,0.6813705752343229,1,0.3488368712962694,4.667749432040405,,5.548764902853204,2.0,20.0,0.0992538680222495,-1.0032525593458457,1.0,1.0,0.0,0.0,0.0,1.0,0.0,0.0,0.0,0.0,0.6969076641543377,0
MASTER_CV,VAR_000102,0,0.8686172206428331,1,8.873177018205073,11.758271851592042,,4.939674448552882,5.0,11.0,0.0981653212617988,-1.0080419077790241,1.0,1.0,0.0,0.0,0.0,1.0,0.0,0.0,0.0,1.0,0.7254099183173781,0
MASTER_CV,VAR_001854,0,0.510380663833299,1,2.07874503833994,0.9899653057174236,0.951096163865735,2.672895407795298,0.0,0.0,0.0,-15.0,0.0,0.0,1.0,0.0,0.0,0.0,0.0,0.0,0.0,0.0,0.7036657947609841,0
MASTER_CV,VAR_003316,0,0.9735640063138334,1,7.091042575478038,8.256101957932472,4.441445656863253,5.131787061968302,6.0,0.0,0.0,-15.0,0.0,0.0,1.0,0.0,0.0,0.0,0.0,0.0,0.0,1.0,0.7571847976715484,-3
MASTER_CV,VAR_006537,0,0.8196113851562311,1,2.460594693641047,7.439962902921803,,5.434872457905216,4.0,0.0,0.0,-15.0,0.0,0.0,1.0,0.0,0.0,0.0,0.0,0.0,0.0,1.0,0.7519062467766378,0
MASTER_CV,VAR_001915,0,0.6847582397901905,1,10.003,11.562273458013298,,5.658337883849023,5.0,20.0,0.0833860602098255,-1.0789065450451105,1.0,1.0,0.0,0.0,0.0,0.0,0.0,0.0,0.0,1.0,0.690034537042025,1
MASTER_CV,VAR_000159,0,0.9310821752817448,1,9.253585119448438,11.227563543419407,,4.914344674786243,5.0,10.0,0.0007237107826431,-3.14043495672596,0.0,0.0,0.0,0.0,0.0,0.0,0.0,0.0,0.0,1.0,0.7332992152848857,0
MASTER_CV,VAR_002546,0,0.7619609644133046,1,0.7882252174057144,3.343988994870656,4.895035906739266,5.752385053070355,3.0,20.0,0.0913565105330587,-1.0392604971584163,1.0,1.0,0.0,0.0,0.0,1.0,0.0,0.0,0.0,1.0,0.7423622096088831,0
MASTER_CV,VAR_004952,0,0.6975270590403508,1,7.546038082070561,7.695630168228249,3.3116843838467127,4.434036369109836,6.0,20.0,0.0798271794224739,-1.0978492156230462,1.0,1.0,0.0,0.0,0.0,0.0,0.0,0.0,0.0,0.0,0.5237705317541551,0
MASTER_CV,VAR_005037,0,0.668113550060435,1,0.0695435131485137,-0.342616408754417,-3.6773838759801034,0.4546519532189732,-3.0,10.0,0.0402092449217042,-1.3956740823165328,0.0,1.0,0.0,0.0,0.0,1.0,0.0,0.0,0.0,0.0,0.6969076641543377,0
MASTER_CV,VAR_003841,0,0.7388946348354888,1,9.160060937740216,10.839284780151788,,3.4932773316095886,5.0,0.0,0.0,-15.0,0.0,0.0,1.0,0.0,0.0,0.0,0.0,0.0,0.0,1.0,0.6388320254748096,1
MASTER_CV,VAR_003381,0,0.8285770375451125,1,8.5197683094576,11.010500411394558,,4.485659866035045,5.0,0.0,0.0,-15.0,0.0,0.0,1.0,0.0,0.0,0.0,0.0,0.0,0.0,1.0,0.6789618004220529,1
MASTER_CV,VAR_003914,0,0.702624409892698,1,5.450136589016934,7.883492791663244,4.053328763047116,5.52577472707013,6.0,10.0,0.0579267057388004,-1.2371211688967778,1.0,1.0,0.0,0.0,0.0,1.0,0.0,0.0,0.0,0.0,0.6490509795471278,0
MASTER_CV,VAR_002155,0,0.9018625573487916,1,8.855906311458291,9.091590536038538,5.7099529679186265,5.541224911895551,6.0,10.0,0.0675626367797045,-1.1702934094780266,1.0,1.0,0.0,0.0,0.0,1.0,0.0,0.0,0.0,0.0,0.5237705317541551,0
MASTER_CV,VAR_005259,0,0.8383405148207013,1,7.431522137584542,11.934,4.906013804052624,6.04597475164859,6.0,0.0,0.0,-15.0,0.0,0.0,1.0,0.0,0.0,0.0,0.0,0.0,0.0,0.0,0.6665691865282449,1
MASTER_CV,VAR_002885,0,0.8051850710588772,1,7.637131113187504,7.453827578514237,3.774346161027984,5.861634537973733,6.0,0.0,0.0,-15.0,0.0,0.0,1.0,0.0,0.0,0.0,0.0,0.0,0.0,1.0,0.6028078427956474,0
MASTER_CV,VAR_003683,0,0.5980357393584741,1,9.013110581652672,7.48102019080009,3.882895134886652,4.987960803184136,6.0,11.0,0.0052080562834387,-2.283324330996085,0.0,0.0,0.0,0.0,0.0,1.0,0.0,0.0,0.0,1.0,0.8744937483693579,-3
MASTER_CV,VAR_000423,0,0.9214739459332436,1,5.948728771031601,9.487848614115832,5.141673957765672,1.3402050899415183,6.0,10.0,0.0367794995913661,-1.4343941839121441,0.0,1.0,0.0,0.0,0.0,1.0,0.0,0.0,0.0,1.0,0.8744937483693579,-3
MASTER_CV,VAR_002943,0,0.9423045209234876,1,9.240747045643998,10.916568725362806,4.1327942012073215,5.896506446439235,6.0,0.0,0.0,-15.0,0.0,0.0,1.0,0.0,0.0,0.0,0.0,0.0,0.0,1.0,0.7878167550634285,0
MASTER_CV,VAR_001683,0,0.8491930415258775,1,9.944280120624446,11.934,4.032970355908271,4.987992299646303,6.0,10.0,0.0478371574242834,-1.3202346348646619,0.0,1.0,0.0,0.0,0.0,0.0,0.0,0.0,0.0,1.0,0.7332992152848857,0
MASTER_CV,VAR_003888,0,0.7752137532701068,1,1.5042565716941645,0.0964971076889936,,4.2296713855530585,2.0,20.0,0.0924703233488549,-1.0339976237340545,1.0,1.0,0.0,0.0,0.0,0.0,0.0,0.0,0.0,0.0,0.6969076641543377,0
MASTER_CV,VAR_000758,0,0.7758373219199673,1,5.852547126048658,,,5.042238757275102,4.0,20.0,0.0669221157573008,-1.1744303371777236,1.0,1.0,0.0,0.0,1.0,0.0,0.0,0.0,0.0,1.0,0.7481329845710603,-3
MASTER_CV,VAR_005913,0,0.8235482935349275,1,9.440929528290638,11.423338344629476,,5.629337526380056,5.0,0.0,0.0,-15.0,0.0,0.0,1.0,0.0,0.0,0.0,0.0,0.0,0.0,1.0,0.6028078427956474,0
MASTER_CV,VAR_003166,0,0.8359504506601331,1,5.066796761835999,6.23361224617013,,6.17,4.0,20.0,0.0947920497970959,-1.0232280853838416,1.0,1.0,0.0,0.0,0.0,0.0,0.0,0.0,0.0,1.0,0.8039055130752403,1
MASTER_CV,VAR_001040,0,0.9412777794449472,1,5.939343949215477,6.9750781219523965,5.845137137580045,5.818976669078087,5.0,10.0,0.0620467943638167,-1.2072806513299243,1.0,1.0,0.0,0.0,0.0,1.0,0.0,0.0,0.0,0.0,0.7082480382122143,0
MASTER_CV,VAR_002163,0,0.9673882827314328,1,9.292923692082658,11.934,,5.4957225361561495,5.0,0.0,0.0,-15.0,0.0,0.0,1.0,0.0,0.0,0.0,0.0,0.0,0.0,0.0,0.8645620095530535,-2
MASTER_CV,VAR_006160,0,0.6479715622153762,1,3.10492665801652,4.155109488885422,4.318922108824819,5.189183907103339,4.0,10.0,0.0445899717779793,-1.3507628025252818,0.0,1.0,0.0,0.0,0.0,0.0,0.0,0.0,0.0,1.0,0.690034537042025,1
MASTER_CV,VAR_003001,0,0.9134393148587624,1,7.993215804279453,7.218628301404233,,5.778218003237186,5.0,0.0,0.0,-15.0,0.0,0.0,1.0,0.0,0.0,0.0,0.0,0.0,0.0,1.0,0.7519062467766378,0
MASTER_CV,VAR_003512,0,0.8447858798531883,1,9.63003560061862,11.934,,5.580894388772268,5.0,10.0,0.0192362040403774,-1.7158806249679301,0.0,1.0,0.0,0.0,0.0,0.0,0.0,0.0,0.0,1.0,0.7732787444558171,0
KANSER_unique,VAR_004425,0,0.8771666477621372,1,7.418278194423258,11.05982636865662,5.069796926374325,4.926976565711011,6.0,0.0,0.0,-15.0,0.0,0.0,1.0,0.0,0.0,0.0,0.0,0.0,0.0,1.0,0.7700678831515665,0
KANSER_unique,VAR_001003,0,0.924680927277818,1,7.346315506911637,8.115720200581489,6.10005221314559,5.685622838579195,6.0,10.0,0.0180824423290362,-1.742742911339147,0.0,1.0,0.0,0.0,0.0,0.0,0.0,0.0,0.0,1.0,0.7700678831515665,0
KANSER_unique,VAR_004618,0,0.600170490852672,1,,,,,0.0,20.0,0.092801797561113,-1.0324436114609667,1.0,1.0,0.0,0.0,0.0,1.0,0.0,0.0,0.0,0.0,0.7331968611395429,0
KANSER_unique,VAR_000930,0,0.6970366174065307,1,3.5390669361680898,1.8730091585275432,2.5356836697485114,4.7793854766361,3.0,10.0,0.0880377699013125,-1.0553309671616293,1.0,1.0,0.0,0.0,0.0,0.0,0.0,0.0,0.0,0.0,0.5631713314274286,0
KANSER_unique,VAR_001053,0,0.5719192600288414,1,0.0318172787853605,,-0.7264133845513937,0.0832843551994021,-1.0,10.0,0.0147669366553136,-1.8307095880784394,0.0,1.0,0.0,0.0,0.0,1.0,0.0,0.0,0.0,1.0,0.7266393722279085,0
KANSER_unique,VAR_004709,0,0.6703361727113532,1,1.5053085974891236,2.3891168018315643,4.535026873809674,4.265678424381662,3.0,20.0,0.0986371111669982,-1.0059596556195765,1.0,1.0,0.0,0.0,0.0,0.0,0.0,0.0,0.0,0.0,0.8423994292980986,-2
KANSER_unique,VAR_004556,0,0.7892887639277519,1,4.182097403937901,5.417945367316378,2.0675313991804267,3.111783487408039,4.0,0.0,0.0,-15.0,0.0,0.0,1.0,0.0,0.0,0.0,0.0,0.0,0.0,0.0,0.7036657947609841,0
KANSER_unique,VAR_001252,0,0.8576990978510306,1,9.147628161871603,11.934,6.5,5.535287434722738,6.0,20.0,0.0325626547486634,-1.4872801954383554,0.0,1.0,0.0,0.0,1.0,0.0,0.0,0.0,0.0,1.0,0.7630357664023545,1
KANSER_unique,VAR_004370,0,0.909096291184642,1,2.0940055095243832,1.554787831012128,2.325154646398506,2.853058960689003,3.0,10.0,0.0397508036754392,-1.4006540864218364,0.0,1.0,0.0,0.0,0.0,0.0,0.0,0.0,0.0,1.0,0.8744937483693579,-3
KANSER_unique,VAR_002377,0,0.9505767743526614,1,6.635885220560204,7.266348525070921,4.442593580127276,5.595305202406777,6.0,20.0,0.0678401416591179,-1.1685132538865222,1.0,1.0,0.0,0.0,0.0,0.0,0.0,0.0,0.0,1.0,0.8744937483693579,-3
KANSER_unique,VAR_000680,0,0.5420256196325787,1,8.080832453164499,7.506659316263266,3.9707313234431454,5.078698408897985,6.0,20.0,0.050497370025562,-1.2967312399630868,1.0,1.0,0.0,0.0,0.0,0.0,0.0,0.0,0.0,1.0,0.6388320254748096,0
KANSER_unique,VAR_004336,0,0.9557264166665116,1,0.7899045925516819,0.7066733101555891,2.984851526348526,3.351335792566024,0.0,10.0,0.0885987148952394,-1.052572577412649,1.0,1.0,0.0,0.0,0.0,0.0,0.0,0.0,0.0,1.0,0.8771570687209322,0
KANSER_unique,VAR_004339,0,0.8922425547506947,1,1.8711022680033145,4.369657230920705,2.4499519969411665,3.1681194903074728,4.0,20.0,0.0782224318831425,-1.1066686862487292,1.0,1.0,0.0,0.0,1.0,0.0,0.0,0.0,0.0,1.0,0.9077869001212279,-2
KANSER_unique,VAR_004397,0,0.959605433534414,1,6.101625490535275,9.76238056425643,5.743134927265579,5.251650765420228,6.0,20.0,0.0851893444181959,-1.0696147238927254,1.0,1.0,0.0,0.0,0.0,1.0,0.0,0.0,0.0,1.0,0.7481329845710603,-3
KANSER_unique,VAR_004395,0,0.4900392596319556,1,2.598604908368426,7.470880243666014,4.196864827151871,5.074914239280584,5.0,10.0,0.036065919933542,-1.442902985781801,0.0,1.0,0.0,0.0,0.0,0.0,0.0,0.0,0.0,1.0,0.690034537042025,1
KANSER_unique,VAR_000560,0,0.5740867663521394,1,0.2270621133474856,1.7535833548730848,-0.8431387672141906,-1.4738412650506063,-1.0,20.0,0.0306967165897457,-1.5129080754418658,0.0,1.0,0.0,0.0,0.0,0.0,0.0,0.0,0.0,0.0,0.8132787444558172,0
KANSER_unique,VAR_004422,0,0.8002651053921128,1,4.679455818186548,7.629476964005492,5.15531184737852,4.970769775004529,5.0,10.0,0.0081705229579056,-2.0877501453691067,0.0,0.0,0.0,0.0,0.0,1.0,0.0,0.0,0.0,0.0,0.626951633604653,1
KANSER_unique,VAR_004335,0,0.6572560897345965,1,0.140501283791122,1.5951611024996568,2.383471028111736,1.4688472417373166,-1.0,20.0,0.0458459394514812,-1.338699123503391,0.0,1.0,0.0,0.0,0.0,1.0,0.0,0.0,0.0,0.0,0.6558699552063041,1
KANSER_unique,VAR_001005,0,0.5922446460408809,1,2.824631744130247,2.6127521265478,,6.11718833952146,2.0,10.0,0.0277298360293165,-1.5570526984630018,0.0,1.0,0.0,0.0,0.0,0.0,0.0,0.0,0.0,0.0,0.563997585491956,0
KANSER_unique,VAR_004688,0,0.5953163506227919,1,,,,,0.0,20.0,0.0065930848622339,-2.1809113342421687,0.0,0.0,0.0,0.0,0.0,0.0,0.0,0.0,0.0,0.0,0.7331968611395429,0
KANSER_unique,VAR_000693,0,0.9874220979907424,1,7.691824169930123,7.132110821326329,3.4431849994325594,3.622364746021476,6.0,10.0,0.0743672289529251,-1.1286184007482873,1.0,1.0,0.0,0.0,0.0,1.0,0.0,0.0,0.0,1.0,0.8921167238645714,0
KANSER_unique,VAR_000929,0,0.9548816160710586,1,7.759526277288337,6.514455245011972,3.71648239504078,5.627009880168648,5.0,20.0,0.0428411841519269,-1.368138533555854,0.0,1.0,0.0,0.0,0.0,0.0,0.0,0.0,0.0,0.0,0.7435372542844395,0
KANSER_unique,VAR_004668,0,0.5547934314125057,1,,,,,0.0,20.0,0.0306977188147834,-1.5128938962804916,0.0,1.0,0.0,0.0,0.0,0.0,0.0,0.0,0.0,0.0,0.7331968611395429,0
KANSER_unique,VAR_004672,0,0.4817644130851581,1,,,,,0.0,26.0,0.0201771755054072,-1.6951396283998181,0.0,1.0,0.0,0.0,0.0,0.0,0.0,0.0,0.0,0.0,0.7331968611395429,0
KANSER_unique,VAR_001267,0,0.8422415467302883,1,5.663621108420719,7.338870468699723,6.412443185296623,5.872687495032095,6.0,10.0,0.0479104611908721,-1.3195696485597785,0.0,1.0,0.0,0.0,0.0,1.0,0.0,0.0,0.0,1.0,0.7016825584944962,0
KANSER_unique,VAR_003577,0,0.9033196025369504,1,0.8535600219227645,1.775945493279803,3.1224341203672377,4.8934646828385,0.0,10.0,0.0297950499434402,-1.5258558822599113,0.0,1.0,0.0,0.0,0.0,0.0,0.0,0.0,0.0,1.0,0.833271300517974,0
KANSER_unique,VAR_001020,0,0.8343061166275538,1,7.505007011271104,7.550581181261411,,5.246449519283934,5.0,10.0,0.0323101316065208,-1.4906612729984565,0.0,1.0,0.0,0.0,0.0,1.0,0.0,0.0,0.0,1.0,0.5396175529235918,0
KANSER_unique,VAR_000624,0,0.9469873278634182,1,3.710770109988038,4.686809756091278,3.931580249235669,4.963897781319326,4.0,0.0,0.0,-15.0,0.0,0.0,1.0,0.0,0.0,0.0,0.0,0.0,0.0,1.0,0.8617553319852542,0
KANSER_unique,VAR_004697,0,0.7625336210935064,1,,,,,0.0,10.0,0.0396363140972998,-1.4019067386880468,0.0,1.0,0.0,0.0,0.0,1.0,0.0,0.0,0.0,0.0,0.7331968611395429,0
KANSER_unique,VAR_003656,0,0.917813873980783,1,9.654485141360947,11.661473574428168,,5.475155078826835,5.0,0.0,0.0,-15.0,0.0,0.0,1.0,0.0,0.0,0.0,0.0,0.0,0.0,0.0,0.8641469856072381,0
KANSER_unique,VAR_001249,0,0.5750592483508206,1,0.5207158806372691,0.3612241740041031,-0.5402803731284,-0.9122060423358068,-1.0,10.0,0.0395048678743722,-1.4033493863805746,0.0,1.0,0.0,0.0,0.0,1.0,0.0,0.0,0.0,0.0,0.6969076641543377,0
KANSER_unique,VAR_004650,0,0.6021192579417515,1,,,,,0.0,20.0,0.0836629324347538,-1.077466917212798,1.0,1.0,0.0,0.0,0.0,1.0,0.0,0.0,0.0,0.0,0.7331968611395429,0
KANSER_unique,VAR_004659,0,0.7685092559052461,1,,,,,0.0,10.0,0.0038321911586954,-2.4165528354242904,0.0,0.0,0.0,0.0,0.0,0.0,0.0,0.0,0.0,0.0,0.7331968611395429,0
KANSER_unique,VAR_004678,0,0.8027238483413306,1,,,,,0.0,20.0,0.0962748278669823,-1.0164872491943109,1.0,1.0,0.0,0.0,1.0,0.0,0.0,0.0,0.0,0.0,0.7331968611395429,0
PAH_unique,VAR_003008,0,0.6777473229351177,1,1.7049546831285094,3.032271101999348,2.5855985125552468,4.974764609710091,4.0,20.0,0.0049248026391067,-2.3076111691184327,0.0,0.0,0.0,0.0,0.0,0.0,0.0,0.0,0.0,0.0,0.7420472453737551,0
PAH_unique,VAR_003054,0,0.7725568262678798,1,,,,,0.0,20.0,0.000373176585197,-3.42808561368845,0.0,0.0,0.0,0.0,0.0,1.0,0.0,0.0,0.0,0.0,0.7331968611395429,0
PAH_unique,VAR_002729,0,0.9578600248656798,1,7.654836756282903,7.723597969429544,,5.214134323413655,5.0,10.0,0.0004416054061736,-3.354965618572731,0.0,0.0,0.0,0.0,0.0,1.0,0.0,0.0,0.0,1.0,0.7707480382122143,0
PAH_unique,VAR_002860,0,0.9015505469848544,1,5.50874246654352,11.334977609164849,4.00122070631536,5.734789193703649,6.0,10.0,9.09030438057326e-05,-4.041421574574113,0.0,0.0,0.0,0.0,0.0,1.0,0.0,0.0,0.0,1.0,0.7700678831515665,0
PAH_unique,VAR_002995,0,0.8470195368901356,1,5.635540675305705,6.30552022922639,3.917753287466627,5.91244568923302,5.0,20.0,0.0007011240623486,-3.1542051277870864,0.0,0.0,0.0,0.0,1.0,0.0,0.0,0.0,0.0,0.0,0.49457963262565896,0
PAH_unique,VAR_002647,0,0.8183749875429661,1,7.098165794355787,11.794242289571134,,5.406934560148605,5.0,10.0,0.0013714702380871,-2.8628136124665633,0.0,0.0,0.0,0.0,0.0,0.0,0.0,0.0,0.0,1.0,0.6388320254748096,0
PAH_unique,VAR_003061,0,0.6209675106747331,1,3.0010419065277945,4.623433991454127,2.601327098465914,4.973855950360998,4.0,20.0,0.0001945124734182,-3.71105254362653,0.0,0.0,0.0,0.0,0.0,1.0,0.0,0.0,0.0,0.0,0.5782034410488863,0
PAH_unique,VAR_002776,0,0.840718128127115,1,9.972973709398646,11.214822007848264,3.731737444467551,5.596392986282202,6.0,11.0,0.0003832741413913,-3.416490480587716,0.0,0.0,0.0,0.0,0.0,0.0,0.0,0.0,0.0,1.0,0.6802442573754168,0
PAH_unique,VAR_003057,0,0.833378729151515,1,9.418605114121874,11.555984278380938,2.70114977401731,5.330673777296504,6.0,10.0,0.0002951528915536,-3.529952957724658,0.0,0.0,0.0,0.0,0.0,1.0,0.0,0.0,0.0,1.0,0.6666141773613626,0
PAH_unique,VAR_002693,0,0.6002746757015324,1,0.1672133028215773,-0.0807251251235112,,1.225248005525513,0.0,0.0,0.0,-15.0,0.0,0.0,1.0,0.0,0.0,0.0,0.0,0.0,0.0,1.0,0.6532787444558171,0
PAH_unique,VAR_002741,0,0.911011670678652,1,6.977346259163973,7.410317505221781,4.266542521248509,5.470445207928523,6.0,10.0,0.0002697154152055,-3.569094231345394,0.0,0.0,0.0,0.0,0.0,1.0,0.0,0.0,0.0,1.0,0.6028078427956474,0
PAH_unique,VAR_002857,0,0.974995061217782,1,10.003,11.316888905468124,,5.7265474646914925,5.0,20.0,0.0005822207503556,-3.2349123203592876,0.0,0.0,0.0,0.0,1.0,0.0,0.0,0.0,0.0,1.0,0.7355851245308769,0
PAH_unique,VAR_003023,0,0.5502669474935398,1,5.234923429959604,8.09705001404291,3.7885171031518863,5.747345889852437,6.0,26.0,0.0007219191107821,-3.1415114613064983,0.0,0.0,0.0,0.0,1.0,0.0,0.0,0.0,0.0,0.0,0.5971653588081428,0
PAH_unique,VAR_003072,0,0.7504427507269457,1,7.246566401148965,8.161001152268582,3.5828835480468992,5.607499290826166,6.0,10.0,6.201409184385557e-05,-4.20750961187168,0.0,0.0,0.0,0.0,1.0,0.0,0.0,0.0,0.0,0.0,0.5782034410488863,0
PAH_unique,VAR_003223,0,0.726911088308281,1,,,,,0.0,20.0,0.000272828595049,-3.5641101134085056,0.0,0.0,0.0,0.0,1.0,0.0,0.0,0.0,0.0,0.0,0.7331968611395429,0
PAH_unique,VAR_002548,0,0.635894960539545,1,4.234852407035935,7.8038190481208,,5.602488211156148,4.0,10.0,0.0026724240149992,-2.5730946342334065,0.0,0.0,0.0,0.0,0.0,0.0,0.0,0.0,0.0,1.0,0.7638320254748096,1
PAH_unique,VAR_002933,0,0.9256211503292264,1,4.614574964739036,11.927,2.915245932613871,5.683235662086569,5.0,10.0,0.0001028664751987,-3.98772614135084,0.0,0.0,0.0,0.0,0.0,0.0,0.0,0.0,0.0,1.0,0.8471653588081428,0
PAH_unique,VAR_003202,0,0.4908479302300481,1,3.1461252049392017,7.254035180741179,3.423444464274515,1.6701701767351906,5.0,20.0,0.0004941403484087,-3.3061496828920975,0.0,0.0,0.0,0.0,0.0,0.0,0.0,0.0,0.0,1.0,0.7082992152848857,0
PAH_unique,VAR_002978,0,0.8476361492371383,1,7.589192521496606,7.278234144362236,3.9102276544184567,5.687221407208348,6.0,0.0,0.0,-15.0,0.0,0.0,1.0,0.0,0.0,0.0,0.0,0.0,0.0,1.0,0.5489393300820841,0
PAH_unique,VAR_002554,0,0.7692582629851313,1,5.20133215685371,11.699616840445524,5.81,5.446313223181701,6.0,20.0,0.0007133541834245,-3.1466947875186375,0.0,0.0,0.0,0.0,0.0,0.0,0.0,0.0,0.0,0.0,0.7036657947609841,0
PAH_unique,VAR_002654,0,0.5097629024587027,1,-0.4743738720486586,-1.1218622813261248,,-7.611873654254002,-5.0,10.0,0.0021801762280543,-2.661508400074911,0.0,0.0,0.0,0.0,0.0,1.0,0.0,0.0,0.0,0.0,0.49457963262565896,0
PAH_unique,VAR_002966,0,0.8716571106651897,1,6.657045396738419,5.13333288326968,2.573316101327197,4.103377703164219,5.0,10.0,0.0001245122417636,-3.904787947608797,0.0,0.0,0.0,0.0,0.0,1.0,0.0,0.0,0.0,0.0,0.626951633604653,1
CFTR_unique,VAR_001934,0,0.7455828321288293,1,7.426630130249476,7.589198677330624,3.67522397857169,5.920897708919692,6.0,20.0,0.0128817281436851,-1.890025870445037,0.0,1.0,0.0,0.0,0.0,1.0,0.0,0.0,0.0,1.0,0.7082992152848857,0
