artifact_name,original_path,locked_copy_path,artifact_type,sha256_original,sha256_locked_copy,size_bytes,created_or_modified_time,required_for_inference,required_for_metric_verification,protected_do_not_modify,notes
final_model,C:\Users\qurba\OneDrive\Documents\Teknofest\artifacts\models\final_model.pkl,C:\Users\qurba\OneDrive\Documents\Teknofest\artifacts\final_locked\model\final_model.pkl,final model bundle,6d66d7ed89fcd05999f875a517452551d754a051427e7b1dc7f51bb5caeb07c5,6d66d7ed89fcd05999f875a517452551d754a051427e7b1dc7f51bb5caeb07c5,1217444,2026-06-24T16:33:46.649467+00:00,True,False,True,Selected protected LightGBM bundle.
final_model_columns,C:\Users\qurba\OneDrive\Documents\Teknofest\artifacts\models\final_model_columns.txt,C:\Users\qurba\OneDrive\Documents\Teknofest\artifacts\final_locked\model\final_model_columns.txt,feature schema,22066b5092026480e5e1c0c181480d7800c8c9ee41b47441ce0cfee5b17e6233,22066b5092026480e5e1c0c181480d7800c8c9ee41b47441ce0cfee5b17e6233,3495,2026-06-24T16:33:46.661554+00:00,True,True,True,Exact aligned model columns.
final_preprocessor,C:\Users\qurba\OneDrive\Documents\Teknofest\artifacts\preprocessors\final_preprocessor.pkl,C:\Users\qurba\OneDrive\Documents\Teknofest\artifacts\final_locked\preprocessing\final_preprocessor.pkl,preprocessing artifact,cdcb02282d73dde38c741593578a5f6bb8a9b1baf83b0c54ed74abdf86065336,cdcb02282d73dde38c741593578a5f6bb8a9b1baf83b0c54ed74abdf86065336,40787,2026-06-24T16:33:46.659537+00:00,True,False,True,Protected feature engineer.
final_threshold,C:\Users\qurba\OneDrive\Documents\Teknofest\artifacts\metrics\final_threshold.json,C:\Users\qurba\OneDrive\Documents\Teknofest\artifacts\final_locked\metadata\final_threshold.json,threshold metadata,d9637bffb9956af8b16aa12c87c775128b9e6c7524d27fa31a92fc8563bb9728,d9637bffb9956af8b16aa12c87c775128b9e6c7524d27fa31a92fc8563bb9728,250,2026-06-24T16:33:46.673379+00:00,True,True,True,Threshold must remain 0.471.
final_metrics,C:\Users\qurba\OneDrive\Documents\Teknofest\artifacts\metrics\final_metrics.json,C:\Users\qurba\OneDrive\Documents\Teknofest\artifacts\final_locked\metadata\final_metrics.json,reported metrics,df22a72de503d2d534945a5935856ce00d9cf5ff1cd59024ad0e188d23813724,df22a72de503d2d534945a5935856ce00d9cf5ff1cd59024ad0e188d23813724,1465,2026-06-24T16:33:46.677405+00:00,False,True,True,Source metrics for reverification.
final_decision_source,C:\Users\qurba\OneDrive\Documents\Teknofest\artifacts\metrics\final_model_decision.json,C:\Users\qurba\OneDrive\Documents\Teknofest\artifacts\final_locked\metadata\final_model_decision_source.json,selection decision,3897c0a08d7d97dcf34fe24cc17ea9da5e41712544529e13f12c0076084f790c,3897c0a08d7d97dcf34fe24cc17ea9da5e41712544529e13f12c0076084f790c,7382,2026-06-22T17:08:20.813568+00:00,True,True,True,Protected final selection decision.
final_feature_list,C:\Users\qurba\OneDrive\Documents\Teknofest\artifacts\metrics\final_feature_list.json,C:\Users\qurba\OneDrive\Documents\Teknofest\artifacts\final_locked\metadata\final_feature_list.json,feature schema,d831e5807cb1cffaf9cf3bca3cd9dae7e7182d1726d39137e2ee1c44b1277b2d,d831e5807cb1cffaf9cf3bca3cd9dae7e7182d1726d39137e2ee1c44b1277b2d,5696,2026-06-24T16:21:30.820682+00:00,True,True,True,Feature leakage audit input.
final_config,C:\Users\qurba\OneDrive\Documents\Teknofest\artifacts\metrics\final_config.json,C:\Users\qurba\OneDrive\Documents\Teknofest\artifacts\final_locked\metadata\final_config.json,model configuration,bdb340873c1bf9f7ca8552f8c0522d8d8f99c3ae253eb204117097e7b8971c9b,bdb340873c1bf9f7ca8552f8c0522d8d8f99c3ae253eb204117097e7b8971c9b,712,2026-06-24T16:33:46.679158+00:00,False,True,True,Selected model configuration.
master_oof_predictions,C:\Users\qurba\OneDrive\Documents\Teknofest\artifacts\predictions\final_master_cv_predictions.csv,C:\Users\qurba\OneDrive\Documents\Teknofest\artifacts\final_locked\predictions\final_master_cv_predictions.csv,MASTER OOF predictions,14224749162f7191561df8fbe8202eaad47b825690c58f1be98c686803d3a564,14224749162f7191561df8fbe8202eaad47b825690c58f1be98c686803d3a564,220660,2026-06-24T16:35:10.676053+00:00,False,True,True,Metric evidence.
panel_predictions,C:\Users\qurba\OneDrive\Documents\Teknofest\artifacts\predictions\final_panel_predictions.csv,C:\Users\qurba\OneDrive\Documents\Teknofest\artifacts\final_locked\predictions\final_panel_predictions.csv,panel-unique predictions,cb6b5b20a502190598990988231e03aea9e117ca615264282641c756efca86ed,cb6b5b20a502190598990988231e03aea9e117ca615264282641c756efca86ed,29330,2026-06-24T16:35:11.406923+00:00,False,True,True,Panel metric evidence.
selection_table,C:\Users\qurba\OneDrive\Documents\Teknofest\reports\tables\final_model_selection_table.csv,C:\Users\qurba\OneDrive\Documents\Teknofest\artifacts\final_locked\metadata\final_model_selection_table.csv,selection table,55f3168f74d49c213575c13ab458f35f8b1fc0b2b082c20f4c9402d8dec301bf,55f3168f74d49c213575c13ab458f35f8b1fc0b2b082c20f4c9402d8dec301bf,5985,2026-06-24T16:32:55.540464+00:00,False,True,True,Final selection evidence.
metric_audit,C:\Users\qurba\OneDrive\Documents\Teknofest\reports\tables\final_metric_verification_audit.csv,C:\Users\qurba\OneDrive\Documents\Teknofest\artifacts\final_locked\metadata\final_metric_verification_audit.csv,metric audit,c78537457449625506a50ec575e4ae0772950608c7ab3042027ce4b4d8efde96,c78537457449625506a50ec575e4ae0772950608c7ab3042027ce4b4d8efde96,596,2026-06-24T16:35:17.998290+00:00,False,True,True,Saved audit evidence.
panel_specific_metrics,C:\Users\qurba\OneDrive\Documents\Teknofest\reports\tables\final_panel_specific_metrics.csv,C:\Users\qurba\OneDrive\Documents\Teknofest\artifacts\final_locked\metadata\final_panel_specific_metrics.csv,panel metrics,06808e04ca179237bec32860f528a898c498b824d2cbd48502a4d9601d08b398,06808e04ca179237bec32860f528a898c498b824d2cbd48502a4d9601d08b398,1129,2026-06-24T16:35:28.610019+00:00,False,True,True,CFTR/KANSER/PAH evidence.
medical_metric_comparison,C:\Users\qurba\OneDrive\Documents\Teknofest\reports\tables\final_medical_metric_comparison.csv,C:\Users\qurba\OneDrive\Documents\Teknofest\artifacts\final_locked\metadata\final_medical_metric_comparison.csv,medical metrics,c1dad88b00100aad2feaad95d09918196b8ee46364dec0d281071fcd686e8147,c1dad88b00100aad2feaad95d09918196b8ee46364dec0d281071fcd686e8147,3170,2026-06-22T17:07:24.723537+00:00,False,True,True,Final clinical-metric comparison.
metric_audit_report,C:\Users\qurba\OneDrive\Documents\Teknofest\reports\final_metric_verification_audit.md,C:\Users\qurba\OneDrive\Documents\Teknofest\artifacts\final_locked\metadata\final_metric_verification_audit.md,evidence report,605b4deee2741e91bb7855935238ef0d259df99beecebc70e08aaf3640846dd6,605b4deee2741e91bb7855935238ef0d259df99beecebc70e08aaf3640846dd6,1453,2026-06-24T16:35:18.024356+00:00,False,True,True,Human-readable audit.
inference_source,C:\Users\qurba\OneDrive\Documents\Teknofest\src\final_inference.py,C:\Users\qurba\OneDrive\Documents\Teknofest\artifacts\final_locked\metadata\final_inference_source.py,inference source,20f189914fe26a4c825fd491928178939991bdd3c905f52c5bb3e864b371171f,20f189914fe26a4c825fd491928178939991bdd3c905f52c5bb3e864b371171f,7942,2026-06-24T15:33:31.673016+00:00,True,False,True,Source implementation used by locked wrapper.
requirements,C:\Users\qurba\OneDrive\Documents\Teknofest\requirements.txt,C:\Users\qurba\OneDrive\Documents\Teknofest\artifacts\final_locked\metadata\requirements.txt,environment,f43493454def38e4532f5f30f38c000a8a646bb0c7bf12dbfa0feca86de2edd1,f43493454def38e4532f5f30f38c000a8a646bb0c7bf12dbfa0feca86de2edd1,284,2026-06-16T18:54:58.597701+00:00,True,False,True,Pinned environment dependencies.
locked_inference_script,C:\Users\qurba\OneDrive\Documents\Teknofest\scripts\generate_final_predictions.py,C:\Users\qurba\OneDrive\Documents\Teknofest\artifacts\final_locked\metadata\generate_final_predictions.py,inference CLI,21f6e9e33628888f13a548960e764651ed5c90dcbeb2ffa4373973a49dbc4136,21f6e9e33628888f13a548960e764651ed5c90dcbeb2ffa4373973a49dbc4136,1978,2026-06-24T18:10:20.013702+00:00,True,False,True,Locked inference entry point.
